{
	"credit": "Made with Blockbench",
	"texture_size": [32, 32],
	"textures": {
		"0": "hats/bald",
		"particle": "hats/bald"
	},
	"elements": [
		{
			"from": [1, 4, 1],
			"to": [15, 8, 15],
			"faces": {
				"north": {"uv": [4, 0, 8, 2], "texture": "#0"},
				"east": {"uv": [4, 2, 8, 4], "texture": "#0"},
				"south": {"uv": [4, 4, 8, 6], "texture": "#0"},
				"west": {"uv": [4, 6, 8, 8], "texture": "#0"},
				"up": {"uv": [4, 4, 0, 0], "texture": "#0"},
				"down": {"uv": [4, 4, 0, 8], "texture": "#0"}
			}
		},
		{
			"from": [1, 2, 5],
			"to": [8, 3, 15],
			"faces": {
				"north": {"uv": [8.5, 7, 9, 7.5], "texture": "#0"},
				"east": {"uv": [8.5, 3, 10.5, 3.5], "texture": "#0"},
				"south": {"uv": [8.5, 7.5, 9, 8], "texture": "#0"},
				"west": {"uv": [3.5, 8.5, 5.5, 9], "texture": "#0"},
				"up": {"uv": [7, 10, 6.5, 8], "texture": "#0"},
				"down": {"uv": [7.5, 8, 7, 10], "texture": "#0"}
			}
		},
		{
			"from": [8, 3, 4],
			"to": [15, 4, 15],
			"faces": {
				"north": {"uv": [8, 8.5, 8.5, 9], "texture": "#0"},
				"east": {"uv": [8, 2, 10.5, 2.5], "texture": "#0"},
				"south": {"uv": [8.5, 8, 9, 8.5], "texture": "#0"},
				"west": {"uv": [8, 2.5, 10.5, 3], "texture": "#0"},
				"up": {"uv": [3.5, 10.5, 3, 8], "texture": "#0"},
				"down": {"uv": [8.5, 3, 8, 5.5], "texture": "#0"}
			}
		},
		{
			"from": [8, 2, 5],
			"to": [15, 3, 15],
			"faces": {
				"north": {"uv": [8.5, 8.5, 9, 9], "texture": "#0"},
				"east": {"uv": [8.5, 3.5, 10.5, 4], "texture": "#0"},
				"south": {"uv": [0, 9, 0.5, 9.5], "texture": "#0"},
				"west": {"uv": [8.5, 4, 10.5, 4.5], "texture": "#0"},
				"up": {"uv": [8, 10, 7.5, 8], "texture": "#0"},
				"down": {"uv": [6, 8.5, 5.5, 10.5], "texture": "#0"}
			}
		},
		{
			"from": [2, 2, 8],
			"to": [14, 4, 15],
			"faces": {
				"north": {"uv": [0, 8, 3, 9], "texture": "#0"},
				"east": {"uv": [8.5, 4.5, 9, 5.5], "texture": "#0"},
				"south": {"uv": [8, 0, 11, 1], "texture": "#0"},
				"west": {"uv": [8.5, 6, 9, 7], "texture": "#0"},
				"up": {"uv": [11, 1.5, 8, 1], "texture": "#0"},
				"down": {"uv": [11, 1.5, 8, 2], "texture": "#0"}
			}
		},
		{
			"from": [1, 3, 4],
			"to": [8, 4, 15],
			"faces": {
				"north": {"uv": [0.5, 9, 1, 9.5], "texture": "#0"},
				"east": {"uv": [3.5, 8, 6, 8.5], "texture": "#0"},
				"south": {"uv": [1, 9, 1.5, 9.5], "texture": "#0"},
				"west": {"uv": [8, 5.5, 10.5, 6], "texture": "#0"},
				"up": {"uv": [6.5, 10.5, 6, 8], "texture": "#0"},
				"down": {"uv": [8.5, 6, 8, 8.5], "texture": "#0"}
			}
		}
	],
	"display": {
		"thirdperson_righthand": {
			"translation": [0, 0.5, 0.5],
			"scale": [0.5, 0.5, 0.5]
		},
		"thirdperson_lefthand": {
			"translation": [0, 0.5, 0.5],
			"scale": [0.5, 0.5, 0.5]
		},
		"firstperson_righthand": {
			"translation": [0, 4, 0]
		},
		"firstperson_lefthand": {
			"translation": [0, 4, 0]
		},
		"ground": {
			"translation": [0, 4.25, 0]
		},
		"gui": {
			"rotation": [90, 0, 0]
		},
		"head": {
			"translation": [0, 7.25, 0],
			"scale": [0.94531, 1, 0.92578]
		},
		"fixed": {
			"rotation": [-90, 0, 0],
			"translation": [0, 0, -6.75]
		}
	}
}