{
	"credit": "Made with Blockbench",
	"textures": {
		"0": "hattextures/ben",
		"particle": "hattextures/ben"
	},
	"elements": [
		{
			"name": "ben_0",
			"from": [2.048, 12.56, 8],
			"to": [13.344, 12.88, 9.032],
			"faces": {
				"north": {"uv": [2.048, 1.44, 13.344, 1.12], "rotation": 180, "texture": "#0"},
				"east": {"uv": [13.312, 1.12, 13.344, 1.44], "texture": "#0"},
				"south": {"uv": [2.048, 1.12, 13.344, 1.44], "texture": "#0"},
				"west": {"uv": [2.048, 1.12, 2.08, 1.44], "texture": "#0"},
				"up": {"uv": [13.344, 1.12, 2.048, 1.152], "rotation": 180, "texture": "#0"},
				"down": {"uv": [2.048, 1.408, 13.344, 1.44], "texture": "#0"}
			}
		},
		{
			"name": "ben_1",
			"from": [2.08, 11.472, 8],
			"to": [13.344, 12.56, 9.032],
			"faces": {
				"north": {"uv": [2.08, 2.528, 13.344, 1.44], "rotation": 180, "texture": "#0"},
				"east": {"uv": [13.312, 1.44, 13.344, 2.528], "texture": "#0"},
				"south": {"uv": [2.08, 1.44, 13.344, 2.528], "texture": "#0"},
				"west": {"uv": [2.08, 1.44, 2.112, 2.528], "texture": "#0"},
				"up": {"uv": [13.344, 1.44, 2.08, 1.472], "rotation": 180, "texture": "#0"},
				"down": {"uv": [2.08, 2.496, 13.344, 2.528], "texture": "#0"}
			}
		},
		{
			"name": "ben_2",
			"from": [2.048, 12.112, 8],
			"to": [2.08, 12.208, 9.032],
			"faces": {
				"north": {"uv": [2.048, 1.888, 2.08, 1.792], "rotation": 180, "texture": "#0"},
				"east": {"uv": [2.048, 1.792, 2.08, 1.888], "texture": "#0"},
				"south": {"uv": [2.048, 1.792, 2.08, 1.888], "texture": "#0"},
				"west": {"uv": [2.048, 1.792, 2.08, 1.888], "texture": "#0"},
				"up": {"uv": [2.08, 1.792, 2.048, 1.824], "rotation": 180, "texture": "#0"},
				"down": {"uv": [2.048, 1.856, 2.08, 1.888], "texture": "#0"}
			}
		},
		{
			"name": "ben_3",
			"from": [2.048, 11.952, 8],
			"to": [2.08, 12.048, 9.032],
			"faces": {
				"north": {"uv": [2.048, 2.048, 2.08, 1.952], "rotation": 180, "texture": "#0"},
				"east": {"uv": [2.048, 1.952, 2.08, 2.048], "texture": "#0"},
				"south": {"uv": [2.048, 1.952, 2.08, 2.048], "texture": "#0"},
				"west": {"uv": [2.048, 1.952, 2.08, 2.048], "texture": "#0"},
				"up": {"uv": [2.08, 1.952, 2.048, 1.984], "rotation": 180, "texture": "#0"},
				"down": {"uv": [2.048, 2.016, 2.08, 2.048], "texture": "#0"}
			}
		},
		{
			"name": "ben_4",
			"from": [2.112, 9.424, 8],
			"to": [13.344, 11.472, 9.032],
			"faces": {
				"north": {"uv": [2.112, 4.576, 13.344, 2.528], "rotation": 180, "texture": "#0"},
				"east": {"uv": [13.312, 2.528, 13.344, 4.576], "texture": "#0"},
				"south": {"uv": [2.112, 2.528, 13.344, 4.576], "texture": "#0"},
				"west": {"uv": [2.112, 2.528, 2.144, 4.576], "texture": "#0"},
				"up": {"uv": [13.344, 2.528, 2.112, 2.56], "rotation": 180, "texture": "#0"},
				"down": {"uv": [2.112, 4.544, 13.344, 4.576], "texture": "#0"}
			}
		},
		{
			"name": "ben_5",
			"from": [2.08, 9.456, 8],
			"to": [2.112, 10.704, 9.032],
			"faces": {
				"north": {"uv": [2.08, 4.544, 2.112, 3.296], "rotation": 180, "texture": "#0"},
				"east": {"uv": [2.08, 3.296, 2.112, 4.544], "texture": "#0"},
				"south": {"uv": [2.08, 3.296, 2.112, 4.544], "texture": "#0"},
				"west": {"uv": [2.08, 3.296, 2.112, 4.544], "texture": "#0"},
				"up": {"uv": [2.112, 3.296, 2.08, 3.328], "rotation": 180, "texture": "#0"},
				"down": {"uv": [2.08, 4.512, 2.112, 4.544], "texture": "#0"}
			}
		},
		{
			"name": "ben_6",
			"from": [2.048, 9.712, 8],
			"to": [2.08, 10.032, 9.032],
			"faces": {
				"north": {"uv": [2.048, 4.288, 2.08, 3.968], "rotation": 180, "texture": "#0"},
				"east": {"uv": [2.048, 3.968, 2.08, 4.288], "texture": "#0"},
				"south": {"uv": [2.048, 3.968, 2.08, 4.288], "texture": "#0"},
				"west": {"uv": [2.048, 3.968, 2.08, 4.288], "texture": "#0"},
				"up": {"uv": [2.08, 3.968, 2.048, 4], "rotation": 180, "texture": "#0"},
				"down": {"uv": [2.048, 4.256, 2.08, 4.288], "texture": "#0"}
			}
		},
		{
			"name": "ben_7",
			"from": [2.048, 9.456, 8],
			"to": [2.08, 9.648, 9.032],
			"faces": {
				"north": {"uv": [2.048, 4.544, 2.08, 4.352], "rotation": 180, "texture": "#0"},
				"east": {"uv": [2.048, 4.352, 2.08, 4.544], "texture": "#0"},
				"south": {"uv": [2.048, 4.352, 2.08, 4.544], "texture": "#0"},
				"west": {"uv": [2.048, 4.352, 2.08, 4.544], "texture": "#0"},
				"up": {"uv": [2.08, 4.352, 2.048, 4.384], "rotation": 180, "texture": "#0"},
				"down": {"uv": [2.048, 4.512, 2.08, 4.544], "texture": "#0"}
			}
		},
		{
			"name": "ben_8",
			"from": [2.144, 8.112, 8],
			"to": [13.344, 9.424, 9.032],
			"faces": {
				"north": {"uv": [2.144, 5.888, 13.344, 4.576], "rotation": 180, "texture": "#0"},
				"east": {"uv": [13.312, 4.576, 13.344, 5.888], "texture": "#0"},
				"south": {"uv": [2.144, 4.576, 13.344, 5.888], "texture": "#0"},
				"west": {"uv": [2.144, 4.576, 2.176, 5.888], "texture": "#0"},
				"up": {"uv": [13.344, 4.576, 2.144, 4.608], "rotation": 180, "texture": "#0"},
				"down": {"uv": [2.144, 5.856, 13.344, 5.888], "texture": "#0"}
			}
		},
		{
			"name": "ben_9",
			"from": [2.112, 9.264, 8],
			"to": [2.144, 9.36, 9.032],
			"faces": {
				"north": {"uv": [2.112, 4.736, 2.144, 4.64], "rotation": 180, "texture": "#0"},
				"east": {"uv": [2.112, 4.64, 2.144, 4.736], "texture": "#0"},
				"south": {"uv": [2.112, 4.64, 2.144, 4.736], "texture": "#0"},
				"west": {"uv": [2.112, 4.64, 2.144, 4.736], "texture": "#0"},
				"up": {"uv": [2.144, 4.64, 2.112, 4.672], "rotation": 180, "texture": "#0"},
				"down": {"uv": [2.112, 4.704, 2.144, 4.736], "texture": "#0"}
			}
		},
		{
			"name": "ben_10",
			"from": [2.112, 8.24, 8],
			"to": [2.144, 9.168, 9.032],
			"faces": {
				"north": {"uv": [2.112, 5.76, 2.144, 4.832], "rotation": 180, "texture": "#0"},
				"east": {"uv": [2.112, 4.832, 2.144, 5.76], "texture": "#0"},
				"south": {"uv": [2.112, 4.832, 2.144, 5.76], "texture": "#0"},
				"west": {"uv": [2.112, 4.832, 2.144, 5.76], "texture": "#0"},
				"up": {"uv": [2.144, 4.832, 2.112, 4.864], "rotation": 180, "texture": "#0"},
				"down": {"uv": [2.112, 5.728, 2.144, 5.76], "texture": "#0"}
			}
		},
		{
			"name": "ben_11",
			"from": [2.08, 9.04, 8],
			"to": [2.112, 9.072, 9.032],
			"faces": {
				"north": {"uv": [2.08, 4.96, 2.112, 4.928], "rotation": 180, "texture": "#0"},
				"east": {"uv": [2.08, 4.928, 2.112, 4.96], "texture": "#0"},
				"south": {"uv": [2.08, 4.928, 2.112, 4.96], "texture": "#0"},
				"west": {"uv": [2.08, 4.928, 2.112, 4.96], "texture": "#0"},
				"up": {"uv": [2.112, 4.928, 2.08, 4.96], "rotation": 180, "texture": "#0"},
				"down": {"uv": [2.08, 4.928, 2.112, 4.96], "texture": "#0"}
			}
		},
		{
			"name": "ben_12",
			"from": [2.08, 8.88, 8],
			"to": [2.112, 9.008, 9.032],
			"faces": {
				"north": {"uv": [2.08, 5.12, 2.112, 4.992], "rotation": 180, "texture": "#0"},
				"east": {"uv": [2.08, 4.992, 2.112, 5.12], "texture": "#0"},
				"south": {"uv": [2.08, 4.992, 2.112, 5.12], "texture": "#0"},
				"west": {"uv": [2.08, 4.992, 2.112, 5.12], "texture": "#0"},
				"up": {"uv": [2.112, 4.992, 2.08, 5.024], "rotation": 180, "texture": "#0"},
				"down": {"uv": [2.08, 5.088, 2.112, 5.12], "texture": "#0"}
			}
		},
		{
			"name": "ben_13",
			"from": [2.08, 8.336, 8],
			"to": [2.112, 8.752, 9.032],
			"faces": {
				"north": {"uv": [2.08, 5.664, 2.112, 5.248], "rotation": 180, "texture": "#0"},
				"east": {"uv": [2.08, 5.248, 2.112, 5.664], "texture": "#0"},
				"south": {"uv": [2.08, 5.248, 2.112, 5.664], "texture": "#0"},
				"west": {"uv": [2.08, 5.248, 2.112, 5.664], "texture": "#0"},
				"up": {"uv": [2.112, 5.248, 2.08, 5.28], "rotation": 180, "texture": "#0"},
				"down": {"uv": [2.08, 5.632, 2.112, 5.664], "texture": "#0"}
			}
		},
		{
			"name": "ben_14",
			"from": [2.176, 8.016, 8],
			"to": [13.344, 8.112, 9.032],
			"faces": {
				"north": {"uv": [2.176, 5.984, 13.344, 5.888], "rotation": 180, "texture": "#0"},
				"east": {"uv": [13.312, 5.888, 13.344, 5.984], "texture": "#0"},
				"south": {"uv": [2.176, 5.888, 13.344, 5.984], "texture": "#0"},
				"west": {"uv": [2.176, 5.888, 2.208, 5.984], "texture": "#0"},
				"up": {"uv": [13.344, 5.888, 2.176, 5.92], "rotation": 180, "texture": "#0"},
				"down": {"uv": [2.176, 5.952, 13.344, 5.984], "texture": "#0"}
			}
		},
		{
			"name": "ben_15",
			"from": [2.208, 7.952, 8],
			"to": [13.344, 8.016, 9.032],
			"faces": {
				"north": {"uv": [2.208, 6.048, 13.344, 5.984], "rotation": 180, "texture": "#0"},
				"east": {"uv": [13.312, 5.984, 13.344, 6.048], "texture": "#0"},
				"south": {"uv": [2.208, 5.984, 13.344, 6.048], "texture": "#0"},
				"west": {"uv": [2.208, 5.984, 2.24, 6.048], "texture": "#0"},
				"up": {"uv": [13.344, 5.984, 2.208, 6.016], "rotation": 180, "texture": "#0"},
				"down": {"uv": [2.208, 6.016, 13.344, 6.048], "texture": "#0"}
			}
		},
		{
			"name": "ben_16",
			"from": [2.24, 7.856, 8],
			"to": [13.344, 7.952, 9.032],
			"faces": {
				"north": {"uv": [2.24, 6.144, 13.344, 6.048], "rotation": 180, "texture": "#0"},
				"east": {"uv": [13.312, 6.048, 13.344, 6.144], "texture": "#0"},
				"south": {"uv": [2.24, 6.048, 13.344, 6.144], "texture": "#0"},
				"west": {"uv": [2.24, 6.048, 2.272, 6.144], "texture": "#0"},
				"up": {"uv": [13.344, 6.048, 2.24, 6.08], "rotation": 180, "texture": "#0"},
				"down": {"uv": [2.24, 6.112, 13.344, 6.144], "texture": "#0"}
			}
		},
		{
			"name": "ben_17",
			"from": [2.272, 7.76, 8],
			"to": [13.344, 7.856, 9.032],
			"faces": {
				"north": {"uv": [2.272, 6.24, 13.344, 6.144], "rotation": 180, "texture": "#0"},
				"east": {"uv": [13.312, 6.144, 13.344, 6.24], "texture": "#0"},
				"south": {"uv": [2.272, 6.144, 13.344, 6.24], "texture": "#0"},
				"west": {"uv": [2.272, 6.144, 2.304, 6.24], "texture": "#0"},
				"up": {"uv": [13.344, 6.144, 2.272, 6.176], "rotation": 180, "texture": "#0"},
				"down": {"uv": [2.272, 6.208, 13.344, 6.24], "texture": "#0"}
			}
		},
		{
			"name": "ben_18",
			"from": [2.304, 7.664, 8],
			"to": [13.344, 7.76, 9.032],
			"faces": {
				"north": {"uv": [2.304, 6.336, 13.344, 6.24], "rotation": 180, "texture": "#0"},
				"east": {"uv": [13.312, 6.24, 13.344, 6.336], "texture": "#0"},
				"south": {"uv": [2.304, 6.24, 13.344, 6.336], "texture": "#0"},
				"west": {"uv": [2.304, 6.24, 2.336, 6.336], "texture": "#0"},
				"up": {"uv": [13.344, 6.24, 2.304, 6.272], "rotation": 180, "texture": "#0"},
				"down": {"uv": [2.304, 6.304, 13.344, 6.336], "texture": "#0"}
			}
		},
		{
			"name": "ben_19",
			"from": [2.336, 7.568, 8],
			"to": [13.344, 7.664, 9.032],
			"faces": {
				"north": {"uv": [2.336, 6.432, 13.344, 6.336], "rotation": 180, "texture": "#0"},
				"east": {"uv": [13.312, 6.336, 13.344, 6.432], "texture": "#0"},
				"south": {"uv": [2.336, 6.336, 13.344, 6.432], "texture": "#0"},
				"west": {"uv": [2.336, 6.336, 2.368, 6.432], "texture": "#0"},
				"up": {"uv": [13.344, 6.336, 2.336, 6.368], "rotation": 180, "texture": "#0"},
				"down": {"uv": [2.336, 6.4, 13.344, 6.432], "texture": "#0"}
			}
		},
		{
			"name": "ben_20",
			"from": [2.368, 7.472, 8],
			"to": [13.344, 7.568, 9.032],
			"faces": {
				"north": {"uv": [2.368, 6.528, 13.344, 6.432], "rotation": 180, "texture": "#0"},
				"east": {"uv": [13.312, 6.432, 13.344, 6.528], "texture": "#0"},
				"south": {"uv": [2.368, 6.432, 13.344, 6.528], "texture": "#0"},
				"west": {"uv": [2.368, 6.432, 2.4, 6.528], "texture": "#0"},
				"up": {"uv": [13.344, 6.432, 2.368, 6.464], "rotation": 180, "texture": "#0"},
				"down": {"uv": [2.368, 6.496, 13.344, 6.528], "texture": "#0"}
			}
		},
		{
			"name": "ben_21",
			"from": [2.4, 7.408, 8],
			"to": [13.344, 7.472, 9.032],
			"faces": {
				"north": {"uv": [2.4, 6.592, 13.344, 6.528], "rotation": 180, "texture": "#0"},
				"east": {"uv": [13.312, 6.528, 13.344, 6.592], "texture": "#0"},
				"south": {"uv": [2.4, 6.528, 13.344, 6.592], "texture": "#0"},
				"west": {"uv": [2.4, 6.528, 2.432, 6.592], "texture": "#0"},
				"up": {"uv": [13.344, 6.528, 2.4, 6.56], "rotation": 180, "texture": "#0"},
				"down": {"uv": [2.4, 6.56, 13.344, 6.592], "texture": "#0"}
			}
		},
		{
			"name": "ben_22",
			"from": [2.432, 7.312, 8],
			"to": [13.344, 7.408, 9.032],
			"faces": {
				"north": {"uv": [2.432, 6.688, 13.344, 6.592], "rotation": 180, "texture": "#0"},
				"east": {"uv": [13.312, 6.592, 13.344, 6.688], "texture": "#0"},
				"south": {"uv": [2.432, 6.592, 13.344, 6.688], "texture": "#0"},
				"west": {"uv": [2.432, 6.592, 2.464, 6.688], "texture": "#0"},
				"up": {"uv": [13.344, 6.592, 2.432, 6.624], "rotation": 180, "texture": "#0"},
				"down": {"uv": [2.432, 6.656, 13.344, 6.688], "texture": "#0"}
			}
		},
		{
			"name": "ben_23",
			"from": [2.464, 7.248, 8],
			"to": [13.344, 7.312, 9.032],
			"faces": {
				"north": {"uv": [2.464, 6.752, 13.344, 6.688], "rotation": 180, "texture": "#0"},
				"east": {"uv": [13.312, 6.688, 13.344, 6.752], "texture": "#0"},
				"south": {"uv": [2.464, 6.688, 13.344, 6.752], "texture": "#0"},
				"west": {"uv": [2.464, 6.688, 2.496, 6.752], "texture": "#0"},
				"up": {"uv": [13.344, 6.688, 2.464, 6.72], "rotation": 180, "texture": "#0"},
				"down": {"uv": [2.464, 6.72, 13.344, 6.752], "texture": "#0"}
			}
		},
		{
			"name": "ben_24",
			"from": [2.496, 7.152, 8],
			"to": [13.344, 7.248, 9.032],
			"faces": {
				"north": {"uv": [2.496, 6.848, 13.344, 6.752], "rotation": 180, "texture": "#0"},
				"east": {"uv": [13.312, 6.752, 13.344, 6.848], "texture": "#0"},
				"south": {"uv": [2.496, 6.752, 13.344, 6.848], "texture": "#0"},
				"west": {"uv": [2.496, 6.752, 2.528, 6.848], "texture": "#0"},
				"up": {"uv": [13.344, 6.752, 2.496, 6.784], "rotation": 180, "texture": "#0"},
				"down": {"uv": [2.496, 6.816, 13.344, 6.848], "texture": "#0"}
			}
		},
		{
			"name": "ben_25",
			"from": [2.528, 7.088, 8],
			"to": [13.344, 7.152, 9.032],
			"faces": {
				"north": {"uv": [2.528, 6.912, 13.344, 6.848], "rotation": 180, "texture": "#0"},
				"east": {"uv": [13.312, 6.848, 13.344, 6.912], "texture": "#0"},
				"south": {"uv": [2.528, 6.848, 13.344, 6.912], "texture": "#0"},
				"west": {"uv": [2.528, 6.848, 2.56, 6.912], "texture": "#0"},
				"up": {"uv": [13.344, 6.848, 2.528, 6.88], "rotation": 180, "texture": "#0"},
				"down": {"uv": [2.528, 6.88, 13.344, 6.912], "texture": "#0"}
			}
		},
		{
			"name": "ben_26",
			"from": [2.56, 6.992, 8],
			"to": [13.344, 7.088, 9.032],
			"faces": {
				"north": {"uv": [2.56, 7.008, 13.344, 6.912], "rotation": 180, "texture": "#0"},
				"east": {"uv": [13.312, 6.912, 13.344, 7.008], "texture": "#0"},
				"south": {"uv": [2.56, 6.912, 13.344, 7.008], "texture": "#0"},
				"west": {"uv": [2.56, 6.912, 2.592, 7.008], "texture": "#0"},
				"up": {"uv": [13.344, 6.912, 2.56, 6.944], "rotation": 180, "texture": "#0"},
				"down": {"uv": [2.56, 6.976, 13.344, 7.008], "texture": "#0"}
			}
		},
		{
			"name": "ben_27",
			"from": [2.592, 6.928, 8],
			"to": [13.344, 6.992, 9.032],
			"faces": {
				"north": {"uv": [2.592, 7.072, 13.344, 7.008], "rotation": 180, "texture": "#0"},
				"east": {"uv": [13.312, 7.008, 13.344, 7.072], "texture": "#0"},
				"south": {"uv": [2.592, 7.008, 13.344, 7.072], "texture": "#0"},
				"west": {"uv": [2.592, 7.008, 2.624, 7.072], "texture": "#0"},
				"up": {"uv": [13.344, 7.008, 2.592, 7.04], "rotation": 180, "texture": "#0"},
				"down": {"uv": [2.592, 7.04, 13.344, 7.072], "texture": "#0"}
			}
		},
		{
			"name": "ben_28",
			"from": [2.624, 6.832, 8],
			"to": [13.344, 6.928, 9.032],
			"faces": {
				"north": {"uv": [2.624, 7.168, 13.344, 7.072], "rotation": 180, "texture": "#0"},
				"east": {"uv": [13.312, 7.072, 13.344, 7.168], "texture": "#0"},
				"south": {"uv": [2.624, 7.072, 13.344, 7.168], "texture": "#0"},
				"west": {"uv": [2.624, 7.072, 2.656, 7.168], "texture": "#0"},
				"up": {"uv": [13.344, 7.072, 2.624, 7.104], "rotation": 180, "texture": "#0"},
				"down": {"uv": [2.624, 7.136, 13.344, 7.168], "texture": "#0"}
			}
		},
		{
			"name": "ben_29",
			"from": [2.656, 6.768, 8],
			"to": [13.344, 6.832, 9.032],
			"faces": {
				"north": {"uv": [2.656, 7.232, 13.344, 7.168], "rotation": 180, "texture": "#0"},
				"east": {"uv": [13.312, 7.168, 13.344, 7.232], "texture": "#0"},
				"south": {"uv": [2.656, 7.168, 13.344, 7.232], "texture": "#0"},
				"west": {"uv": [2.656, 7.168, 2.688, 7.232], "texture": "#0"},
				"up": {"uv": [13.344, 7.168, 2.656, 7.2], "rotation": 180, "texture": "#0"},
				"down": {"uv": [2.656, 7.2, 13.344, 7.232], "texture": "#0"}
			}
		},
		{
			"name": "ben_30",
			"from": [2.688, 6.672, 8],
			"to": [13.344, 6.768, 9.032],
			"faces": {
				"north": {"uv": [2.688, 7.328, 13.344, 7.232], "rotation": 180, "texture": "#0"},
				"east": {"uv": [13.312, 7.232, 13.344, 7.328], "texture": "#0"},
				"south": {"uv": [2.688, 7.232, 13.344, 7.328], "texture": "#0"},
				"west": {"uv": [2.688, 7.232, 2.72, 7.328], "texture": "#0"},
				"up": {"uv": [13.344, 7.232, 2.688, 7.264], "rotation": 180, "texture": "#0"},
				"down": {"uv": [2.688, 7.296, 13.344, 7.328], "texture": "#0"}
			}
		},
		{
			"name": "ben_31",
			"from": [2.72, 6.544, 8],
			"to": [13.344, 6.672, 9.032],
			"faces": {
				"north": {"uv": [2.72, 7.456, 13.344, 7.328], "rotation": 180, "texture": "#0"},
				"east": {"uv": [13.312, 7.328, 13.344, 7.456], "texture": "#0"},
				"south": {"uv": [2.72, 7.328, 13.344, 7.456], "texture": "#0"},
				"west": {"uv": [2.72, 7.328, 2.752, 7.456], "texture": "#0"},
				"up": {"uv": [13.344, 7.328, 2.72, 7.36], "rotation": 180, "texture": "#0"},
				"down": {"uv": [2.72, 7.424, 13.344, 7.456], "texture": "#0"}
			}
		},
		{
			"name": "ben_32",
			"from": [2.752, 6.448, 8],
			"to": [13.344, 6.544, 9.032],
			"faces": {
				"north": {"uv": [2.752, 7.552, 13.344, 7.456], "rotation": 180, "texture": "#0"},
				"east": {"uv": [13.312, 7.456, 13.344, 7.552], "texture": "#0"},
				"south": {"uv": [2.752, 7.456, 13.344, 7.552], "texture": "#0"},
				"west": {"uv": [2.752, 7.456, 2.784, 7.552], "texture": "#0"},
				"up": {"uv": [13.344, 7.456, 2.752, 7.488], "rotation": 180, "texture": "#0"},
				"down": {"uv": [2.752, 7.52, 13.344, 7.552], "texture": "#0"}
			}
		},
		{
			"name": "ben_33",
			"from": [2.784, 6.32, 8],
			"to": [13.344, 6.448, 9.032],
			"faces": {
				"north": {"uv": [2.784, 7.68, 13.344, 7.552], "rotation": 180, "texture": "#0"},
				"east": {"uv": [13.312, 7.552, 13.344, 7.68], "texture": "#0"},
				"south": {"uv": [2.784, 7.552, 13.344, 7.68], "texture": "#0"},
				"west": {"uv": [2.784, 7.552, 2.816, 7.68], "texture": "#0"},
				"up": {"uv": [13.344, 7.552, 2.784, 7.584], "rotation": 180, "texture": "#0"},
				"down": {"uv": [2.784, 7.648, 13.344, 7.68], "texture": "#0"}
			}
		},
		{
			"name": "ben_34",
			"from": [2.816, 6.192, 8],
			"to": [13.344, 6.32, 9.032],
			"faces": {
				"north": {"uv": [2.816, 7.808, 13.344, 7.68], "rotation": 180, "texture": "#0"},
				"east": {"uv": [13.312, 7.68, 13.344, 7.808], "texture": "#0"},
				"south": {"uv": [2.816, 7.68, 13.344, 7.808], "texture": "#0"},
				"west": {"uv": [2.816, 7.68, 2.848, 7.808], "texture": "#0"},
				"up": {"uv": [13.344, 7.68, 2.816, 7.712], "rotation": 180, "texture": "#0"},
				"down": {"uv": [2.816, 7.776, 13.344, 7.808], "texture": "#0"}
			}
		},
		{
			"name": "ben_35",
			"from": [2.848, 6.096, 8],
			"to": [13.344, 6.192, 9.032],
			"faces": {
				"north": {"uv": [2.848, 7.904, 13.344, 7.808], "rotation": 180, "texture": "#0"},
				"east": {"uv": [13.312, 7.808, 13.344, 7.904], "texture": "#0"},
				"south": {"uv": [2.848, 7.808, 13.344, 7.904], "texture": "#0"},
				"west": {"uv": [2.848, 7.808, 2.88, 7.904], "texture": "#0"},
				"up": {"uv": [13.344, 7.808, 2.848, 7.84], "rotation": 180, "texture": "#0"},
				"down": {"uv": [2.848, 7.872, 13.344, 7.904], "texture": "#0"}
			}
		},
		{
			"name": "ben_36",
			"from": [2.88, 6, 8],
			"to": [13.344, 6.096, 9.032],
			"faces": {
				"north": {"uv": [2.88, 8, 13.344, 7.904], "rotation": 180, "texture": "#0"},
				"east": {"uv": [13.312, 7.904, 13.344, 8], "texture": "#0"},
				"south": {"uv": [2.88, 7.904, 13.344, 8], "texture": "#0"},
				"west": {"uv": [2.88, 7.904, 2.912, 8], "texture": "#0"},
				"up": {"uv": [13.344, 7.904, 2.88, 7.936], "rotation": 180, "texture": "#0"},
				"down": {"uv": [2.88, 7.968, 13.344, 8], "texture": "#0"}
			}
		},
		{
			"name": "ben_37",
			"from": [2.912, 5.872, 8],
			"to": [13.344, 6, 9.032],
			"faces": {
				"north": {"uv": [2.912, 8.128, 13.344, 8], "rotation": 180, "texture": "#0"},
				"east": {"uv": [13.312, 8, 13.344, 8.128], "texture": "#0"},
				"south": {"uv": [2.912, 8, 13.344, 8.128], "texture": "#0"},
				"west": {"uv": [2.912, 8, 2.944, 8.128], "texture": "#0"},
				"up": {"uv": [13.344, 8, 2.912, 8.032], "rotation": 180, "texture": "#0"},
				"down": {"uv": [2.912, 8.096, 13.344, 8.128], "texture": "#0"}
			}
		},
		{
			"name": "ben_38",
			"from": [2.944, 5.776, 8],
			"to": [13.344, 5.872, 9.032],
			"faces": {
				"north": {"uv": [2.944, 8.224, 13.344, 8.128], "rotation": 180, "texture": "#0"},
				"east": {"uv": [13.312, 8.128, 13.344, 8.224], "texture": "#0"},
				"south": {"uv": [2.944, 8.128, 13.344, 8.224], "texture": "#0"},
				"west": {"uv": [2.944, 8.128, 2.976, 8.224], "texture": "#0"},
				"up": {"uv": [13.344, 8.128, 2.944, 8.16], "rotation": 180, "texture": "#0"},
				"down": {"uv": [2.944, 8.192, 13.344, 8.224], "texture": "#0"}
			}
		},
		{
			"name": "ben_39",
			"from": [2.976, 5.68, 8],
			"to": [13.344, 5.776, 9.032],
			"faces": {
				"north": {"uv": [2.976, 8.32, 13.344, 8.224], "rotation": 180, "texture": "#0"},
				"east": {"uv": [13.312, 8.224, 13.344, 8.32], "texture": "#0"},
				"south": {"uv": [2.976, 8.224, 13.344, 8.32], "texture": "#0"},
				"west": {"uv": [2.976, 8.224, 3.008, 8.32], "texture": "#0"},
				"up": {"uv": [13.344, 8.224, 2.976, 8.256], "rotation": 180, "texture": "#0"},
				"down": {"uv": [2.976, 8.288, 13.344, 8.32], "texture": "#0"}
			}
		},
		{
			"name": "ben_40",
			"from": [3.008, 5.616, 8],
			"to": [13.344, 5.68, 9.032],
			"faces": {
				"north": {"uv": [3.008, 8.384, 13.344, 8.32], "rotation": 180, "texture": "#0"},
				"east": {"uv": [13.312, 8.32, 13.344, 8.384], "texture": "#0"},
				"south": {"uv": [3.008, 8.32, 13.344, 8.384], "texture": "#0"},
				"west": {"uv": [3.008, 8.32, 3.04, 8.384], "texture": "#0"},
				"up": {"uv": [13.344, 8.32, 3.008, 8.352], "rotation": 180, "texture": "#0"},
				"down": {"uv": [3.008, 8.352, 13.344, 8.384], "texture": "#0"}
			}
		},
		{
			"name": "ben_41",
			"from": [3.04, 5.552, 8],
			"to": [13.344, 5.616, 9.032],
			"faces": {
				"north": {"uv": [3.04, 8.448, 13.344, 8.384], "rotation": 180, "texture": "#0"},
				"east": {"uv": [13.312, 8.384, 13.344, 8.448], "texture": "#0"},
				"south": {"uv": [3.04, 8.384, 13.344, 8.448], "texture": "#0"},
				"west": {"uv": [3.04, 8.384, 3.072, 8.448], "texture": "#0"},
				"up": {"uv": [13.344, 8.384, 3.04, 8.416], "rotation": 180, "texture": "#0"},
				"down": {"uv": [3.04, 8.416, 13.344, 8.448], "texture": "#0"}
			}
		},
		{
			"name": "ben_42",
			"from": [3.072, 5.52, 8],
			"to": [13.344, 5.552, 9.032],
			"faces": {
				"north": {"uv": [3.072, 8.48, 13.344, 8.448], "rotation": 180, "texture": "#0"},
				"east": {"uv": [13.312, 8.448, 13.344, 8.48], "texture": "#0"},
				"south": {"uv": [3.072, 8.448, 13.344, 8.48], "texture": "#0"},
				"west": {"uv": [3.072, 8.448, 3.104, 8.48], "texture": "#0"},
				"up": {"uv": [13.344, 8.448, 3.072, 8.48], "rotation": 180, "texture": "#0"},
				"down": {"uv": [3.072, 8.448, 13.344, 8.48], "texture": "#0"}
			}
		},
		{
			"name": "ben_43",
			"from": [3.104, 5.456, 8],
			"to": [13.344, 5.52, 9.032],
			"faces": {
				"north": {"uv": [3.104, 8.544, 13.344, 8.48], "rotation": 180, "texture": "#0"},
				"east": {"uv": [13.312, 8.48, 13.344, 8.544], "texture": "#0"},
				"south": {"uv": [3.104, 8.48, 13.344, 8.544], "texture": "#0"},
				"west": {"uv": [3.104, 8.48, 3.136, 8.544], "texture": "#0"},
				"up": {"uv": [13.344, 8.48, 3.104, 8.512], "rotation": 180, "texture": "#0"},
				"down": {"uv": [3.104, 8.512, 13.344, 8.544], "texture": "#0"}
			}
		},
		{
			"name": "ben_44",
			"from": [3.136, 5.424, 8],
			"to": [13.344, 5.456, 9.032],
			"faces": {
				"north": {"uv": [3.136, 8.576, 13.344, 8.544], "rotation": 180, "texture": "#0"},
				"east": {"uv": [13.312, 8.544, 13.344, 8.576], "texture": "#0"},
				"south": {"uv": [3.136, 8.544, 13.344, 8.576], "texture": "#0"},
				"west": {"uv": [3.136, 8.544, 3.168, 8.576], "texture": "#0"},
				"up": {"uv": [13.344, 8.544, 3.136, 8.576], "rotation": 180, "texture": "#0"},
				"down": {"uv": [3.136, 8.544, 13.344, 8.576], "texture": "#0"}
			}
		},
		{
			"name": "ben_45",
			"from": [3.168, 5.392, 8],
			"to": [13.344, 5.424, 9.032],
			"faces": {
				"north": {"uv": [3.168, 8.608, 13.344, 8.576], "rotation": 180, "texture": "#0"},
				"east": {"uv": [13.312, 8.576, 13.344, 8.608], "texture": "#0"},
				"south": {"uv": [3.168, 8.576, 13.344, 8.608], "texture": "#0"},
				"west": {"uv": [3.168, 8.576, 3.2, 8.608], "texture": "#0"},
				"up": {"uv": [13.344, 8.576, 3.168, 8.608], "rotation": 180, "texture": "#0"},
				"down": {"uv": [3.168, 8.576, 13.344, 8.608], "texture": "#0"}
			}
		},
		{
			"name": "ben_46",
			"from": [3.2, 5.36, 8],
			"to": [13.344, 5.392, 9.032],
			"faces": {
				"north": {"uv": [3.2, 8.64, 13.344, 8.608], "rotation": 180, "texture": "#0"},
				"east": {"uv": [13.312, 8.608, 13.344, 8.64], "texture": "#0"},
				"south": {"uv": [3.2, 8.608, 13.344, 8.64], "texture": "#0"},
				"west": {"uv": [3.2, 8.608, 3.232, 8.64], "texture": "#0"},
				"up": {"uv": [13.344, 8.608, 3.2, 8.64], "rotation": 180, "texture": "#0"},
				"down": {"uv": [3.2, 8.608, 13.344, 8.64], "texture": "#0"}
			}
		},
		{
			"name": "ben_47",
			"from": [3.232, 5.328, 8],
			"to": [13.344, 5.36, 9.032],
			"faces": {
				"north": {"uv": [3.232, 8.672, 13.344, 8.64], "rotation": 180, "texture": "#0"},
				"east": {"uv": [13.312, 8.64, 13.344, 8.672], "texture": "#0"},
				"south": {"uv": [3.232, 8.64, 13.344, 8.672], "texture": "#0"},
				"west": {"uv": [3.232, 8.64, 3.264, 8.672], "texture": "#0"},
				"up": {"uv": [13.344, 8.64, 3.232, 8.672], "rotation": 180, "texture": "#0"},
				"down": {"uv": [3.232, 8.64, 13.344, 8.672], "texture": "#0"}
			}
		},
		{
			"name": "ben_48",
			"from": [3.264, 5.296, 8],
			"to": [13.344, 5.328, 9.032],
			"faces": {
				"north": {"uv": [3.264, 8.704, 13.344, 8.672], "rotation": 180, "texture": "#0"},
				"east": {"uv": [13.312, 8.672, 13.344, 8.704], "texture": "#0"},
				"south": {"uv": [3.264, 8.672, 13.344, 8.704], "texture": "#0"},
				"west": {"uv": [3.264, 8.672, 3.296, 8.704], "texture": "#0"},
				"up": {"uv": [13.344, 8.672, 3.264, 8.704], "rotation": 180, "texture": "#0"},
				"down": {"uv": [3.264, 8.672, 13.344, 8.704], "texture": "#0"}
			}
		},
		{
			"name": "ben_49",
			"from": [3.296, 5.264, 8],
			"to": [13.344, 5.296, 9.032],
			"faces": {
				"north": {"uv": [3.296, 8.736, 13.344, 8.704], "rotation": 180, "texture": "#0"},
				"east": {"uv": [13.312, 8.704, 13.344, 8.736], "texture": "#0"},
				"south": {"uv": [3.296, 8.704, 13.344, 8.736], "texture": "#0"},
				"west": {"uv": [3.296, 8.704, 3.328, 8.736], "texture": "#0"},
				"up": {"uv": [13.344, 8.704, 3.296, 8.736], "rotation": 180, "texture": "#0"},
				"down": {"uv": [3.296, 8.704, 13.344, 8.736], "texture": "#0"}
			}
		},
		{
			"name": "ben_50",
			"from": [3.328, 5.232, 8],
			"to": [13.312, 5.264, 9.032],
			"faces": {
				"north": {"uv": [3.328, 8.768, 13.312, 8.736], "rotation": 180, "texture": "#0"},
				"east": {"uv": [13.28, 8.736, 13.312, 8.768], "texture": "#0"},
				"south": {"uv": [3.328, 8.736, 13.312, 8.768], "texture": "#0"},
				"west": {"uv": [3.328, 8.736, 3.36, 8.768], "texture": "#0"},
				"up": {"uv": [13.312, 8.736, 3.328, 8.768], "rotation": 180, "texture": "#0"},
				"down": {"uv": [3.328, 8.736, 13.312, 8.768], "texture": "#0"}
			}
		},
		{
			"name": "ben_51",
			"from": [3.392, 5.2, 8],
			"to": [13.312, 5.232, 9.032],
			"faces": {
				"north": {"uv": [3.392, 8.8, 13.312, 8.768], "rotation": 180, "texture": "#0"},
				"east": {"uv": [13.28, 8.768, 13.312, 8.8], "texture": "#0"},
				"south": {"uv": [3.392, 8.768, 13.312, 8.8], "texture": "#0"},
				"west": {"uv": [3.392, 8.768, 3.424, 8.8], "texture": "#0"},
				"up": {"uv": [13.312, 8.768, 3.392, 8.8], "rotation": 180, "texture": "#0"},
				"down": {"uv": [3.392, 8.768, 13.312, 8.8], "texture": "#0"}
			}
		},
		{
			"name": "ben_52",
			"from": [3.424, 5.168, 8],
			"to": [13.312, 5.2, 9.032],
			"faces": {
				"north": {"uv": [3.424, 8.832, 13.312, 8.8], "rotation": 180, "texture": "#0"},
				"east": {"uv": [13.28, 8.8, 13.312, 8.832], "texture": "#0"},
				"south": {"uv": [3.424, 8.8, 13.312, 8.832], "texture": "#0"},
				"west": {"uv": [3.424, 8.8, 3.456, 8.832], "texture": "#0"},
				"up": {"uv": [13.312, 8.8, 3.424, 8.832], "rotation": 180, "texture": "#0"},
				"down": {"uv": [3.424, 8.8, 13.312, 8.832], "texture": "#0"}
			}
		},
		{
			"name": "ben_53",
			"from": [3.456, 5.136, 8],
			"to": [13.312, 5.168, 9.032],
			"faces": {
				"north": {"uv": [3.456, 8.864, 13.312, 8.832], "rotation": 180, "texture": "#0"},
				"east": {"uv": [13.28, 8.832, 13.312, 8.864], "texture": "#0"},
				"south": {"uv": [3.456, 8.832, 13.312, 8.864], "texture": "#0"},
				"west": {"uv": [3.456, 8.832, 3.488, 8.864], "texture": "#0"},
				"up": {"uv": [13.312, 8.832, 3.456, 8.864], "rotation": 180, "texture": "#0"},
				"down": {"uv": [3.456, 8.832, 13.312, 8.864], "texture": "#0"}
			}
		},
		{
			"name": "ben_54",
			"from": [3.488, 5.104, 8],
			"to": [13.312, 5.136, 9.032],
			"faces": {
				"north": {"uv": [3.488, 8.896, 13.312, 8.864], "rotation": 180, "texture": "#0"},
				"east": {"uv": [13.28, 8.864, 13.312, 8.896], "texture": "#0"},
				"south": {"uv": [3.488, 8.864, 13.312, 8.896], "texture": "#0"},
				"west": {"uv": [3.488, 8.864, 3.52, 8.896], "texture": "#0"},
				"up": {"uv": [13.312, 8.864, 3.488, 8.896], "rotation": 180, "texture": "#0"},
				"down": {"uv": [3.488, 8.864, 13.312, 8.896], "texture": "#0"}
			}
		},
		{
			"name": "ben_55",
			"from": [3.52, 5.072, 8],
			"to": [13.312, 5.104, 9.032],
			"faces": {
				"north": {"uv": [3.52, 8.928, 13.312, 8.896], "rotation": 180, "texture": "#0"},
				"east": {"uv": [13.28, 8.896, 13.312, 8.928], "texture": "#0"},
				"south": {"uv": [3.52, 8.896, 13.312, 8.928], "texture": "#0"},
				"west": {"uv": [3.52, 8.896, 3.552, 8.928], "texture": "#0"},
				"up": {"uv": [13.312, 8.896, 3.52, 8.928], "rotation": 180, "texture": "#0"},
				"down": {"uv": [3.52, 8.896, 13.312, 8.928], "texture": "#0"}
			}
		},
		{
			"name": "ben_56",
			"from": [3.552, 5.008, 8],
			"to": [13.312, 5.072, 9.032],
			"faces": {
				"north": {"uv": [3.552, 8.992, 13.312, 8.928], "rotation": 180, "texture": "#0"},
				"east": {"uv": [13.28, 8.928, 13.312, 8.992], "texture": "#0"},
				"south": {"uv": [3.552, 8.928, 13.312, 8.992], "texture": "#0"},
				"west": {"uv": [3.552, 8.928, 3.584, 8.992], "texture": "#0"},
				"up": {"uv": [13.312, 8.928, 3.552, 8.96], "rotation": 180, "texture": "#0"},
				"down": {"uv": [3.552, 8.96, 13.312, 8.992], "texture": "#0"}
			}
		},
		{
			"name": "ben_57",
			"from": [3.584, 4.912, 8],
			"to": [13.312, 5.008, 9.032],
			"faces": {
				"north": {"uv": [3.584, 9.088, 13.312, 8.992], "rotation": 180, "texture": "#0"},
				"east": {"uv": [13.28, 8.992, 13.312, 9.088], "texture": "#0"},
				"south": {"uv": [3.584, 8.992, 13.312, 9.088], "texture": "#0"},
				"west": {"uv": [3.584, 8.992, 3.616, 9.088], "texture": "#0"},
				"up": {"uv": [13.312, 8.992, 3.584, 9.024], "rotation": 180, "texture": "#0"},
				"down": {"uv": [3.584, 9.056, 13.312, 9.088], "texture": "#0"}
			}
		},
		{
			"name": "ben_58",
			"from": [3.616, 4.816, 8],
			"to": [12.96, 4.912, 9.032],
			"faces": {
				"north": {"uv": [3.616, 9.184, 12.96, 9.088], "rotation": 180, "texture": "#0"},
				"east": {"uv": [12.928, 9.088, 12.96, 9.184], "texture": "#0"},
				"south": {"uv": [3.616, 9.088, 12.96, 9.184], "texture": "#0"},
				"west": {"uv": [3.616, 9.088, 3.648, 9.184], "texture": "#0"},
				"up": {"uv": [12.96, 9.088, 3.616, 9.12], "rotation": 180, "texture": "#0"},
				"down": {"uv": [3.616, 9.152, 12.96, 9.184], "texture": "#0"}
			}
		},
		{
			"name": "ben_59",
			"from": [12.96, 4.848, 8],
			"to": [13.28, 4.912, 9.032],
			"faces": {
				"north": {"uv": [12.96, 9.152, 13.28, 9.088], "rotation": 180, "texture": "#0"},
				"east": {"uv": [13.248, 9.088, 13.28, 9.152], "texture": "#0"},
				"south": {"uv": [12.96, 9.088, 13.28, 9.152], "texture": "#0"},
				"west": {"uv": [12.96, 9.088, 12.992, 9.152], "texture": "#0"},
				"up": {"uv": [13.28, 9.088, 12.96, 9.12], "rotation": 180, "texture": "#0"},
				"down": {"uv": [12.96, 9.12, 13.28, 9.152], "texture": "#0"}
			}
		},
		{
			"name": "ben_60",
			"from": [3.648, 4.688, 8],
			"to": [12.768, 4.816, 9.032],
			"faces": {
				"north": {"uv": [3.648, 9.312, 12.768, 9.184], "rotation": 180, "texture": "#0"},
				"east": {"uv": [12.736, 9.184, 12.768, 9.312], "texture": "#0"},
				"south": {"uv": [3.648, 9.184, 12.768, 9.312], "texture": "#0"},
				"west": {"uv": [3.648, 9.184, 3.68, 9.312], "texture": "#0"},
				"up": {"uv": [12.768, 9.184, 3.648, 9.216], "rotation": 180, "texture": "#0"},
				"down": {"uv": [3.648, 9.28, 12.768, 9.312], "texture": "#0"}
			}
		},
		{
			"name": "ben_61",
			"from": [12.768, 4.784, 8],
			"to": [12.864, 4.816, 9.032],
			"faces": {
				"north": {"uv": [12.768, 9.216, 12.864, 9.184], "rotation": 180, "texture": "#0"},
				"east": {"uv": [12.832, 9.184, 12.864, 9.216], "texture": "#0"},
				"south": {"uv": [12.768, 9.184, 12.864, 9.216], "texture": "#0"},
				"west": {"uv": [12.768, 9.184, 12.8, 9.216], "texture": "#0"},
				"up": {"uv": [12.864, 9.184, 12.768, 9.216], "rotation": 180, "texture": "#0"},
				"down": {"uv": [12.768, 9.184, 12.864, 9.216], "texture": "#0"}
			}
		},
		{
			"name": "ben_62",
			"from": [12.768, 4.72, 8],
			"to": [12.8, 4.784, 9.032],
			"faces": {
				"north": {"uv": [12.768, 9.28, 12.8, 9.216], "rotation": 180, "texture": "#0"},
				"east": {"uv": [12.768, 9.216, 12.8, 9.28], "texture": "#0"},
				"south": {"uv": [12.768, 9.216, 12.8, 9.28], "texture": "#0"},
				"west": {"uv": [12.768, 9.216, 12.8, 9.28], "texture": "#0"},
				"up": {"uv": [12.8, 9.216, 12.768, 9.248], "rotation": 180, "texture": "#0"},
				"down": {"uv": [12.768, 9.248, 12.8, 9.28], "texture": "#0"}
			}
		},
		{
			"name": "ben_63",
			"from": [3.68, 4.56, 8],
			"to": [12.704, 4.688, 9.032],
			"faces": {
				"north": {"uv": [3.68, 9.44, 12.704, 9.312], "rotation": 180, "texture": "#0"},
				"east": {"uv": [12.672, 9.312, 12.704, 9.44], "texture": "#0"},
				"south": {"uv": [3.68, 9.312, 12.704, 9.44], "texture": "#0"},
				"west": {"uv": [3.68, 9.312, 3.712, 9.44], "texture": "#0"},
				"up": {"uv": [12.704, 9.312, 3.68, 9.344], "rotation": 180, "texture": "#0"},
				"down": {"uv": [3.68, 9.408, 12.704, 9.44], "texture": "#0"}
			}
		},
		{
			"name": "ben_64",
			"from": [12.704, 4.656, 8],
			"to": [12.736, 4.688, 9.032],
			"faces": {
				"north": {"uv": [12.704, 9.344, 12.736, 9.312], "rotation": 180, "texture": "#0"},
				"east": {"uv": [12.704, 9.312, 12.736, 9.344], "texture": "#0"},
				"south": {"uv": [12.704, 9.312, 12.736, 9.344], "texture": "#0"},
				"west": {"uv": [12.704, 9.312, 12.736, 9.344], "texture": "#0"},
				"up": {"uv": [12.736, 9.312, 12.704, 9.344], "rotation": 180, "texture": "#0"},
				"down": {"uv": [12.704, 9.312, 12.736, 9.344], "texture": "#0"}
			}
		},
		{
			"name": "ben_65",
			"from": [3.712, 4.432, 8],
			"to": [12.64, 4.56, 9.032],
			"faces": {
				"north": {"uv": [3.712, 9.568, 12.64, 9.44], "rotation": 180, "texture": "#0"},
				"east": {"uv": [12.608, 9.44, 12.64, 9.568], "texture": "#0"},
				"south": {"uv": [3.712, 9.44, 12.64, 9.568], "texture": "#0"},
				"west": {"uv": [3.712, 9.44, 3.744, 9.568], "texture": "#0"},
				"up": {"uv": [12.64, 9.44, 3.712, 9.472], "rotation": 180, "texture": "#0"},
				"down": {"uv": [3.712, 9.536, 12.64, 9.568], "texture": "#0"}
			}
		},
		{
			"name": "ben_66",
			"from": [12.64, 4.464, 8],
			"to": [12.672, 4.56, 9.032],
			"faces": {
				"north": {"uv": [12.64, 9.536, 12.672, 9.44], "rotation": 180, "texture": "#0"},
				"east": {"uv": [12.64, 9.44, 12.672, 9.536], "texture": "#0"},
				"south": {"uv": [12.64, 9.44, 12.672, 9.536], "texture": "#0"},
				"west": {"uv": [12.64, 9.44, 12.672, 9.536], "texture": "#0"},
				"up": {"uv": [12.672, 9.44, 12.64, 9.472], "rotation": 180, "texture": "#0"},
				"down": {"uv": [12.64, 9.504, 12.672, 9.536], "texture": "#0"}
			}
		},
		{
			"name": "ben_67",
			"from": [3.744, 4.304, 8],
			"to": [12.608, 4.432, 9.032],
			"faces": {
				"north": {"uv": [3.744, 9.696, 12.608, 9.568], "rotation": 180, "texture": "#0"},
				"east": {"uv": [12.576, 9.568, 12.608, 9.696], "texture": "#0"},
				"south": {"uv": [3.744, 9.568, 12.608, 9.696], "texture": "#0"},
				"west": {"uv": [3.744, 9.568, 3.776, 9.696], "texture": "#0"},
				"up": {"uv": [12.608, 9.568, 3.744, 9.6], "rotation": 180, "texture": "#0"},
				"down": {"uv": [3.744, 9.664, 12.608, 9.696], "texture": "#0"}
			}
		},
		{
			"name": "ben_68",
			"from": [12.608, 4.4, 8],
			"to": [12.64, 4.432, 9.032],
			"faces": {
				"north": {"uv": [12.608, 9.6, 12.64, 9.568], "rotation": 180, "texture": "#0"},
				"east": {"uv": [12.608, 9.568, 12.64, 9.6], "texture": "#0"},
				"south": {"uv": [12.608, 9.568, 12.64, 9.6], "texture": "#0"},
				"west": {"uv": [12.608, 9.568, 12.64, 9.6], "texture": "#0"},
				"up": {"uv": [12.64, 9.568, 12.608, 9.6], "rotation": 180, "texture": "#0"},
				"down": {"uv": [12.608, 9.568, 12.64, 9.6], "texture": "#0"}
			}
		},
		{
			"name": "ben_69",
			"from": [3.776, 4.144, 8],
			"to": [12.544, 4.304, 9.032],
			"faces": {
				"north": {"uv": [3.776, 9.856, 12.544, 9.696], "rotation": 180, "texture": "#0"},
				"east": {"uv": [12.512, 9.696, 12.544, 9.856], "texture": "#0"},
				"south": {"uv": [3.776, 9.696, 12.544, 9.856], "texture": "#0"},
				"west": {"uv": [3.776, 9.696, 3.808, 9.856], "texture": "#0"},
				"up": {"uv": [12.544, 9.696, 3.776, 9.728], "rotation": 180, "texture": "#0"},
				"down": {"uv": [3.776, 9.824, 12.544, 9.856], "texture": "#0"}
			}
		},
		{
			"name": "ben_70",
			"from": [12.544, 4.208, 8],
			"to": [12.576, 4.304, 9.032],
			"faces": {
				"north": {"uv": [12.544, 9.792, 12.576, 9.696], "rotation": 180, "texture": "#0"},
				"east": {"uv": [12.544, 9.696, 12.576, 9.792], "texture": "#0"},
				"south": {"uv": [12.544, 9.696, 12.576, 9.792], "texture": "#0"},
				"west": {"uv": [12.544, 9.696, 12.576, 9.792], "texture": "#0"},
				"up": {"uv": [12.576, 9.696, 12.544, 9.728], "rotation": 180, "texture": "#0"},
				"down": {"uv": [12.544, 9.76, 12.576, 9.792], "texture": "#0"}
			}
		},
		{
			"name": "ben_71",
			"from": [3.808, 4.016, 8],
			"to": [12.512, 4.144, 9.032],
			"faces": {
				"north": {"uv": [3.808, 9.984, 12.512, 9.856], "rotation": 180, "texture": "#0"},
				"east": {"uv": [12.48, 9.856, 12.512, 9.984], "texture": "#0"},
				"south": {"uv": [3.808, 9.856, 12.512, 9.984], "texture": "#0"},
				"west": {"uv": [3.808, 9.856, 3.84, 9.984], "texture": "#0"},
				"up": {"uv": [12.512, 9.856, 3.808, 9.888], "rotation": 180, "texture": "#0"},
				"down": {"uv": [3.808, 9.952, 12.512, 9.984], "texture": "#0"}
			}
		},
		{
			"name": "ben_72",
			"from": [12.512, 4.08, 8],
			"to": [12.544, 4.144, 9.032],
			"faces": {
				"north": {"uv": [12.512, 9.92, 12.544, 9.856], "rotation": 180, "texture": "#0"},
				"east": {"uv": [12.512, 9.856, 12.544, 9.92], "texture": "#0"},
				"south": {"uv": [12.512, 9.856, 12.544, 9.92], "texture": "#0"},
				"west": {"uv": [12.512, 9.856, 12.544, 9.92], "texture": "#0"},
				"up": {"uv": [12.544, 9.856, 12.512, 9.888], "rotation": 180, "texture": "#0"},
				"down": {"uv": [12.512, 9.888, 12.544, 9.92], "texture": "#0"}
			}
		},
		{
			"name": "ben_73",
			"from": [3.84, 3.92, 8],
			"to": [12.48, 4.016, 9.032],
			"faces": {
				"north": {"uv": [3.84, 10.08, 12.48, 9.984], "rotation": 180, "texture": "#0"},
				"east": {"uv": [12.448, 9.984, 12.48, 10.08], "texture": "#0"},
				"south": {"uv": [3.84, 9.984, 12.48, 10.08], "texture": "#0"},
				"west": {"uv": [3.84, 9.984, 3.872, 10.08], "texture": "#0"},
				"up": {"uv": [12.48, 9.984, 3.84, 10.016], "rotation": 180, "texture": "#0"},
				"down": {"uv": [3.84, 10.048, 12.48, 10.08], "texture": "#0"}
			}
		},
		{
			"name": "ben_74",
			"from": [12.48, 3.952, 8],
			"to": [12.512, 4.016, 9.032],
			"faces": {
				"north": {"uv": [12.48, 10.048, 12.512, 9.984], "rotation": 180, "texture": "#0"},
				"east": {"uv": [12.48, 9.984, 12.512, 10.048], "texture": "#0"},
				"south": {"uv": [12.48, 9.984, 12.512, 10.048], "texture": "#0"},
				"west": {"uv": [12.48, 9.984, 12.512, 10.048], "texture": "#0"},
				"up": {"uv": [12.512, 9.984, 12.48, 10.016], "rotation": 180, "texture": "#0"},
				"down": {"uv": [12.48, 10.016, 12.512, 10.048], "texture": "#0"}
			}
		},
		{
			"name": "ben_75",
			"from": [3.872, 3.792, 8],
			"to": [12.448, 3.92, 9.032],
			"faces": {
				"north": {"uv": [3.872, 10.208, 12.448, 10.08], "rotation": 180, "texture": "#0"},
				"east": {"uv": [12.416, 10.08, 12.448, 10.208], "texture": "#0"},
				"south": {"uv": [3.872, 10.08, 12.448, 10.208], "texture": "#0"},
				"west": {"uv": [3.872, 10.08, 3.904, 10.208], "texture": "#0"},
				"up": {"uv": [12.448, 10.08, 3.872, 10.112], "rotation": 180, "texture": "#0"},
				"down": {"uv": [3.872, 10.176, 12.448, 10.208], "texture": "#0"}
			}
		},
		{
			"name": "ben_76",
			"from": [12.448, 3.824, 8],
			"to": [12.48, 3.92, 9.032],
			"faces": {
				"north": {"uv": [12.448, 10.176, 12.48, 10.08], "rotation": 180, "texture": "#0"},
				"east": {"uv": [12.448, 10.08, 12.48, 10.176], "texture": "#0"},
				"south": {"uv": [12.448, 10.08, 12.48, 10.176], "texture": "#0"},
				"west": {"uv": [12.448, 10.08, 12.48, 10.176], "texture": "#0"},
				"up": {"uv": [12.48, 10.08, 12.448, 10.112], "rotation": 180, "texture": "#0"},
				"down": {"uv": [12.448, 10.144, 12.48, 10.176], "texture": "#0"}
			}
		},
		{
			"name": "ben_77",
			"from": [3.904, 3.696, 8],
			"to": [12.416, 3.792, 9.032],
			"faces": {
				"north": {"uv": [3.904, 10.304, 12.416, 10.208], "rotation": 180, "texture": "#0"},
				"east": {"uv": [12.384, 10.208, 12.416, 10.304], "texture": "#0"},
				"south": {"uv": [3.904, 10.208, 12.416, 10.304], "texture": "#0"},
				"west": {"uv": [3.904, 10.208, 3.936, 10.304], "texture": "#0"},
				"up": {"uv": [12.416, 10.208, 3.904, 10.24], "rotation": 180, "texture": "#0"},
				"down": {"uv": [3.904, 10.272, 12.416, 10.304], "texture": "#0"}
			}
		},
		{
			"name": "ben_78",
			"from": [12.416, 3.728, 8],
			"to": [12.448, 3.792, 9.032],
			"faces": {
				"north": {"uv": [12.416, 10.272, 12.448, 10.208], "rotation": 180, "texture": "#0"},
				"east": {"uv": [12.416, 10.208, 12.448, 10.272], "texture": "#0"},
				"south": {"uv": [12.416, 10.208, 12.448, 10.272], "texture": "#0"},
				"west": {"uv": [12.416, 10.208, 12.448, 10.272], "texture": "#0"},
				"up": {"uv": [12.448, 10.208, 12.416, 10.24], "rotation": 180, "texture": "#0"},
				"down": {"uv": [12.416, 10.24, 12.448, 10.272], "texture": "#0"}
			}
		},
		{
			"name": "ben_79",
			"from": [3.936, 3.6, 8],
			"to": [12.416, 3.696, 9.032],
			"faces": {
				"north": {"uv": [3.936, 10.4, 12.416, 10.304], "rotation": 180, "texture": "#0"},
				"east": {"uv": [12.384, 10.304, 12.416, 10.4], "texture": "#0"},
				"south": {"uv": [3.936, 10.304, 12.416, 10.4], "texture": "#0"},
				"west": {"uv": [3.936, 10.304, 3.968, 10.4], "texture": "#0"},
				"up": {"uv": [12.416, 10.304, 3.936, 10.336], "rotation": 180, "texture": "#0"},
				"down": {"uv": [3.936, 10.368, 12.416, 10.4], "texture": "#0"}
			}
		},
		{
			"name": "ben_80",
			"from": [3.968, 3.44, 8],
			"to": [12.352, 3.6, 9.032],
			"faces": {
				"north": {"uv": [3.968, 10.56, 12.352, 10.4], "rotation": 180, "texture": "#0"},
				"east": {"uv": [12.32, 10.4, 12.352, 10.56], "texture": "#0"},
				"south": {"uv": [3.968, 10.4, 12.352, 10.56], "texture": "#0"},
				"west": {"uv": [3.968, 10.4, 4, 10.56], "texture": "#0"},
				"up": {"uv": [12.352, 10.4, 3.968, 10.432], "rotation": 180, "texture": "#0"},
				"down": {"uv": [3.968, 10.528, 12.352, 10.56], "texture": "#0"}
			}
		},
		{
			"name": "ben_81",
			"from": [12.352, 3.472, 8],
			"to": [12.384, 3.6, 9.032],
			"faces": {
				"north": {"uv": [12.352, 10.528, 12.384, 10.4], "rotation": 180, "texture": "#0"},
				"east": {"uv": [12.352, 10.4, 12.384, 10.528], "texture": "#0"},
				"south": {"uv": [12.352, 10.4, 12.384, 10.528], "texture": "#0"},
				"west": {"uv": [12.352, 10.4, 12.384, 10.528], "texture": "#0"},
				"up": {"uv": [12.384, 10.4, 12.352, 10.432], "rotation": 180, "texture": "#0"},
				"down": {"uv": [12.352, 10.496, 12.384, 10.528], "texture": "#0"}
			}
		},
		{
			"name": "ben_82",
			"from": [4, 3.312, 8],
			"to": [12.32, 3.44, 9.032],
			"faces": {
				"north": {"uv": [4, 10.688, 12.32, 10.56], "rotation": 180, "texture": "#0"},
				"east": {"uv": [12.288, 10.56, 12.32, 10.688], "texture": "#0"},
				"south": {"uv": [4, 10.56, 12.32, 10.688], "texture": "#0"},
				"west": {"uv": [4, 10.56, 4.032, 10.688], "texture": "#0"},
				"up": {"uv": [12.32, 10.56, 4, 10.592], "rotation": 180, "texture": "#0"},
				"down": {"uv": [4, 10.656, 12.32, 10.688], "texture": "#0"}
			}
		},
		{
			"name": "ben_83",
			"from": [12.32, 3.408, 8],
			"to": [12.352, 3.44, 9.032],
			"faces": {
				"north": {"uv": [12.32, 10.592, 12.352, 10.56], "rotation": 180, "texture": "#0"},
				"east": {"uv": [12.32, 10.56, 12.352, 10.592], "texture": "#0"},
				"south": {"uv": [12.32, 10.56, 12.352, 10.592], "texture": "#0"},
				"west": {"uv": [12.32, 10.56, 12.352, 10.592], "texture": "#0"},
				"up": {"uv": [12.352, 10.56, 12.32, 10.592], "rotation": 180, "texture": "#0"},
				"down": {"uv": [12.32, 10.56, 12.352, 10.592], "texture": "#0"}
			}
		},
		{
			"name": "ben_84",
			"from": [4.032, 3.216, 8],
			"to": [12.288, 3.312, 9.032],
			"faces": {
				"north": {"uv": [4.032, 10.784, 12.288, 10.688], "rotation": 180, "texture": "#0"},
				"east": {"uv": [12.256, 10.688, 12.288, 10.784], "texture": "#0"},
				"south": {"uv": [4.032, 10.688, 12.288, 10.784], "texture": "#0"},
				"west": {"uv": [4.032, 10.688, 4.064, 10.784], "texture": "#0"},
				"up": {"uv": [12.288, 10.688, 4.032, 10.72], "rotation": 180, "texture": "#0"},
				"down": {"uv": [4.032, 10.752, 12.288, 10.784], "texture": "#0"}
			}
		},
		{
			"name": "ben_85",
			"from": [4.064, 3.088, 8],
			"to": [12.224, 3.216, 9.032],
			"faces": {
				"north": {"uv": [4.064, 10.912, 12.224, 10.784], "rotation": 180, "texture": "#0"},
				"east": {"uv": [12.192, 10.784, 12.224, 10.912], "texture": "#0"},
				"south": {"uv": [4.064, 10.784, 12.224, 10.912], "texture": "#0"},
				"west": {"uv": [4.064, 10.784, 4.096, 10.912], "texture": "#0"},
				"up": {"uv": [12.224, 10.784, 4.064, 10.816], "rotation": 180, "texture": "#0"},
				"down": {"uv": [4.064, 10.88, 12.224, 10.912], "texture": "#0"}
			}
		},
		{
			"name": "ben_86",
			"from": [12.224, 3.12, 8],
			"to": [12.256, 3.216, 9.032],
			"faces": {
				"north": {"uv": [12.224, 10.88, 12.256, 10.784], "rotation": 180, "texture": "#0"},
				"east": {"uv": [12.224, 10.784, 12.256, 10.88], "texture": "#0"},
				"south": {"uv": [12.224, 10.784, 12.256, 10.88], "texture": "#0"},
				"west": {"uv": [12.224, 10.784, 12.256, 10.88], "texture": "#0"},
				"up": {"uv": [12.256, 10.784, 12.224, 10.816], "rotation": 180, "texture": "#0"},
				"down": {"uv": [12.224, 10.848, 12.256, 10.88], "texture": "#0"}
			}
		},
		{
			"name": "ben_87",
			"from": [4.096, 3.024, 8],
			"to": [12.224, 3.088, 9.032],
			"faces": {
				"north": {"uv": [4.096, 10.976, 12.224, 10.912], "rotation": 180, "texture": "#0"},
				"east": {"uv": [12.192, 10.912, 12.224, 10.976], "texture": "#0"},
				"south": {"uv": [4.096, 10.912, 12.224, 10.976], "texture": "#0"},
				"west": {"uv": [4.096, 10.912, 4.128, 10.976], "texture": "#0"},
				"up": {"uv": [12.224, 10.912, 4.096, 10.944], "rotation": 180, "texture": "#0"},
				"down": {"uv": [4.096, 10.944, 12.224, 10.976], "texture": "#0"}
			}
		},
		{
			"name": "ben_88",
			"from": [4.128, 2.928, 8],
			"to": [12.16, 3.024, 9.032],
			"faces": {
				"north": {"uv": [4.128, 11.072, 12.16, 10.976], "rotation": 180, "texture": "#0"},
				"east": {"uv": [12.128, 10.976, 12.16, 11.072], "texture": "#0"},
				"south": {"uv": [4.128, 10.976, 12.16, 11.072], "texture": "#0"},
				"west": {"uv": [4.128, 10.976, 4.16, 11.072], "texture": "#0"},
				"up": {"uv": [12.16, 10.976, 4.128, 11.008], "rotation": 180, "texture": "#0"},
				"down": {"uv": [4.128, 11.04, 12.16, 11.072], "texture": "#0"}
			}
		},
		{
			"name": "ben_89",
			"from": [12.16, 2.96, 8],
			"to": [12.192, 3.024, 9.032],
			"faces": {
				"north": {"uv": [12.16, 11.04, 12.192, 10.976], "rotation": 180, "texture": "#0"},
				"east": {"uv": [12.16, 10.976, 12.192, 11.04], "texture": "#0"},
				"south": {"uv": [12.16, 10.976, 12.192, 11.04], "texture": "#0"},
				"west": {"uv": [12.16, 10.976, 12.192, 11.04], "texture": "#0"},
				"up": {"uv": [12.192, 10.976, 12.16, 11.008], "rotation": 180, "texture": "#0"},
				"down": {"uv": [12.16, 11.008, 12.192, 11.04], "texture": "#0"}
			}
		},
		{
			"name": "ben_90",
			"from": [4.16, 2.864, 8],
			"to": [12.16, 2.928, 9.032],
			"faces": {
				"north": {"uv": [4.16, 11.136, 12.16, 11.072], "rotation": 180, "texture": "#0"},
				"east": {"uv": [12.128, 11.072, 12.16, 11.136], "texture": "#0"},
				"south": {"uv": [4.16, 11.072, 12.16, 11.136], "texture": "#0"},
				"west": {"uv": [4.16, 11.072, 4.192, 11.136], "texture": "#0"},
				"up": {"uv": [12.16, 11.072, 4.16, 11.104], "rotation": 180, "texture": "#0"},
				"down": {"uv": [4.16, 11.104, 12.16, 11.136], "texture": "#0"}
			}
		},
		{
			"name": "ben_91",
			"from": [4.192, 2.8, 8],
			"to": [12.128, 2.864, 9.032],
			"faces": {
				"north": {"uv": [4.192, 11.2, 12.128, 11.136], "rotation": 180, "texture": "#0"},
				"east": {"uv": [12.096, 11.136, 12.128, 11.2], "texture": "#0"},
				"south": {"uv": [4.192, 11.136, 12.128, 11.2], "texture": "#0"},
				"west": {"uv": [4.192, 11.136, 4.224, 11.2], "texture": "#0"},
				"up": {"uv": [12.128, 11.136, 4.192, 11.168], "rotation": 180, "texture": "#0"},
				"down": {"uv": [4.192, 11.168, 12.128, 11.2], "texture": "#0"}
			}
		},
		{
			"name": "ben_92",
			"from": [4.224, 2.736, 8],
			"to": [12.096, 2.8, 9.032],
			"faces": {
				"north": {"uv": [4.224, 11.264, 12.096, 11.2], "rotation": 180, "texture": "#0"},
				"east": {"uv": [12.064, 11.2, 12.096, 11.264], "texture": "#0"},
				"south": {"uv": [4.224, 11.2, 12.096, 11.264], "texture": "#0"},
				"west": {"uv": [4.224, 11.2, 4.256, 11.264], "texture": "#0"},
				"up": {"uv": [12.096, 11.2, 4.224, 11.232], "rotation": 180, "texture": "#0"},
				"down": {"uv": [4.224, 11.232, 12.096, 11.264], "texture": "#0"}
			}
		},
		{
			"name": "ben_93",
			"from": [4.256, 2.672, 8],
			"to": [12.064, 2.736, 9.032],
			"faces": {
				"north": {"uv": [4.256, 11.328, 12.064, 11.264], "rotation": 180, "texture": "#0"},
				"east": {"uv": [12.032, 11.264, 12.064, 11.328], "texture": "#0"},
				"south": {"uv": [4.256, 11.264, 12.064, 11.328], "texture": "#0"},
				"west": {"uv": [4.256, 11.264, 4.288, 11.328], "texture": "#0"},
				"up": {"uv": [12.064, 11.264, 4.256, 11.296], "rotation": 180, "texture": "#0"},
				"down": {"uv": [4.256, 11.296, 12.064, 11.328], "texture": "#0"}
			}
		},
		{
			"name": "ben_94",
			"from": [4.288, 2.608, 8],
			"to": [12.032, 2.672, 9.032],
			"faces": {
				"north": {"uv": [4.288, 11.392, 12.032, 11.328], "rotation": 180, "texture": "#0"},
				"east": {"uv": [12, 11.328, 12.032, 11.392], "texture": "#0"},
				"south": {"uv": [4.288, 11.328, 12.032, 11.392], "texture": "#0"},
				"west": {"uv": [4.288, 11.328, 4.32, 11.392], "texture": "#0"},
				"up": {"uv": [12.032, 11.328, 4.288, 11.36], "rotation": 180, "texture": "#0"},
				"down": {"uv": [4.288, 11.36, 12.032, 11.392], "texture": "#0"}
			}
		},
		{
			"name": "ben_95",
			"from": [4.32, 2.544, 8],
			"to": [12, 2.608, 9.032],
			"faces": {
				"north": {"uv": [4.32, 11.456, 12, 11.392], "rotation": 180, "texture": "#0"},
				"east": {"uv": [11.968, 11.392, 12, 11.456], "texture": "#0"},
				"south": {"uv": [4.32, 11.392, 12, 11.456], "texture": "#0"},
				"west": {"uv": [4.32, 11.392, 4.352, 11.456], "texture": "#0"},
				"up": {"uv": [12, 11.392, 4.32, 11.424], "rotation": 180, "texture": "#0"},
				"down": {"uv": [4.32, 11.424, 12, 11.456], "texture": "#0"}
			}
		},
		{
			"name": "ben_96",
			"from": [4.352, 2.48, 8],
			"to": [11.968, 2.544, 9.032],
			"faces": {
				"north": {"uv": [4.352, 11.52, 11.968, 11.456], "rotation": 180, "texture": "#0"},
				"east": {"uv": [11.936, 11.456, 11.968, 11.52], "texture": "#0"},
				"south": {"uv": [4.352, 11.456, 11.968, 11.52], "texture": "#0"},
				"west": {"uv": [4.352, 11.456, 4.384, 11.52], "texture": "#0"},
				"up": {"uv": [11.968, 11.456, 4.352, 11.488], "rotation": 180, "texture": "#0"},
				"down": {"uv": [4.352, 11.488, 11.968, 11.52], "texture": "#0"}
			}
		},
		{
			"name": "ben_97",
			"from": [4.384, 2.416, 8],
			"to": [11.936, 2.48, 9.032],
			"faces": {
				"north": {"uv": [4.384, 11.584, 11.936, 11.52], "rotation": 180, "texture": "#0"},
				"east": {"uv": [11.904, 11.52, 11.936, 11.584], "texture": "#0"},
				"south": {"uv": [4.384, 11.52, 11.936, 11.584], "texture": "#0"},
				"west": {"uv": [4.384, 11.52, 4.416, 11.584], "texture": "#0"},
				"up": {"uv": [11.936, 11.52, 4.384, 11.552], "rotation": 180, "texture": "#0"},
				"down": {"uv": [4.384, 11.552, 11.936, 11.584], "texture": "#0"}
			}
		},
		{
			"name": "ben_98",
			"from": [4.416, 2.288, 8],
			"to": [11.84, 2.416, 9.032],
			"faces": {
				"north": {"uv": [4.416, 11.712, 11.84, 11.584], "rotation": 180, "texture": "#0"},
				"east": {"uv": [11.808, 11.584, 11.84, 11.712], "texture": "#0"},
				"south": {"uv": [4.416, 11.584, 11.84, 11.712], "texture": "#0"},
				"west": {"uv": [4.416, 11.584, 4.448, 11.712], "texture": "#0"},
				"up": {"uv": [11.84, 11.584, 4.416, 11.616], "rotation": 180, "texture": "#0"},
				"down": {"uv": [4.416, 11.68, 11.84, 11.712], "texture": "#0"}
			}
		},
		{
			"name": "ben_99",
			"from": [11.84, 2.352, 8],
			"to": [11.904, 2.416, 9.032],
			"faces": {
				"north": {"uv": [11.84, 11.648, 11.904, 11.584], "rotation": 180, "texture": "#0"},
				"east": {"uv": [11.872, 11.584, 11.904, 11.648], "texture": "#0"},
				"south": {"uv": [11.84, 11.584, 11.904, 11.648], "texture": "#0"},
				"west": {"uv": [11.84, 11.584, 11.872, 11.648], "texture": "#0"},
				"up": {"uv": [11.904, 11.584, 11.84, 11.616], "rotation": 180, "texture": "#0"},
				"down": {"uv": [11.84, 11.616, 11.904, 11.648], "texture": "#0"}
			}
		},
		{
			"name": "ben_100",
			"from": [11.84, 2.32, 8],
			"to": [11.872, 2.352, 9.032],
			"faces": {
				"north": {"uv": [11.84, 11.68, 11.872, 11.648], "rotation": 180, "texture": "#0"},
				"east": {"uv": [11.84, 11.648, 11.872, 11.68], "texture": "#0"},
				"south": {"uv": [11.84, 11.648, 11.872, 11.68], "texture": "#0"},
				"west": {"uv": [11.84, 11.648, 11.872, 11.68], "texture": "#0"},
				"up": {"uv": [11.872, 11.648, 11.84, 11.68], "rotation": 180, "texture": "#0"},
				"down": {"uv": [11.84, 11.648, 11.872, 11.68], "texture": "#0"}
			}
		},
		{
			"name": "ben_101",
			"from": [4.448, -0.08, 8],
			"to": [11.744, 2.288, 9.032],
			"faces": {
				"north": {"uv": [4.448, 14.08, 11.744, 11.712], "rotation": 180, "texture": "#0"},
				"east": {"uv": [11.712, 11.712, 11.744, 14.08], "texture": "#0"},
				"south": {"uv": [4.448, 11.712, 11.744, 14.08], "texture": "#0"},
				"west": {"uv": [4.448, 11.712, 4.48, 14.08], "texture": "#0"},
				"up": {"uv": [11.744, 11.712, 4.448, 11.744], "rotation": 180, "texture": "#0"},
				"down": {"uv": [4.448, 14.048, 11.744, 14.08], "texture": "#0"}
			}
		},
		{
			"name": "ben_102",
			"from": [11.744, 2.192, 8],
			"to": [11.808, 2.288, 9.032],
			"faces": {
				"north": {"uv": [11.744, 11.808, 11.808, 11.712], "rotation": 180, "texture": "#0"},
				"east": {"uv": [11.776, 11.712, 11.808, 11.808], "texture": "#0"},
				"south": {"uv": [11.744, 11.712, 11.808, 11.808], "texture": "#0"},
				"west": {"uv": [11.744, 11.712, 11.776, 11.808], "texture": "#0"},
				"up": {"uv": [11.808, 11.712, 11.744, 11.744], "rotation": 180, "texture": "#0"},
				"down": {"uv": [11.744, 11.776, 11.808, 11.808], "texture": "#0"}
			}
		},
		{
			"name": "ben_103",
			"from": [11.808, 2.256, 8],
			"to": [11.84, 2.288, 9.032],
			"faces": {
				"north": {"uv": [11.808, 11.744, 11.84, 11.712], "rotation": 180, "texture": "#0"},
				"east": {"uv": [11.808, 11.712, 11.84, 11.744], "texture": "#0"},
				"south": {"uv": [11.808, 11.712, 11.84, 11.744], "texture": "#0"},
				"west": {"uv": [11.808, 11.712, 11.84, 11.744], "texture": "#0"},
				"up": {"uv": [11.84, 11.712, 11.808, 11.744], "rotation": 180, "texture": "#0"},
				"down": {"uv": [11.808, 11.712, 11.84, 11.744], "texture": "#0"}
			}
		},
		{
			"name": "ben_104",
			"from": [4.416, -0.08, 8],
			"to": [4.448, 2.192, 9.032],
			"faces": {
				"north": {"uv": [4.416, 14.08, 4.448, 11.808], "rotation": 180, "texture": "#0"},
				"east": {"uv": [4.416, 11.808, 4.448, 14.08], "texture": "#0"},
				"south": {"uv": [4.416, 11.808, 4.448, 14.08], "texture": "#0"},
				"west": {"uv": [4.416, 11.808, 4.448, 14.08], "texture": "#0"},
				"up": {"uv": [4.448, 11.808, 4.416, 11.84], "rotation": 180, "texture": "#0"},
				"down": {"uv": [4.416, 14.048, 4.448, 14.08], "texture": "#0"}
			}
		},
		{
			"name": "ben_105",
			"from": [11.744, 2.128, 8],
			"to": [11.776, 2.192, 9.032],
			"faces": {
				"north": {"uv": [11.744, 11.872, 11.776, 11.808], "rotation": 180, "texture": "#0"},
				"east": {"uv": [11.744, 11.808, 11.776, 11.872], "texture": "#0"},
				"south": {"uv": [11.744, 11.808, 11.776, 11.872], "texture": "#0"},
				"west": {"uv": [11.744, 11.808, 11.776, 11.872], "texture": "#0"},
				"up": {"uv": [11.776, 11.808, 11.744, 11.84], "rotation": 180, "texture": "#0"},
				"down": {"uv": [11.744, 11.84, 11.776, 11.872], "texture": "#0"}
			}
		},
		{
			"name": "ben_106",
			"from": [4.384, -0.08, 8],
			"to": [4.416, 2.128, 9.032],
			"faces": {
				"north": {"uv": [4.384, 14.08, 4.416, 11.872], "rotation": 180, "texture": "#0"},
				"east": {"uv": [4.384, 11.872, 4.416, 14.08], "texture": "#0"},
				"south": {"uv": [4.384, 11.872, 4.416, 14.08], "texture": "#0"},
				"west": {"uv": [4.384, 11.872, 4.416, 14.08], "texture": "#0"},
				"up": {"uv": [4.416, 11.872, 4.384, 11.904], "rotation": 180, "texture": "#0"},
				"down": {"uv": [4.384, 14.048, 4.416, 14.08], "texture": "#0"}
			}
		},
		{
			"name": "ben_107",
			"from": [4.32, -0.08, 8],
			"to": [4.384, 2.096, 9.032],
			"faces": {
				"north": {"uv": [4.32, 14.08, 4.384, 11.904], "rotation": 180, "texture": "#0"},
				"east": {"uv": [4.352, 11.904, 4.384, 14.08], "texture": "#0"},
				"south": {"uv": [4.32, 11.904, 4.384, 14.08], "texture": "#0"},
				"west": {"uv": [4.32, 11.904, 4.352, 14.08], "texture": "#0"},
				"up": {"uv": [4.384, 11.904, 4.32, 11.936], "rotation": 180, "texture": "#0"},
				"down": {"uv": [4.32, 14.048, 4.384, 14.08], "texture": "#0"}
			}
		},
		{
			"name": "ben_108",
			"from": [4.256, -0.08, 8],
			"to": [4.32, 2.064, 9.032],
			"faces": {
				"north": {"uv": [4.256, 14.08, 4.32, 11.936], "rotation": 180, "texture": "#0"},
				"east": {"uv": [4.288, 11.936, 4.32, 14.08], "texture": "#0"},
				"south": {"uv": [4.256, 11.936, 4.32, 14.08], "texture": "#0"},
				"west": {"uv": [4.256, 11.936, 4.288, 14.08], "texture": "#0"},
				"up": {"uv": [4.32, 11.936, 4.256, 11.968], "rotation": 180, "texture": "#0"},
				"down": {"uv": [4.256, 14.048, 4.32, 14.08], "texture": "#0"}
			}
		},
		{
			"name": "ben_109",
			"from": [4.192, -0.08, 8],
			"to": [4.256, 2.032, 9.032],
			"faces": {
				"north": {"uv": [4.192, 14.08, 4.256, 11.968], "rotation": 180, "texture": "#0"},
				"east": {"uv": [4.224, 11.968, 4.256, 14.08], "texture": "#0"},
				"south": {"uv": [4.192, 11.968, 4.256, 14.08], "texture": "#0"},
				"west": {"uv": [4.192, 11.968, 4.224, 14.08], "texture": "#0"},
				"up": {"uv": [4.256, 11.968, 4.192, 12], "rotation": 180, "texture": "#0"},
				"down": {"uv": [4.192, 14.048, 4.256, 14.08], "texture": "#0"}
			}
		},
		{
			"name": "ben_110",
			"from": [11.744, -0.08, 8],
			"to": [11.776, 2.032, 9.032],
			"faces": {
				"north": {"uv": [11.744, 14.08, 11.776, 11.968], "rotation": 180, "texture": "#0"},
				"east": {"uv": [11.744, 11.968, 11.776, 14.08], "texture": "#0"},
				"south": {"uv": [11.744, 11.968, 11.776, 14.08], "texture": "#0"},
				"west": {"uv": [11.744, 11.968, 11.776, 14.08], "texture": "#0"},
				"up": {"uv": [11.776, 11.968, 11.744, 12], "rotation": 180, "texture": "#0"},
				"down": {"uv": [11.744, 14.048, 11.776, 14.08], "texture": "#0"}
			}
		},
		{
			"name": "ben_111",
			"from": [4.064, -0.08, 8],
			"to": [4.192, 2, 9.032],
			"faces": {
				"north": {"uv": [4.064, 14.08, 4.192, 12], "rotation": 180, "texture": "#0"},
				"east": {"uv": [4.16, 12, 4.192, 14.08], "texture": "#0"},
				"south": {"uv": [4.064, 12, 4.192, 14.08], "texture": "#0"},
				"west": {"uv": [4.064, 12, 4.096, 14.08], "texture": "#0"},
				"up": {"uv": [4.192, 12, 4.064, 12.032], "rotation": 180, "texture": "#0"},
				"down": {"uv": [4.064, 14.048, 4.192, 14.08], "texture": "#0"}
			}
		},
		{
			"name": "ben_112",
			"from": [4, -0.08, 8],
			"to": [4.064, 1.968, 9.032],
			"faces": {
				"north": {"uv": [4, 14.08, 4.064, 12.032], "rotation": 180, "texture": "#0"},
				"east": {"uv": [4.032, 12.032, 4.064, 14.08], "texture": "#0"},
				"south": {"uv": [4, 12.032, 4.064, 14.08], "texture": "#0"},
				"west": {"uv": [4, 12.032, 4.032, 14.08], "texture": "#0"},
				"up": {"uv": [4.064, 12.032, 4, 12.064], "rotation": 180, "texture": "#0"},
				"down": {"uv": [4, 14.048, 4.064, 14.08], "texture": "#0"}
			}
		},
		{
			"name": "ben_113",
			"from": [11.776, -0.08, 8],
			"to": [11.872, 1.968, 9.032],
			"faces": {
				"north": {"uv": [11.776, 14.08, 11.872, 12.032], "rotation": 180, "texture": "#0"},
				"east": {"uv": [11.84, 12.032, 11.872, 14.08], "texture": "#0"},
				"south": {"uv": [11.776, 12.032, 11.872, 14.08], "texture": "#0"},
				"west": {"uv": [11.776, 12.032, 11.808, 14.08], "texture": "#0"},
				"up": {"uv": [11.872, 12.032, 11.776, 12.064], "rotation": 180, "texture": "#0"},
				"down": {"uv": [11.776, 14.048, 11.872, 14.08], "texture": "#0"}
			}
		},
		{
			"name": "ben_114",
			"from": [3.84, -0.08, 8],
			"to": [4, 1.936, 9.032],
			"faces": {
				"north": {"uv": [3.84, 14.08, 4, 12.064], "rotation": 180, "texture": "#0"},
				"east": {"uv": [3.968, 12.064, 4, 14.08], "texture": "#0"},
				"south": {"uv": [3.84, 12.064, 4, 14.08], "texture": "#0"},
				"west": {"uv": [3.84, 12.064, 3.872, 14.08], "texture": "#0"},
				"up": {"uv": [4, 12.064, 3.84, 12.096], "rotation": 180, "texture": "#0"},
				"down": {"uv": [3.84, 14.048, 4, 14.08], "texture": "#0"}
			}
		},
		{
			"name": "ben_115",
			"from": [11.872, -0.08, 8],
			"to": [12, 1.936, 9.032],
			"faces": {
				"north": {"uv": [11.872, 14.08, 12, 12.064], "rotation": 180, "texture": "#0"},
				"east": {"uv": [11.968, 12.064, 12, 14.08], "texture": "#0"},
				"south": {"uv": [11.872, 12.064, 12, 14.08], "texture": "#0"},
				"west": {"uv": [11.872, 12.064, 11.904, 14.08], "texture": "#0"},
				"up": {"uv": [12, 12.064, 11.872, 12.096], "rotation": 180, "texture": "#0"},
				"down": {"uv": [11.872, 14.048, 12, 14.08], "texture": "#0"}
			}
		},
		{
			"name": "ben_116",
			"from": [3.712, -0.08, 8],
			"to": [3.84, 1.904, 9.032],
			"faces": {
				"north": {"uv": [3.712, 14.08, 3.84, 12.096], "rotation": 180, "texture": "#0"},
				"east": {"uv": [3.808, 12.096, 3.84, 14.08], "texture": "#0"},
				"south": {"uv": [3.712, 12.096, 3.84, 14.08], "texture": "#0"},
				"west": {"uv": [3.712, 12.096, 3.744, 14.08], "texture": "#0"},
				"up": {"uv": [3.84, 12.096, 3.712, 12.128], "rotation": 180, "texture": "#0"},
				"down": {"uv": [3.712, 14.048, 3.84, 14.08], "texture": "#0"}
			}
		},
		{
			"name": "ben_117",
			"from": [12, -0.08, 8],
			"to": [12.256, 1.904, 9.032],
			"faces": {
				"north": {"uv": [12, 14.08, 12.256, 12.096], "rotation": 180, "texture": "#0"},
				"east": {"uv": [12.224, 12.096, 12.256, 14.08], "texture": "#0"},
				"south": {"uv": [12, 12.096, 12.256, 14.08], "texture": "#0"},
				"west": {"uv": [12, 12.096, 12.032, 14.08], "texture": "#0"},
				"up": {"uv": [12.256, 12.096, 12, 12.128], "rotation": 180, "texture": "#0"},
				"down": {"uv": [12, 14.048, 12.256, 14.08], "texture": "#0"}
			}
		},
		{
			"name": "ben_118",
			"from": [3.584, -0.08, 8],
			"to": [3.712, 1.872, 9.032],
			"faces": {
				"north": {"uv": [3.584, 14.08, 3.712, 12.128], "rotation": 180, "texture": "#0"},
				"east": {"uv": [3.68, 12.128, 3.712, 14.08], "texture": "#0"},
				"south": {"uv": [3.584, 12.128, 3.712, 14.08], "texture": "#0"},
				"west": {"uv": [3.584, 12.128, 3.616, 14.08], "texture": "#0"},
				"up": {"uv": [3.712, 12.128, 3.584, 12.16], "rotation": 180, "texture": "#0"},
				"down": {"uv": [3.584, 14.048, 3.712, 14.08], "texture": "#0"}
			}
		},
		{
			"name": "ben_119",
			"from": [12.256, -0.08, 8],
			"to": [12.416, 1.872, 9.032],
			"faces": {
				"north": {"uv": [12.256, 14.08, 12.416, 12.128], "rotation": 180, "texture": "#0"},
				"east": {"uv": [12.384, 12.128, 12.416, 14.08], "texture": "#0"},
				"south": {"uv": [12.256, 12.128, 12.416, 14.08], "texture": "#0"},
				"west": {"uv": [12.256, 12.128, 12.288, 14.08], "texture": "#0"},
				"up": {"uv": [12.416, 12.128, 12.256, 12.16], "rotation": 180, "texture": "#0"},
				"down": {"uv": [12.256, 14.048, 12.416, 14.08], "texture": "#0"}
			}
		},
		{
			"name": "ben_120",
			"from": [3.424, -0.08, 8],
			"to": [3.584, 1.84, 9.032],
			"faces": {
				"north": {"uv": [3.424, 14.08, 3.584, 12.16], "rotation": 180, "texture": "#0"},
				"east": {"uv": [3.552, 12.16, 3.584, 14.08], "texture": "#0"},
				"south": {"uv": [3.424, 12.16, 3.584, 14.08], "texture": "#0"},
				"west": {"uv": [3.424, 12.16, 3.456, 14.08], "texture": "#0"},
				"up": {"uv": [3.584, 12.16, 3.424, 12.192], "rotation": 180, "texture": "#0"},
				"down": {"uv": [3.424, 14.048, 3.584, 14.08], "texture": "#0"}
			}
		},
		{
			"name": "ben_121",
			"from": [12.416, -0.08, 8],
			"to": [12.512, 1.84, 9.032],
			"faces": {
				"north": {"uv": [12.416, 14.08, 12.512, 12.16], "rotation": 180, "texture": "#0"},
				"east": {"uv": [12.48, 12.16, 12.512, 14.08], "texture": "#0"},
				"south": {"uv": [12.416, 12.16, 12.512, 14.08], "texture": "#0"},
				"west": {"uv": [12.416, 12.16, 12.448, 14.08], "texture": "#0"},
				"up": {"uv": [12.512, 12.16, 12.416, 12.192], "rotation": 180, "texture": "#0"},
				"down": {"uv": [12.416, 14.048, 12.512, 14.08], "texture": "#0"}
			}
		},
		{
			"name": "ben_122",
			"from": [3.2, -0.08, 8],
			"to": [3.424, 1.808, 9.032],
			"faces": {
				"north": {"uv": [3.2, 14.08, 3.424, 12.192], "rotation": 180, "texture": "#0"},
				"east": {"uv": [3.392, 12.192, 3.424, 14.08], "texture": "#0"},
				"south": {"uv": [3.2, 12.192, 3.424, 14.08], "texture": "#0"},
				"west": {"uv": [3.2, 12.192, 3.232, 14.08], "texture": "#0"},
				"up": {"uv": [3.424, 12.192, 3.2, 12.224], "rotation": 180, "texture": "#0"},
				"down": {"uv": [3.2, 14.048, 3.424, 14.08], "texture": "#0"}
			}
		},
		{
			"name": "ben_123",
			"from": [12.512, -0.08, 8],
			"to": [12.672, 1.808, 9.032],
			"faces": {
				"north": {"uv": [12.512, 14.08, 12.672, 12.192], "rotation": 180, "texture": "#0"},
				"east": {"uv": [12.64, 12.192, 12.672, 14.08], "texture": "#0"},
				"south": {"uv": [12.512, 12.192, 12.672, 14.08], "texture": "#0"},
				"west": {"uv": [12.512, 12.192, 12.544, 14.08], "texture": "#0"},
				"up": {"uv": [12.672, 12.192, 12.512, 12.224], "rotation": 180, "texture": "#0"},
				"down": {"uv": [12.512, 14.048, 12.672, 14.08], "texture": "#0"}
			}
		},
		{
			"name": "ben_124",
			"from": [3.104, -0.08, 8],
			"to": [3.2, 1.776, 9.032],
			"faces": {
				"north": {"uv": [3.104, 14.08, 3.2, 12.224], "rotation": 180, "texture": "#0"},
				"east": {"uv": [3.168, 12.224, 3.2, 14.08], "texture": "#0"},
				"south": {"uv": [3.104, 12.224, 3.2, 14.08], "texture": "#0"},
				"west": {"uv": [3.104, 12.224, 3.136, 14.08], "texture": "#0"},
				"up": {"uv": [3.2, 12.224, 3.104, 12.256], "rotation": 180, "texture": "#0"},
				"down": {"uv": [3.104, 14.048, 3.2, 14.08], "texture": "#0"}
			}
		},
		{
			"name": "ben_125",
			"from": [12.672, -0.08, 8],
			"to": [12.768, 1.776, 9.032],
			"faces": {
				"north": {"uv": [12.672, 14.08, 12.768, 12.224], "rotation": 180, "texture": "#0"},
				"east": {"uv": [12.736, 12.224, 12.768, 14.08], "texture": "#0"},
				"south": {"uv": [12.672, 12.224, 12.768, 14.08], "texture": "#0"},
				"west": {"uv": [12.672, 12.224, 12.704, 14.08], "texture": "#0"},
				"up": {"uv": [12.768, 12.224, 12.672, 12.256], "rotation": 180, "texture": "#0"},
				"down": {"uv": [12.672, 14.048, 12.768, 14.08], "texture": "#0"}
			}
		},
		{
			"name": "ben_126",
			"from": [3.008, -0.08, 8],
			"to": [3.104, 1.744, 9.032],
			"faces": {
				"north": {"uv": [3.008, 14.08, 3.104, 12.256], "rotation": 180, "texture": "#0"},
				"east": {"uv": [3.072, 12.256, 3.104, 14.08], "texture": "#0"},
				"south": {"uv": [3.008, 12.256, 3.104, 14.08], "texture": "#0"},
				"west": {"uv": [3.008, 12.256, 3.04, 14.08], "texture": "#0"},
				"up": {"uv": [3.104, 12.256, 3.008, 12.288], "rotation": 180, "texture": "#0"},
				"down": {"uv": [3.008, 14.048, 3.104, 14.08], "texture": "#0"}
			}
		},
		{
			"name": "ben_127",
			"from": [12.768, -0.08, 8],
			"to": [12.864, 1.744, 9.032],
			"faces": {
				"north": {"uv": [12.768, 14.08, 12.864, 12.256], "rotation": 180, "texture": "#0"},
				"east": {"uv": [12.832, 12.256, 12.864, 14.08], "texture": "#0"},
				"south": {"uv": [12.768, 12.256, 12.864, 14.08], "texture": "#0"},
				"west": {"uv": [12.768, 12.256, 12.8, 14.08], "texture": "#0"},
				"up": {"uv": [12.864, 12.256, 12.768, 12.288], "rotation": 180, "texture": "#0"},
				"down": {"uv": [12.768, 14.048, 12.864, 14.08], "texture": "#0"}
			}
		},
		{
			"name": "ben_128",
			"from": [2.848, -0.08, 8],
			"to": [3.008, 1.712, 9.032],
			"faces": {
				"north": {"uv": [2.848, 14.08, 3.008, 12.288], "rotation": 180, "texture": "#0"},
				"east": {"uv": [2.976, 12.288, 3.008, 14.08], "texture": "#0"},
				"south": {"uv": [2.848, 12.288, 3.008, 14.08], "texture": "#0"},
				"west": {"uv": [2.848, 12.288, 2.88, 14.08], "texture": "#0"},
				"up": {"uv": [3.008, 12.288, 2.848, 12.32], "rotation": 180, "texture": "#0"},
				"down": {"uv": [2.848, 14.048, 3.008, 14.08], "texture": "#0"}
			}
		},
		{
			"name": "ben_129",
			"from": [12.864, -0.08, 8],
			"to": [13.184, 1.712, 9.032],
			"faces": {
				"north": {"uv": [12.864, 14.08, 13.184, 12.288], "rotation": 180, "texture": "#0"},
				"east": {"uv": [13.152, 12.288, 13.184, 14.08], "texture": "#0"},
				"south": {"uv": [12.864, 12.288, 13.184, 14.08], "texture": "#0"},
				"west": {"uv": [12.864, 12.288, 12.896, 14.08], "texture": "#0"},
				"up": {"uv": [13.184, 12.288, 12.864, 12.32], "rotation": 180, "texture": "#0"},
				"down": {"uv": [12.864, 14.048, 13.184, 14.08], "texture": "#0"}
			}
		},
		{
			"name": "ben_130",
			"from": [2.72, -0.08, 8],
			"to": [2.848, 1.68, 9.032],
			"faces": {
				"north": {"uv": [2.72, 14.08, 2.848, 12.32], "rotation": 180, "texture": "#0"},
				"east": {"uv": [2.816, 12.32, 2.848, 14.08], "texture": "#0"},
				"south": {"uv": [2.72, 12.32, 2.848, 14.08], "texture": "#0"},
				"west": {"uv": [2.72, 12.32, 2.752, 14.08], "texture": "#0"},
				"up": {"uv": [2.848, 12.32, 2.72, 12.352], "rotation": 180, "texture": "#0"},
				"down": {"uv": [2.72, 14.048, 2.848, 14.08], "texture": "#0"}
			}
		},
		{
			"name": "ben_131",
			"from": [13.184, -0.08, 8],
			"to": [13.248, 1.68, 9.032],
			"faces": {
				"north": {"uv": [13.184, 14.08, 13.248, 12.32], "rotation": 180, "texture": "#0"},
				"east": {"uv": [13.216, 12.32, 13.248, 14.08], "texture": "#0"},
				"south": {"uv": [13.184, 12.32, 13.248, 14.08], "texture": "#0"},
				"west": {"uv": [13.184, 12.32, 13.216, 14.08], "texture": "#0"},
				"up": {"uv": [13.248, 12.32, 13.184, 12.352], "rotation": 180, "texture": "#0"},
				"down": {"uv": [13.184, 14.048, 13.248, 14.08], "texture": "#0"}
			}
		},
		{
			"name": "ben_132",
			"from": [2.592, -0.08, 8],
			"to": [2.72, 1.648, 9.032],
			"faces": {
				"north": {"uv": [2.592, 14.08, 2.72, 12.352], "rotation": 180, "texture": "#0"},
				"east": {"uv": [2.688, 12.352, 2.72, 14.08], "texture": "#0"},
				"south": {"uv": [2.592, 12.352, 2.72, 14.08], "texture": "#0"},
				"west": {"uv": [2.592, 12.352, 2.624, 14.08], "texture": "#0"},
				"up": {"uv": [2.72, 12.352, 2.592, 12.384], "rotation": 180, "texture": "#0"},
				"down": {"uv": [2.592, 14.048, 2.72, 14.08], "texture": "#0"}
			}
		},
		{
			"name": "ben_133",
			"from": [13.248, -0.08, 8],
			"to": [13.28, 1.648, 9.032],
			"faces": {
				"north": {"uv": [13.248, 14.08, 13.28, 12.352], "rotation": 180, "texture": "#0"},
				"east": {"uv": [13.248, 12.352, 13.28, 14.08], "texture": "#0"},
				"south": {"uv": [13.248, 12.352, 13.28, 14.08], "texture": "#0"},
				"west": {"uv": [13.248, 12.352, 13.28, 14.08], "texture": "#0"},
				"up": {"uv": [13.28, 12.352, 13.248, 12.384], "rotation": 180, "texture": "#0"},
				"down": {"uv": [13.248, 14.048, 13.28, 14.08], "texture": "#0"}
			}
		},
		{
			"name": "ben_134",
			"from": [2.496, -0.08, 8],
			"to": [2.592, 1.616, 9.032],
			"faces": {
				"north": {"uv": [2.496, 14.08, 2.592, 12.384], "rotation": 180, "texture": "#0"},
				"east": {"uv": [2.56, 12.384, 2.592, 14.08], "texture": "#0"},
				"south": {"uv": [2.496, 12.384, 2.592, 14.08], "texture": "#0"},
				"west": {"uv": [2.496, 12.384, 2.528, 14.08], "texture": "#0"},
				"up": {"uv": [2.592, 12.384, 2.496, 12.416], "rotation": 180, "texture": "#0"},
				"down": {"uv": [2.496, 14.048, 2.592, 14.08], "texture": "#0"}
			}
		},
		{
			"name": "ben_135",
			"from": [13.28, -0.08, 8],
			"to": [13.312, 1.616, 9.032],
			"faces": {
				"north": {"uv": [13.28, 14.08, 13.312, 12.384], "rotation": 180, "texture": "#0"},
				"east": {"uv": [13.28, 12.384, 13.312, 14.08], "texture": "#0"},
				"south": {"uv": [13.28, 12.384, 13.312, 14.08], "texture": "#0"},
				"west": {"uv": [13.28, 12.384, 13.312, 14.08], "texture": "#0"},
				"up": {"uv": [13.312, 12.384, 13.28, 12.416], "rotation": 180, "texture": "#0"},
				"down": {"uv": [13.28, 14.048, 13.312, 14.08], "texture": "#0"}
			}
		},
		{
			"name": "ben_136",
			"from": [2.4, -0.08, 8],
			"to": [2.496, 1.584, 9.032],
			"faces": {
				"north": {"uv": [2.4, 14.08, 2.496, 12.416], "rotation": 180, "texture": "#0"},
				"east": {"uv": [2.464, 12.416, 2.496, 14.08], "texture": "#0"},
				"south": {"uv": [2.4, 12.416, 2.496, 14.08], "texture": "#0"},
				"west": {"uv": [2.4, 12.416, 2.432, 14.08], "texture": "#0"},
				"up": {"uv": [2.496, 12.416, 2.4, 12.448], "rotation": 180, "texture": "#0"},
				"down": {"uv": [2.4, 14.048, 2.496, 14.08], "texture": "#0"}
			}
		},
		{
			"name": "ben_137",
			"from": [2.304, -0.08, 8],
			"to": [2.4, 1.552, 9.032],
			"faces": {
				"north": {"uv": [2.304, 14.08, 2.4, 12.448], "rotation": 180, "texture": "#0"},
				"east": {"uv": [2.368, 12.448, 2.4, 14.08], "texture": "#0"},
				"south": {"uv": [2.304, 12.448, 2.4, 14.08], "texture": "#0"},
				"west": {"uv": [2.304, 12.448, 2.336, 14.08], "texture": "#0"},
				"up": {"uv": [2.4, 12.448, 2.304, 12.48], "rotation": 180, "texture": "#0"},
				"down": {"uv": [2.304, 14.048, 2.4, 14.08], "texture": "#0"}
			}
		},
		{
			"name": "ben_138",
			"from": [2.176, -0.08, 8],
			"to": [2.304, 1.52, 9.032],
			"faces": {
				"north": {"uv": [2.176, 14.08, 2.304, 12.48], "rotation": 180, "texture": "#0"},
				"east": {"uv": [2.272, 12.48, 2.304, 14.08], "texture": "#0"},
				"south": {"uv": [2.176, 12.48, 2.304, 14.08], "texture": "#0"},
				"west": {"uv": [2.176, 12.48, 2.208, 14.08], "texture": "#0"},
				"up": {"uv": [2.304, 12.48, 2.176, 12.512], "rotation": 180, "texture": "#0"},
				"down": {"uv": [2.176, 14.048, 2.304, 14.08], "texture": "#0"}
			}
		},
		{
			"name": "ben_139",
			"from": [2.112, -0.08, 8],
			"to": [2.176, 1.488, 9.032],
			"faces": {
				"north": {"uv": [2.112, 14.08, 2.176, 12.512], "rotation": 180, "texture": "#0"},
				"east": {"uv": [2.144, 12.512, 2.176, 14.08], "texture": "#0"},
				"south": {"uv": [2.112, 12.512, 2.176, 14.08], "texture": "#0"},
				"west": {"uv": [2.112, 12.512, 2.144, 14.08], "texture": "#0"},
				"up": {"uv": [2.176, 12.512, 2.112, 12.544], "rotation": 180, "texture": "#0"},
				"down": {"uv": [2.112, 14.048, 2.176, 14.08], "texture": "#0"}
			}
		},
		{
			"name": "ben_140",
			"from": [2.08, -0.08, 8],
			"to": [2.112, 1.456, 9.032],
			"faces": {
				"north": {"uv": [2.08, 14.08, 2.112, 12.544], "rotation": 180, "texture": "#0"},
				"east": {"uv": [2.08, 12.544, 2.112, 14.08], "texture": "#0"},
				"south": {"uv": [2.08, 12.544, 2.112, 14.08], "texture": "#0"},
				"west": {"uv": [2.08, 12.544, 2.112, 14.08], "texture": "#0"},
				"up": {"uv": [2.112, 12.544, 2.08, 12.576], "rotation": 180, "texture": "#0"},
				"down": {"uv": [2.08, 14.048, 2.112, 14.08], "texture": "#0"}
			}
		},
		{
			"name": "ben_141",
			"from": [2.048, -0.08, 8],
			"to": [2.08, 1.424, 9.032],
			"faces": {
				"north": {"uv": [2.048, 14.08, 2.08, 12.576], "rotation": 180, "texture": "#0"},
				"east": {"uv": [2.048, 12.576, 2.08, 14.08], "texture": "#0"},
				"south": {"uv": [2.048, 12.576, 2.08, 14.08], "texture": "#0"},
				"west": {"uv": [2.048, 12.576, 2.08, 14.08], "texture": "#0"},
				"up": {"uv": [2.08, 12.576, 2.048, 12.608], "rotation": 180, "texture": "#0"},
				"down": {"uv": [2.048, 14.048, 2.08, 14.08], "texture": "#0"}
			}
		},
		{
			"name": "ben_142",
			"from": [2.016, -0.08, 8],
			"to": [2.048, 1.392, 9.032],
			"faces": {
				"north": {"uv": [2.016, 14.08, 2.048, 12.608], "rotation": 180, "texture": "#0"},
				"east": {"uv": [2.016, 12.608, 2.048, 14.08], "texture": "#0"},
				"south": {"uv": [2.016, 12.608, 2.048, 14.08], "texture": "#0"},
				"west": {"uv": [2.016, 12.608, 2.048, 14.08], "texture": "#0"},
				"up": {"uv": [2.048, 12.608, 2.016, 12.64], "rotation": 180, "texture": "#0"},
				"down": {"uv": [2.016, 14.048, 2.048, 14.08], "texture": "#0"}
			}
		},
		{
			"name": "ben_143",
			"from": [13.312, -0.08, 8],
			"to": [13.344, 1.392, 9.032],
			"faces": {
				"north": {"uv": [13.312, 14.08, 13.344, 12.608], "rotation": 180, "texture": "#0"},
				"east": {"uv": [13.312, 12.608, 13.344, 14.08], "texture": "#0"},
				"south": {"uv": [13.312, 12.608, 13.344, 14.08], "texture": "#0"},
				"west": {"uv": [13.312, 12.608, 13.344, 14.08], "texture": "#0"},
				"up": {"uv": [13.344, 12.608, 13.312, 12.64], "rotation": 180, "texture": "#0"},
				"down": {"uv": [13.312, 14.048, 13.344, 14.08], "texture": "#0"}
			}
		}
	],
	"display": {
		"thirdperson_righthand": {
			"rotation": [-90, 0, -180],
			"scale": [0.5, 0.5, 0.5]
		},
		"thirdperson_lefthand": {
			"rotation": [-90, 0, -180],
			"scale": [0.5, 0.5, 0.5]
		},
		"firstperson_righthand": {
			"rotation": [-82, 0, 0],
			"translation": [-1, 5.75, 0]
		},
		"firstperson_lefthand": {
			"rotation": [-82, 0, 0],
			"translation": [-1, 5.75, 0]
		},
		"ground": {
			"translation": [0, 6.5, 0]
		},
		"gui": {
			"translation": [0, 1, 0]
		},
		"head": {
			"translation": [0, 1.5, -7.5]
		},
		"fixed": {
			"translation": [0, 0, -0.25]
		}
	},
	"groups": [
		{
			"name": "ben",
			"origin": [8, 8, 8],
			"color": 0,
			"children": [0, 1, 2, 3, 4, 5, 6, 7, 8, 9, 10, 11, 12, 13, 14, 15, 16, 17, 18, 19, 20, 21, 22, 23, 24, 25, 26, 27, 28, 29, 30, 31, 32, 33, 34, 35, 36, 37, 38, 39, 40, 41, 42, 43, 44, 45, 46, 47, 48, 49, 50, 51, 52, 53, 54, 55, 56, 57, 58, 59, 60, 61, 62, 63, 64, 65, 66, 67, 68, 69, 70, 71, 72, 73, 74, 75, 76, 77, 78, 79, 80, 81, 82, 83, 84, 85, 86, 87, 88, 89, 90, 91, 92, 93, 94, 95, 96, 97, 98, 99, 100, 101, 102, 103, 104, 105, 106, 107, 108, 109, 110, 111, 112, 113, 114, 115, 116, 117, 118, 119, 120, 121, 122, 123, 124, 125, 126, 127, 128, 129, 130, 131, 132, 133, 134, 135, 136, 137, 138, 139, 140, 141, 142, 143]
		}
	]
}