{
	"credit": "Made with Blockbench",
	"texture_size": [32, 32],
	"textures": {
		"0": "hats/bucket",
		"particle": "hats/bucket"
	},
	"elements": [
		{
			"from": [5, 17, 6],
			"to": [10, 18, 11],
			"faces": {
				"north": {"uv": [7, 5, 9.5, 5.5], "texture": "#0"},
				"east": {"uv": [7, 5.5, 9.5, 6], "texture": "#0"},
				"south": {"uv": [7, 6, 9.5, 6.5], "texture": "#0"},
				"west": {"uv": [7, 6.5, 9.5, 7], "texture": "#0"},
				"up": {"uv": [9.5, 2.5, 7, 0], "texture": "#0"},
				"down": {"uv": [9.5, 2.5, 7, 5], "texture": "#0"}
			}
		},
		{
			"from": [4, 11, 5],
			"to": [11, 17, 12],
			"faces": {
				"north": {"uv": [3.5, 0, 7, 3], "texture": "#0"},
				"east": {"uv": [3.5, 3, 7, 6], "texture": "#0"},
				"south": {"uv": [3.5, 6, 7, 9], "texture": "#0"},
				"west": {"uv": [0, 7, 3.5, 10], "texture": "#0"},
				"up": {"uv": [3.5, 3.5, 0, 0], "texture": "#0"},
				"down": {"uv": [3.5, 3.5, 0, 7], "texture": "#0"}
			}
		},
		{
			"from": [4, 9, 6],
			"to": [5, 11, 7],
			"faces": {
				"north": {"uv": [3.5, 9, 4, 10], "texture": "#0"},
				"east": {"uv": [4, 9, 4.5, 10], "texture": "#0"},
				"south": {"uv": [4.5, 9, 5, 10], "texture": "#0"},
				"west": {"uv": [5, 9, 5.5, 10], "texture": "#0"},
				"up": {"uv": [10, 4.5, 9.5, 4], "texture": "#0"},
				"down": {"uv": [10, 4.5, 9.5, 5], "texture": "#0"}
			}
		},
		{
			"from": [5, 6.5, 6],
			"to": [10, 7.5, 7],
			"faces": {
				"north": {"uv": [7, 7, 9.5, 7.5], "texture": "#0"},
				"east": {"uv": [9.5, 5, 10, 5.5], "texture": "#0"},
				"south": {"uv": [7, 7.5, 9.5, 8], "texture": "#0"},
				"west": {"uv": [9.5, 5.5, 10, 6], "texture": "#0"},
				"up": {"uv": [9.5, 8.5, 7, 8], "texture": "#0"},
				"down": {"uv": [9.5, 8.5, 7, 9], "texture": "#0"}
			}
		},
		{
			"from": [10, 7, 6],
			"to": [11, 9, 7],
			"faces": {
				"north": {"uv": [5.5, 9, 6, 10], "texture": "#0"},
				"east": {"uv": [6, 9, 6.5, 10], "texture": "#0"},
				"south": {"uv": [6.5, 9, 7, 10], "texture": "#0"},
				"west": {"uv": [7, 9, 7.5, 10], "texture": "#0"},
				"up": {"uv": [10, 6.5, 9.5, 6], "texture": "#0"},
				"down": {"uv": [10, 6.5, 9.5, 7], "texture": "#0"}
			}
		},
		{
			"from": [10, 9, 6],
			"to": [11, 11, 7],
			"faces": {
				"north": {"uv": [7.5, 9, 8, 10], "texture": "#0"},
				"east": {"uv": [8, 9, 8.5, 10], "texture": "#0"},
				"south": {"uv": [8.5, 9, 9, 10], "texture": "#0"},
				"west": {"uv": [9, 9, 9.5, 10], "texture": "#0"},
				"up": {"uv": [10, 7.5, 9.5, 7], "texture": "#0"},
				"down": {"uv": [10, 7.5, 9.5, 8], "texture": "#0"}
			}
		},
		{
			"from": [4, 7, 6],
			"to": [5, 9, 7],
			"faces": {
				"north": {"uv": [9.5, 0, 10, 1], "texture": "#0"},
				"east": {"uv": [9.5, 1, 10, 2], "texture": "#0"},
				"south": {"uv": [9.5, 2, 10, 3], "texture": "#0"},
				"west": {"uv": [9.5, 3, 10, 4], "texture": "#0"},
				"up": {"uv": [10, 8.5, 9.5, 8], "texture": "#0"},
				"down": {"uv": [10, 8.5, 9.5, 9], "texture": "#0"}
			}
		}
	],
	"display": {
		"head": {
			"translation": [0.75, -5, -0.75],
			"scale": [2.11719, 2, 2.18555]
		}
	}
}