{
  "parent": "minecraft:item/handheld",
  "textures": {
    "layer0": "minecraft:item/diamond_sword"
  },
  "overrides": [
    {
      "predicate": {
        "custom_model_data": 1
      },
      "model": "minecraft:item/piratepufferfish"
    },

    {
      "predicate": {
        "custom_model_data": 2
      },
      "model": "minecraft:item/sofie"
    },
    {
      "predicate": {
        "custom_model_data": 3
      },
      "model": "minecraft:item/jameswand"
    },
    {
      "predicate": {
        "custom_model_data": 4
      },
      "model": "minecraft:item/lightsaber"
    },
    {
      "predicate": {
        "custom_model_data": 5
      },
      "model": "minecraft:item/Epicswordmodel"
    },
    {
      "predicate": {
        "custom_model_data": 6
      },
      "model": "minecraft:item/invis"
    }
  ]
}
