{
	"credit": "Made with Blockbench",
	"textures": {
		"0": "item/Handlebottom1",
		"1": "item/HandleBottom2",
		"2": "item/Bladetop",
		"3": "item/Handlemiddlesection",
		"4": "item/Handle3x2",
		"5": "item/Blade2x1",
		"6": "item/Handle",
		"particle": "item/Handlebottom1"
	},
	"elements": [
		{
			"from": [8, 0, 7],
			"to": [9, 5, 8],
			"faces": {
				"north": {"uv": [0, 0, 1, 4], "texture": "#6"},
				"east": {"uv": [1, 0, 2, 4], "texture": "#6"},
				"south": {"uv": [2, 0, 3, 4], "texture": "#6"},
				"west": {"uv": [3, 0, 4, 4], "texture": "#6"},
				"up": {"uv": [1, 5, 0, 4], "texture": "#6"},
				"down": {"uv": [5, 0, 4, 1], "texture": "#6"}
			}
		},
		{
			"from": [8, 5, 6],
			"to": [9, 13, 8],
			"faces": {
				"north": {"uv": [4, 0, 5, 8], "texture": "#3"},
				"east": {"uv": [0, 0, 2, 8], "texture": "#3"},
				"south": {"uv": [5, 0, 6, 8], "texture": "#3"},
				"west": {"uv": [2, 0, 4, 8], "texture": "#3"},
				"up": {"uv": [7, 2, 6, 0], "texture": "#3"},
				"down": {"uv": [7, 2, 6, 4], "texture": "#3"}
			}
		},
		{
			"from": [8, 13, 6],
			"to": [9, 16, 10],
			"faces": {
				"north": {"uv": [5, 0, 6, 3], "texture": "#2"},
				"east": {"uv": [0, 0, 4, 3], "texture": "#2"},
				"south": {"uv": [5, 3, 6, 6], "texture": "#2"},
				"west": {"uv": [0, 3, 4, 6], "texture": "#2"},
				"up": {"uv": [5, 4, 4, 0], "texture": "#2"},
				"down": {"uv": [5, 4, 4, 8], "texture": "#2"}
			}
		},
		{
			"from": [8, 11, 8],
			"to": [9, 13, 9],
			"faces": {
				"north": {"uv": [0, 0, 1, 2], "texture": "#5"},
				"east": {"uv": [1, 0, 2, 2], "texture": "#5"},
				"south": {"uv": [0, 2, 1, 4], "texture": "#5"},
				"west": {"uv": [2, 0, 3, 2], "texture": "#5"},
				"up": {"uv": [2, 3, 1, 2], "texture": "#5"},
				"down": {"uv": [3, 2, 2, 3], "texture": "#5"}
			}
		},
		{
			"from": [8, 6, 8],
			"to": [9, 9, 9],
			"faces": {
				"north": {"uv": [0, 0, 1, 3], "texture": "#4"},
				"east": {"uv": [1, 0, 2, 3], "texture": "#4"},
				"south": {"uv": [2, 0, 3, 3], "texture": "#4"},
				"west": {"uv": [0, 3, 1, 6], "texture": "#4"},
				"up": {"uv": [4, 1, 3, 0], "texture": "#4"},
				"down": {"uv": [2, 3, 1, 4], "texture": "#4"}
			}
		},
		{
			"from": [7, 0, 7],
			"to": [10, 1, 8],
			"faces": {
				"north": {"uv": [0, 0, 3, 1], "texture": "#0"},
				"east": {"uv": [3, 0, 4, 1], "texture": "#0"},
				"south": {"uv": [0, 1, 3, 2], "texture": "#0"},
				"west": {"uv": [3, 1, 4, 2], "texture": "#0"},
				"up": {"uv": [3, 3, 0, 2], "texture": "#0"},
				"down": {"uv": [3, 3, 0, 4], "texture": "#0"}
			}
		},
		{
			"from": [8, 0, 6],
			"to": [9, 1, 9],
			"faces": {
				"north": {"uv": [2, 2, 3, 3], "texture": "#1"},
				"east": {"uv": [0, 0, 3, 1], "texture": "#1"},
				"south": {"uv": [3, 0, 4, 1], "texture": "#1"},
				"west": {"uv": [0, 1, 3, 2], "texture": "#1"},
				"up": {"uv": [1, 5, 0, 2], "texture": "#1"},
				"down": {"uv": [2, 2, 1, 5], "texture": "#1"}
			}
		}
	],
	"display": {
		"thirdperson_righthand": {
			"translation": [0, 3.25, 1]
		},
		"thirdperson_lefthand": {
			"translation": [0.75, 3.25, 2]
		},
		"firstperson_righthand": {
			"translation": [0.25, 2.75, 0]
		},
		"ground": {
			"translation": [0, 4, 0]
		},
		"gui": {
			"rotation": [103, -34, -89]
		},
		"head": {
			"translation": [-1, 7.25, -5]
		},
		"fixed": {
			"rotation": [0, 98, 0],
			"scale": [4, 4, 4]
		}
	}
}