{
	"credit": "Made with Blockbench",
	"texture_size": [64, 64],
	"textures": {
		"0": "hats/gibus",
		"particle": "hats/gibus"
	},
	"elements": [
		{
			"from": [4, 0, 4],
			"to": [12, 7, 12],
			"faces": {
				"north": {"uv": [4.5, 2, 6.5, 3.75], "texture": "#0"},
				"east": {"uv": [4.5, 3.75, 6.5, 5.5], "texture": "#0"},
				"south": {"uv": [0, 5, 2, 6.75], "texture": "#0"},
				"west": {"uv": [4.5, 5.5, 6.5, 7.25], "texture": "#0"},
				"up": {"uv": [4.5, 2, 2.5, 0], "texture": "#0"},
				"down": {"uv": [4.5, 2, 2.5, 4], "texture": "#0"}
			}
		},
		{
			"from": [8, 8, 4],
			"to": [12, 9, 12],
			"faces": {
				"north": {"uv": [4.5, 7.25, 5.5, 7.5], "texture": "#0"},
				"east": {"uv": [0, 6.75, 2, 7], "texture": "#0"},
				"south": {"uv": [5.5, 7.25, 6.5, 7.5], "texture": "#0"},
				"west": {"uv": [0, 7, 2, 7.25], "texture": "#0"},
				"up": {"uv": [4.5, 8, 3.5, 6], "texture": "#0"},
				"down": {"uv": [7.5, 2, 6.5, 4], "texture": "#0"}
			}
		},
		{
			"from": [3, 0, 3],
			"to": [13, 1, 13],
			"faces": {
				"north": {"uv": [7, 4, 9.5, 4.25], "texture": "#0"},
				"east": {"uv": [7, 4.25, 9.5, 4.5], "texture": "#0"},
				"south": {"uv": [7, 4.5, 9.5, 4.75], "texture": "#0"},
				"west": {"uv": [7, 4.75, 9.5, 5], "texture": "#0"},
				"up": {"uv": [2.5, 2.5, 0, 0], "texture": "#0"},
				"down": {"uv": [2.5, 2.5, 0, 5], "texture": "#0"}
			}
		},
		{
			"from": [10, 9, 4],
			"to": [12, 10, 12],
			"faces": {
				"north": {"uv": [8, 0.5, 8.5, 0.75], "texture": "#0"},
				"east": {"uv": [7, 5, 9, 5.25], "texture": "#0"},
				"south": {"uv": [8, 0.75, 8.5, 1], "texture": "#0"},
				"west": {"uv": [7, 5.25, 9, 5.5], "texture": "#0"},
				"up": {"uv": [7, 6, 6.5, 4], "texture": "#0"},
				"down": {"uv": [7, 6, 6.5, 8], "texture": "#0"}
			}
		},
		{
			"from": [-1, 13, 4],
			"to": [7, 14, 12],
			"rotation": {"angle": -22.5, "axis": "z", "origin": [0, 0, 0]},
			"faces": {
				"north": {"uv": [7, 5.5, 9, 5.75], "texture": "#0"},
				"east": {"uv": [7, 5.75, 9, 6], "texture": "#0"},
				"south": {"uv": [7, 6, 9, 6.25], "texture": "#0"},
				"west": {"uv": [7, 6.25, 9, 6.5], "texture": "#0"},
				"up": {"uv": [4.5, 6, 2.5, 4], "texture": "#0"},
				"down": {"uv": [6.5, 0, 4.5, 2], "texture": "#0"}
			}
		},
		{
			"from": [3.5, 10, 7],
			"to": [5, 11.5, 8.5],
			"faces": {
				"north": {"uv": [2, 5, 2.5, 5.5], "texture": "#0"},
				"east": {"uv": [2, 5.5, 2.5, 6], "texture": "#0"},
				"south": {"uv": [1.5, 7.25, 2, 7.75], "texture": "#0"},
				"west": {"uv": [7, 7.25, 7.5, 7.75], "texture": "#0"},
				"up": {"uv": [0.5, 8, 0, 7.5], "texture": "#0"},
				"down": {"uv": [1, 7.5, 0.5, 8], "texture": "#0"}
			}
		},
		{
			"from": [3.5, 10.25, 2.75],
			"to": [5, 12.25, 3.25],
			"rotation": {"angle": 22.5, "axis": "x", "origin": [0, 0, 0]},
			"faces": {
				"north": {"uv": [1.5, 7.75, 2, 8.25], "texture": "#0"},
				"east": {"uv": [5.25, 8, 5.5, 8.5], "texture": "#0"},
				"south": {"uv": [7, 7.75, 7.5, 8.25], "texture": "#0"},
				"west": {"uv": [5.5, 8, 5.75, 8.5], "texture": "#0"},
				"up": {"uv": [6.25, 8.25, 5.75, 8], "texture": "#0"},
				"down": {"uv": [6.75, 8, 6.25, 8.25], "texture": "#0"}
			}
		},
		{
			"from": [3.5, 4.25, 11.25],
			"to": [5, 6.25, 11.75],
			"rotation": {"angle": -22.5, "axis": "x", "origin": [0, 0, 0]},
			"faces": {
				"north": {"uv": [5, 7.5, 5.5, 8], "texture": "#0"},
				"east": {"uv": [8, 3, 8.25, 3.5], "texture": "#0"},
				"south": {"uv": [5.5, 7.5, 6, 8], "texture": "#0"},
				"west": {"uv": [3.5, 8, 3.75, 8.5], "texture": "#0"},
				"up": {"uv": [8.5, 3.75, 8, 3.5], "texture": "#0"},
				"down": {"uv": [4.25, 8, 3.75, 8.25], "texture": "#0"}
			}
		},
		{
			"from": [6, 7, 4],
			"to": [12, 8, 12],
			"faces": {
				"north": {"uv": [7, 7, 8.5, 7.25], "texture": "#0"},
				"east": {"uv": [7, 6.5, 9, 6.75], "texture": "#0"},
				"south": {"uv": [0, 7.25, 1.5, 7.5], "texture": "#0"},
				"west": {"uv": [7, 6.75, 9, 7], "texture": "#0"},
				"up": {"uv": [3.5, 8, 2, 6], "texture": "#0"},
				"down": {"uv": [8, 0, 6.5, 2], "texture": "#0"}
			}
		},
		{
			"from": [-1, 10.75, 7],
			"to": [-0.5, 12.75, 8.5],
			"rotation": {"angle": -22.5, "axis": "z", "origin": [-5, 0, 0]},
			"faces": {
				"north": {"uv": [6.75, 8, 7, 8.5], "texture": "#0"},
				"east": {"uv": [7.5, 7.75, 8, 8.25], "texture": "#0"},
				"south": {"uv": [8, 7.25, 8.25, 7.75], "texture": "#0"},
				"west": {"uv": [0, 8, 0.5, 8.5], "texture": "#0"},
				"up": {"uv": [8.25, 8.25, 8, 7.75], "texture": "#0"},
				"down": {"uv": [8.5, 1, 8.25, 1.5], "texture": "#0"}
			}
		},
		{
			"from": [7.75, 3.5, 7],
			"to": [8.25, 5.5, 8.5],
			"rotation": {"angle": 22.5, "axis": "z", "origin": [-5, 0, 0]},
			"faces": {
				"north": {"uv": [1.5, 8.25, 1.75, 8.75], "texture": "#0"},
				"east": {"uv": [8, 0, 8.5, 0.5], "texture": "#0"},
				"south": {"uv": [1.75, 8.25, 2, 8.75], "texture": "#0"},
				"west": {"uv": [0.5, 8, 1, 8.5], "texture": "#0"},
				"up": {"uv": [2.5, 8.75, 2.25, 8.25], "texture": "#0"},
				"down": {"uv": [8.5, 2.25, 8.25, 2.75], "texture": "#0"}
			}
		}
	],
	"display": {
		"thirdperson_righthand": {
			"translation": [0, 5.75, 0],
			"scale": [0.75, 0.75, 0.75]
		},
		"thirdperson_lefthand": {
			"translation": [0, 5.75, 0],
			"scale": [0.75, 0.75, 0.75]
		},
		"firstperson_righthand": {
			"translation": [1.5, 5.5, 0],
			"scale": [0.5, 0.5, 0.5]
		},
		"firstperson_lefthand": {
			"translation": [1.5, 5.5, 0],
			"scale": [0.5, 0.5, 0.5]
		},
		"ground": {
			"translation": [0, 6, 0]
		},
		"gui": {
			"rotation": [3.26, 10.5, -0.01],
			"translation": [0, 1.5, 0]
		},
		"head": {
			"translation": [0, 17.25, 0],
			"scale": [1.5, 1.5, 1.5]
		},
		"fixed": {
			"translation": [0, 2.75, -4.5]
		}
	}
}