{
	"credit": "Made with Blockbench",
	"elements": [
		{
			"from": [7, 0, 7],
			"to": [9, 2, 9],
			"color": 1,
			"faces": {
				"north": {"uv": [0, 0, 2, 2], "texture": "#missing"},
				"east": {"uv": [0, 0, 2, 2], "texture": "#missing"},
				"south": {"uv": [0, 0, 2, 2], "texture": "#missing"},
				"west": {"uv": [0, 0, 2, 2], "texture": "#missing"},
				"up": {"uv": [0, 0, 2, 2], "texture": "#missing"},
				"down": {"uv": [0, 0, 2, 2], "texture": "#missing"}
			}
		}
	],
	"display": {
		"thirdperson_righthand": {
			"translation": [0.25, 5.75, 9.75]
		},
		"thirdperson_lefthand": {
			"translation": [0.25, 5.75, 9.75]
		},
		"firstperson_righthand": {
			"translation": [13.5, 0.25, 0],
			"scale": [3.86, 4, 4]
		},
		"firstperson_lefthand": {
			"translation": [0, 4, 0]
		},
		"ground": {
			"translation": [1.25, 7.75, -1]
		},
		"gui": {
			"translation": [0, 6.75, 0]
		},
		"fixed": {
			"translation": [0, 7.5, 0]
		}
	}
}