{
	"credit": "Made with Blockbench",
	"textures": {
		"0": "item/staff",
		"1": "item/gem",
		"2": "item/roots",
		"particle": "item/stick"
	},
	"elements": [
		{
			"from": [7, 0, 7],
			"to": [9, 31, 9],
			"faces": {
				"north": {"uv": [0, 0, 1, 15.5], "texture": "#0"},
				"east": {"uv": [1, 0, 2, 15.5], "texture": "#0"},
				"south": {"uv": [2, 0, 3, 15.5], "texture": "#0"},
				"west": {"uv": [3, 0, 4, 15.5], "texture": "#0"},
				"up": {"uv": [5, 1, 4, 0], "texture": "#0"},
				"down": {"uv": [5, 1, 4, 2], "texture": "#0"}
			}
		},
		{
			"from": [6, 28, 6],
			"to": [10, 32, 10],
			"faces": {
				"north": {"uv": [0, 0, 4, 4], "texture": "#1"},
				"east": {"uv": [0, 4, 4, 8], "texture": "#1"},
				"south": {"uv": [4, 0, 8, 4], "texture": "#1"},
				"west": {"uv": [4, 4, 8, 8], "texture": "#1"},
				"up": {"uv": [4, 12, 0, 8], "texture": "#1"},
				"down": {"uv": [12, 0, 8, 4], "texture": "#1"}
			}
		},
		{
			"from": [10, 29, 7],
			"to": [11, 30, 8],
			"faces": {
				"north": {"uv": [0, 0, 1, 1], "texture": "#2"},
				"east": {"uv": [0, 1, 1, 2], "texture": "#2"},
				"south": {"uv": [1, 0, 2, 1], "texture": "#2"},
				"west": {"uv": [1, 1, 2, 2], "texture": "#2"},
				"up": {"uv": [1, 3, 0, 2], "texture": "#2"},
				"down": {"uv": [3, 0, 2, 1], "texture": "#2"}
			}
		},
		{
			"from": [10, 28, 8],
			"to": [11, 29, 9],
			"faces": {
				"north": {"uv": [1, 2, 2, 3], "texture": "#2"},
				"east": {"uv": [2, 1, 3, 2], "texture": "#2"},
				"south": {"uv": [2, 2, 3, 3], "texture": "#2"},
				"west": {"uv": [0, 3, 1, 4], "texture": "#2"},
				"up": {"uv": [4, 1, 3, 0], "texture": "#2"},
				"down": {"uv": [2, 3, 1, 4], "texture": "#2"}
			}
		},
		{
			"from": [7, 27, 6],
			"to": [8, 28, 7],
			"faces": {
				"north": {"uv": [3, 1, 4, 2], "texture": "#2"},
				"east": {"uv": [2, 3, 3, 4], "texture": "#2"},
				"south": {"uv": [3, 2, 4, 3], "texture": "#2"},
				"west": {"uv": [3, 3, 4, 4], "texture": "#2"},
				"up": {"uv": [1, 5, 0, 4], "texture": "#2"},
				"down": {"uv": [5, 0, 4, 1], "texture": "#2"}
			}
		},
		{
			"from": [6, 29, 10],
			"to": [7, 30, 11],
			"faces": {
				"north": {"uv": [1, 4, 2, 5], "texture": "#2"},
				"east": {"uv": [4, 1, 5, 2], "texture": "#2"},
				"south": {"uv": [2, 4, 3, 5], "texture": "#2"},
				"west": {"uv": [4, 2, 5, 3], "texture": "#2"},
				"up": {"uv": [4, 5, 3, 4], "texture": "#2"},
				"down": {"uv": [5, 3, 4, 4], "texture": "#2"}
			}
		},
		{
			"from": [9, 29, 10],
			"to": [10, 30, 11],
			"faces": {
				"north": {"uv": [4, 4, 5, 5], "texture": "#2"},
				"east": {"uv": [0, 5, 1, 6], "texture": "#2"},
				"south": {"uv": [5, 0, 6, 1], "texture": "#2"},
				"west": {"uv": [1, 5, 2, 6], "texture": "#2"},
				"up": {"uv": [6, 2, 5, 1], "texture": "#2"},
				"down": {"uv": [3, 5, 2, 6], "texture": "#2"}
			}
		},
		{
			"from": [8, 28, 10],
			"to": [9, 29, 11],
			"faces": {
				"north": {"uv": [5, 2, 6, 3], "texture": "#2"},
				"east": {"uv": [3, 5, 4, 6], "texture": "#2"},
				"south": {"uv": [5, 3, 6, 4], "texture": "#2"},
				"west": {"uv": [4, 5, 5, 6], "texture": "#2"},
				"up": {"uv": [6, 5, 5, 4], "texture": "#2"},
				"down": {"uv": [6, 5, 5, 6], "texture": "#2"}
			}
		},
		{
			"from": [7, 27, 9],
			"to": [8, 28, 10],
			"faces": {
				"north": {"uv": [0, 6, 1, 7], "texture": "#2"},
				"east": {"uv": [6, 0, 7, 1], "texture": "#2"},
				"south": {"uv": [1, 6, 2, 7], "texture": "#2"},
				"west": {"uv": [6, 1, 7, 2], "texture": "#2"},
				"up": {"uv": [3, 7, 2, 6], "texture": "#2"},
				"down": {"uv": [7, 2, 6, 3], "texture": "#2"}
			}
		},
		{
			"from": [5, 28, 9],
			"to": [6, 29, 10],
			"faces": {
				"north": {"uv": [3, 6, 4, 7], "texture": "#2"},
				"east": {"uv": [6, 3, 7, 4], "texture": "#2"},
				"south": {"uv": [4, 6, 5, 7], "texture": "#2"},
				"west": {"uv": [6, 4, 7, 5], "texture": "#2"},
				"up": {"uv": [6, 7, 5, 6], "texture": "#2"},
				"down": {"uv": [7, 5, 6, 6], "texture": "#2"}
			}
		},
		{
			"from": [6, 27, 8],
			"to": [7, 28, 9],
			"faces": {
				"north": {"uv": [6, 6, 7, 7], "texture": "#2"},
				"east": {"uv": [0, 7, 1, 8], "texture": "#2"},
				"south": {"uv": [7, 0, 8, 1], "texture": "#2"},
				"west": {"uv": [1, 7, 2, 8], "texture": "#2"},
				"up": {"uv": [8, 2, 7, 1], "texture": "#2"},
				"down": {"uv": [3, 7, 2, 8], "texture": "#2"}
			}
		},
		{
			"from": [8, 29, 5],
			"to": [9, 30, 6],
			"faces": {
				"north": {"uv": [7, 2, 8, 3], "texture": "#2"},
				"east": {"uv": [3, 7, 4, 8], "texture": "#2"},
				"south": {"uv": [7, 3, 8, 4], "texture": "#2"},
				"west": {"uv": [4, 7, 5, 8], "texture": "#2"},
				"up": {"uv": [8, 5, 7, 4], "texture": "#2"},
				"down": {"uv": [6, 7, 5, 8], "texture": "#2"}
			}
		},
		{
			"from": [7, 28, 5],
			"to": [8, 29, 6],
			"faces": {
				"north": {"uv": [7, 5, 8, 6], "texture": "#2"},
				"east": {"uv": [6, 7, 7, 8], "texture": "#2"},
				"south": {"uv": [7, 6, 8, 7], "texture": "#2"},
				"west": {"uv": [7, 7, 8, 8], "texture": "#2"},
				"up": {"uv": [1, 9, 0, 8], "texture": "#2"},
				"down": {"uv": [9, 0, 8, 1], "texture": "#2"}
			}
		},
		{
			"from": [9, 27, 7],
			"to": [10, 28, 8],
			"faces": {
				"north": {"uv": [1, 8, 2, 9], "texture": "#2"},
				"east": {"uv": [8, 1, 9, 2], "texture": "#2"},
				"south": {"uv": [2, 8, 3, 9], "texture": "#2"},
				"west": {"uv": [8, 2, 9, 3], "texture": "#2"},
				"up": {"uv": [4, 9, 3, 8], "texture": "#2"},
				"down": {"uv": [9, 3, 8, 4], "texture": "#2"}
			}
		}
	],
	"display": {
		"thirdperson_righthand": {
			"translation": [0, -11.75, 0.75]
		},
		"thirdperson_lefthand": {
			"translation": [0, -11.75, 0.75]
		},
		"firstperson_righthand": {
			"translation": [0, -17, 0]
		},
		"firstperson_lefthand": {
			"translation": [0, -17, 0]
		},
		"ground": {
			"translation": [0, 6.75, 0]
		},
		"gui": {
			"rotation": [168.65, 38.96, -156.16],
			"translation": [-1.25, -3.5, -0.25],
			"scale": [0.38, 0.46, 0.5]
		},
		"head": {
			"rotation": [57, 0, 0],
			"translation": [0.25, -13.5, -25]
		},
		"fixed": {
			"translation": [0, -3.5, -0.25],
			"scale": [0.5, 0.5, 0.5]
		}
	},
	"groups": [
		{
			"name": "stick",
			"origin": [0, 0, 0],
			"color": 0,
			"children": [0]
		},
		{
			"name": "gem",
			"origin": [0, 0, 0],
			"color": 0,
			"children": [1]
		},
		{
			"name": "group",
			"origin": [0, 0, 0],
			"color": 0,
			"children": [2, 3, 4, 5, 6, 7, 8, 9, 10, 11, 12, 13]
		}
	]
}