{
	"credit": "Made with Blockbench",
	"textures": {
		"0": "custom/lightsaber_green",
		"particle": "custom/lightsaber_green"
	},
	"elements": [
		{
			"name": "rect",
			"from": [7.85, 8.07981, 8.61374],
			"to": [8.15, 8.52981, 9.46374],
			"rotation": {"angle": 0, "axis": "y", "origin": [8, 8, 8]},
			"faces": {
				"north": {"uv": [6, 5, 6.375, 5.625], "texture": "#0"},
				"east": {"uv": [2.75, 1.5, 3.875, 2.125], "texture": "#0"},
				"south": {"uv": [6, 5.75, 6.375, 6.375], "texture": "#0"},
				"west": {"uv": [2.75, 2.25, 3.875, 2.875], "texture": "#0"},
				"up": {"uv": [5.625, 3.375, 5.25, 2.25], "texture": "#0"},
				"down": {"uv": [5.625, 3.5, 5.25, 4.625], "texture": "#0"}
			}
		},
		{
			"from": [7.8758, 7.67981, 8.34374],
			"to": [8.1242, 8.27981, 8.44374],
			"rotation": {"angle": 0, "axis": "y", "origin": [8, 8, 8]},
			"faces": {
				"north": {"uv": [2.5, 6.5, 2.75, 7.25], "texture": "#0"},
				"east": {"uv": [5.25, 8.25, 5.375, 9], "texture": "#0"},
				"south": {"uv": [2.75, 6.5, 3, 7.25], "texture": "#0"},
				"west": {"uv": [7, 8.25, 7.125, 9], "texture": "#0"},
				"up": {"uv": [10, 0.875, 9.75, 0.75], "texture": "#0"},
				"down": {"uv": [10, 1, 9.75, 1.125], "texture": "#0"}
			}
		},
		{
			"from": [7.86153, 7.68573, 8.34374],
			"to": [8.10993, 8.28573, 8.44374],
			"rotation": {"angle": 45, "axis": "z", "origin": [8, 8, 8]},
			"faces": {
				"north": {"uv": [0.75, 7, 1, 7.75], "texture": "#0"},
				"east": {"uv": [2.5, 8.5, 2.625, 9.25], "texture": "#0"},
				"south": {"uv": [1, 7, 1.25, 7.75], "texture": "#0"},
				"west": {"uv": [2.75, 8.5, 2.875, 9.25], "texture": "#0"},
				"up": {"uv": [3.25, 9.875, 3, 9.75], "texture": "#0"},
				"down": {"uv": [10, 3, 9.75, 3.125], "texture": "#0"}
			}
		},
		{
			"from": [7.7, 7.85561, 8.34374],
			"to": [8.3, 8.10401, 8.44374],
			"rotation": {"angle": 0, "axis": "y", "origin": [8, 8, 8]},
			"faces": {
				"north": {"uv": [7, 1, 7.75, 1.25], "texture": "#0"},
				"east": {"uv": [3.25, 9.75, 3.375, 10], "texture": "#0"},
				"south": {"uv": [7, 1.75, 7.75, 2], "texture": "#0"},
				"west": {"uv": [9.75, 3.25, 9.875, 3.5], "texture": "#0"},
				"up": {"uv": [9.25, 4.125, 8.5, 4], "texture": "#0"},
				"down": {"uv": [9.25, 6.25, 8.5, 6.375], "texture": "#0"}
			}
		},
		{
			"from": [7.68573, 7.86153, 8.34374],
			"to": [8.28573, 8.10993, 8.44374],
			"rotation": {"angle": 45, "axis": "z", "origin": [8, 8, 8]},
			"faces": {
				"north": {"uv": [7, 2, 7.75, 2.25], "texture": "#0"},
				"east": {"uv": [3.5, 9.75, 3.625, 10], "texture": "#0"},
				"south": {"uv": [7, 2.25, 7.75, 2.5], "texture": "#0"},
				"west": {"uv": [9.75, 3.5, 9.875, 3.75], "texture": "#0"},
				"up": {"uv": [9.25, 6.875, 8.5, 6.75], "texture": "#0"},
				"down": {"uv": [9.25, 7, 8.5, 7.125], "texture": "#0"}
			}
		},
		{
			"from": [7.8965, 7.72981, 6.69374],
			"to": [8.1035, 8.22981, 6.89374],
			"rotation": {"angle": 0, "axis": "y", "origin": [8, 8, 8]},
			"faces": {
				"north": {"uv": [3, 8, 3.25, 8.625], "texture": "#0"},
				"east": {"uv": [3.75, 8, 4, 8.625], "texture": "#0"},
				"south": {"uv": [5.5, 8, 5.75, 8.625], "texture": "#0"},
				"west": {"uv": [5.75, 8, 6, 8.625], "texture": "#0"},
				"up": {"uv": [9.75, 0.75, 9.5, 0.5], "texture": "#0"},
				"down": {"uv": [9.75, 0.75, 9.5, 1], "texture": "#0"}
			}
		},
		{
			"from": [7.88223, 7.73573, 6.69374],
			"to": [8.08923, 8.23573, 6.89374],
			"rotation": {"angle": 45, "axis": "z", "origin": [8, 8, 8]},
			"faces": {
				"north": {"uv": [0.25, 8.25, 0.5, 8.875], "texture": "#0"},
				"east": {"uv": [1.25, 8.25, 1.5, 8.875], "texture": "#0"},
				"south": {"uv": [1.5, 8.25, 1.75, 8.875], "texture": "#0"},
				"west": {"uv": [1.75, 8.25, 2, 8.875], "texture": "#0"},
				"up": {"uv": [9.75, 4.5, 9.5, 4.25], "texture": "#0"},
				"down": {"uv": [4.75, 9.5, 4.5, 9.75], "texture": "#0"}
			}
		},
		{
			"from": [7.75, 7.87631, 6.69374],
			"to": [8.25, 8.08331, 6.89374],
			"rotation": {"angle": 0, "axis": "y", "origin": [8, 8, 8]},
			"faces": {
				"north": {"uv": [8.25, 0.25, 8.875, 0.5], "texture": "#0"},
				"east": {"uv": [9.5, 4.5, 9.75, 4.75], "texture": "#0"},
				"south": {"uv": [8.25, 1.25, 8.875, 1.5], "texture": "#0"},
				"west": {"uv": [9.5, 4.75, 9.75, 5], "texture": "#0"},
				"up": {"uv": [8.875, 1.75, 8.25, 1.5], "texture": "#0"},
				"down": {"uv": [8.875, 3, 8.25, 3.25], "texture": "#0"}
			}
		},
		{
			"from": [7.73573, 7.88223, 6.69374],
			"to": [8.23573, 8.08923, 6.89374],
			"rotation": {"angle": 45, "axis": "z", "origin": [8, 8, 8]},
			"faces": {
				"north": {"uv": [8.25, 3.25, 8.875, 3.5], "texture": "#0"},
				"east": {"uv": [5, 9.5, 5.25, 9.75], "texture": "#0"},
				"south": {"uv": [4, 8.25, 4.625, 8.5], "texture": "#0"},
				"west": {"uv": [9.5, 5, 9.75, 5.25], "texture": "#0"},
				"up": {"uv": [8.875, 4.5, 8.25, 4.25], "texture": "#0"},
				"down": {"uv": [8.875, 5.25, 8.25, 5.5], "texture": "#0"}
			}
		},
		{
			"from": [7.8758, 7.67981, 6.09374],
			"to": [8.1242, 8.27981, 6.34374],
			"rotation": {"angle": 0, "axis": "y", "origin": [8, 8, 8]},
			"faces": {
				"north": {"uv": [6, 6.5, 6.25, 7.25], "texture": "#0"},
				"east": {"uv": [5.75, 3.75, 6.125, 4.5], "texture": "#0"},
				"south": {"uv": [6.25, 6.5, 6.5, 7.25], "texture": "#0"},
				"west": {"uv": [4.75, 5.75, 5.125, 6.5], "texture": "#0"},
				"up": {"uv": [8.75, 0.875, 8.5, 0.5], "texture": "#0"},
				"down": {"uv": [1, 8.5, 0.75, 8.875], "texture": "#0"}
			}
		},
		{
			"from": [7.86153, 7.68573, 6.09374],
			"to": [8.10993, 8.28573, 6.34374],
			"rotation": {"angle": 45, "axis": "z", "origin": [8, 8, 8]},
			"faces": {
				"north": {"uv": [4.75, 7.75, 5, 8.5], "texture": "#0"},
				"east": {"uv": [5.5, 5.75, 5.875, 6.5], "texture": "#0"},
				"south": {"uv": [0.5, 8, 0.75, 8.75], "texture": "#0"},
				"west": {"uv": [0, 6, 0.375, 6.75], "texture": "#0"},
				"up": {"uv": [6.25, 9.375, 6, 9], "texture": "#0"},
				"down": {"uv": [6.5, 9, 6.25, 9.375], "texture": "#0"}
			}
		},
		{
			"from": [7.7, 7.85561, 6.09374],
			"to": [8.3, 8.10401, 6.34374],
			"rotation": {"angle": 0, "axis": "y", "origin": [8, 8, 8]},
			"faces": {
				"north": {"uv": [7.75, 4, 8.5, 4.25], "texture": "#0"},
				"east": {"uv": [9, 8, 9.375, 8.25], "texture": "#0"},
				"south": {"uv": [7.75, 6.25, 8.5, 6.5], "texture": "#0"},
				"west": {"uv": [9, 8.25, 9.375, 8.5], "texture": "#0"},
				"up": {"uv": [6.75, 0.375, 6, 0], "texture": "#0"},
				"down": {"uv": [3, 6, 2.25, 6.375], "texture": "#0"}
			}
		},
		{
			"from": [7.68573, 7.86153, 6.09374],
			"to": [8.28573, 8.10993, 6.34374],
			"rotation": {"angle": 45, "axis": "z", "origin": [8, 8, 8]},
			"faces": {
				"north": {"uv": [7.75, 7.25, 8.5, 7.5], "texture": "#0"},
				"east": {"uv": [9, 8.5, 9.375, 8.75], "texture": "#0"},
				"south": {"uv": [8, 4.5, 8.75, 4.75], "texture": "#0"},
				"west": {"uv": [8.75, 9, 9.125, 9.25], "texture": "#0"},
				"up": {"uv": [3.75, 6.375, 3, 6], "texture": "#0"},
				"down": {"uv": [6.75, 4.5, 6, 4.875], "texture": "#0"}
			}
		},
		{
			"from": [6.83385, 8.27981, 10.16205],
			"to": [6.88385, 8.32981, 10.61205],
			"rotation": {"angle": 22.5, "axis": "y", "origin": [8, 8, 8]},
			"faces": {
				"north": {"uv": [5, 10, 5.125, 10.125], "texture": "#0"},
				"east": {"uv": [9.25, 7, 9.875, 7.125], "texture": "#0"},
				"south": {"uv": [10, 5, 10.125, 5.125], "texture": "#0"},
				"west": {"uv": [9.25, 7.25, 9.875, 7.375], "texture": "#0"},
				"up": {"uv": [4.375, 9.875, 4.25, 9.25], "texture": "#0"},
				"down": {"uv": [4.875, 9.25, 4.75, 9.875], "texture": "#0"}
			}
		},
		{
			"from": [9.11614, 8.27981, 10.16205],
			"to": [9.16614, 8.32981, 10.61205],
			"rotation": {"angle": -22.5, "axis": "y", "origin": [8, 8, 8]},
			"faces": {
				"north": {"uv": [5.25, 10, 5.375, 10.125], "texture": "#0"},
				"east": {"uv": [8.75, 9.25, 9.375, 9.375], "texture": "#0"},
				"south": {"uv": [10, 5.25, 10.125, 5.375], "texture": "#0"},
				"west": {"uv": [9.25, 9, 9.875, 9.125], "texture": "#0"},
				"up": {"uv": [7.375, 9.875, 7.25, 9.25], "texture": "#0"},
				"down": {"uv": [7.625, 9.25, 7.5, 9.875], "texture": "#0"}
			}
		},
		{
			"from": [7.75, 8.27981, 10.39374],
			"to": [8.25, 8.32981, 10.44374],
			"rotation": {"angle": 0, "axis": "y", "origin": [8, 8, 8]},
			"faces": {
				"north": {"uv": [9.25, 4, 9.875, 4.125], "texture": "#0"},
				"east": {"uv": [4.75, 10, 4.875, 10.125], "texture": "#0"},
				"south": {"uv": [9.25, 6.25, 9.875, 6.375], "texture": "#0"},
				"west": {"uv": [10, 4.75, 10.125, 4.875], "texture": "#0"},
				"up": {"uv": [7.125, 9.375, 6.5, 9.25], "texture": "#0"},
				"down": {"uv": [9.875, 6.75, 9.25, 6.875], "texture": "#0"}
			}
		},
		{
			"from": [7.9222, 8.27981, 10.80948],
			"to": [8.0782, 8.32981, 10.85948],
			"rotation": {"angle": 0, "axis": "y", "origin": [8, 8, 8]},
			"faces": {
				"north": {"uv": [4.25, 10, 4.5, 10.125], "texture": "#0"},
				"east": {"uv": [5.5, 10, 5.625, 10.125], "texture": "#0"},
				"south": {"uv": [10, 4.25, 10.25, 4.375], "texture": "#0"},
				"west": {"uv": [10, 5.5, 10.125, 5.625], "texture": "#0"},
				"up": {"uv": [4.75, 10.125, 4.5, 10], "texture": "#0"},
				"down": {"uv": [10.25, 4.5, 10, 4.625], "texture": "#0"}
			}
		},
		{
			"from": [7.83573, 7.92363, 6.99374],
			"to": [8.13573, 8.04783, 7.19374],
			"rotation": {"angle": 45, "axis": "z", "origin": [8, 8, 8]},
			"faces": {
				"north": {"uv": [9.5, 8.75, 9.875, 8.875], "texture": "#0"},
				"east": {"uv": [3.25, 10, 3.5, 10.125], "texture": "#0"},
				"south": {"uv": [9.25, 9.5, 9.625, 9.625], "texture": "#0"},
				"west": {"uv": [10, 3.25, 10.25, 3.375], "texture": "#0"},
				"up": {"uv": [9.375, 5.5, 9, 5.25], "texture": "#0"},
				"down": {"uv": [9.375, 5.5, 9, 5.75], "texture": "#0"}
			}
		},
		{
			"from": [7.9379, 7.82981, 6.99374],
			"to": [8.0621, 8.12981, 7.19374],
			"rotation": {"angle": 0, "axis": "y", "origin": [8, 8, 8]},
			"faces": {
				"north": {"uv": [7, 9.5, 7.125, 9.875], "texture": "#0"},
				"east": {"uv": [8.25, 6.75, 8.5, 7.125], "texture": "#0"},
				"south": {"uv": [7.75, 9.5, 7.875, 9.875], "texture": "#0"},
				"west": {"uv": [7.75, 8.25, 8, 8.625], "texture": "#0"},
				"up": {"uv": [1.625, 10, 1.5, 9.75], "texture": "#0"},
				"down": {"uv": [9.875, 1.5, 9.75, 1.75], "texture": "#0"}
			}
		},
		{
			"from": [7.92363, 7.83573, 6.99374],
			"to": [8.04783, 8.13573, 7.19374],
			"rotation": {"angle": 45, "axis": "z", "origin": [8, 8, 8]},
			"faces": {
				"north": {"uv": [8.25, 9.5, 8.375, 9.875], "texture": "#0"},
				"east": {"uv": [3.5, 9, 3.75, 9.375], "texture": "#0"},
				"south": {"uv": [8.5, 9.5, 8.625, 9.875], "texture": "#0"},
				"west": {"uv": [3.75, 9, 4, 9.375], "texture": "#0"},
				"up": {"uv": [2.875, 10.25, 2.75, 10], "texture": "#0"},
				"down": {"uv": [10.125, 2.75, 10, 3], "texture": "#0"}
			}
		},
		{
			"from": [7.85, 7.91771, 6.99374],
			"to": [8.15, 8.04191, 7.19374],
			"rotation": {"angle": 0, "axis": "y", "origin": [8, 8, 8]},
			"faces": {
				"north": {"uv": [9.5, 8.5, 9.875, 8.625], "texture": "#0"},
				"east": {"uv": [3, 10, 3.25, 10.125], "texture": "#0"},
				"south": {"uv": [8.75, 9.5, 9.125, 9.625], "texture": "#0"},
				"west": {"uv": [10, 3, 10.25, 3.125], "texture": "#0"},
				"up": {"uv": [4.375, 9.25, 4, 9], "texture": "#0"},
				"down": {"uv": [9.375, 4.25, 9, 4.5], "texture": "#0"}
			}
		},
		{
			"from": [7.8758, 7.67981, 6.89374],
			"to": [8.1242, 8.27981, 6.99374],
			"rotation": {"angle": 0, "axis": "y", "origin": [8, 8, 8]},
			"faces": {
				"north": {"uv": [5.5, 6.5, 5.75, 7.25], "texture": "#0"},
				"east": {"uv": [8.25, 7.75, 8.375, 8.5], "texture": "#0"},
				"south": {"uv": [5.75, 6.5, 6, 7.25], "texture": "#0"},
				"west": {"uv": [8, 8.25, 8.125, 9], "texture": "#0"},
				"up": {"uv": [2, 9.875, 1.75, 9.75], "texture": "#0"},
				"down": {"uv": [10, 1.75, 9.75, 1.875], "texture": "#0"}
			}
		},
		{
			"from": [7.89007, 7.68573, 6.89374],
			"to": [8.13847, 8.28573, 6.99374],
			"rotation": {"angle": -45, "axis": "z", "origin": [8, 8, 8]},
			"faces": {
				"north": {"uv": [0.75, 7.75, 1, 8.5], "texture": "#0"},
				"east": {"uv": [5.25, 9, 5.375, 9.75], "texture": "#0"},
				"south": {"uv": [1, 7.75, 1.25, 8.5], "texture": "#0"},
				"west": {"uv": [5.75, 9, 5.875, 9.75], "texture": "#0"},
				"up": {"uv": [3.75, 10.125, 3.5, 10], "texture": "#0"},
				"down": {"uv": [10.25, 3.5, 10, 3.625], "texture": "#0"}
			}
		},
		{
			"from": [7.7, 7.85561, 6.89374],
			"to": [8.3, 8.10401, 6.99374],
			"rotation": {"angle": 0, "axis": "y", "origin": [8, 8, 8]},
			"faces": {
				"north": {"uv": [7.75, 2.5, 8.5, 2.75], "texture": "#0"},
				"east": {"uv": [3.75, 10, 3.875, 10.25], "texture": "#0"},
				"south": {"uv": [7.75, 2.75, 8.5, 3], "texture": "#0"},
				"west": {"uv": [10, 3.75, 10.125, 4], "texture": "#0"},
				"up": {"uv": [9.75, 5.875, 9, 5.75], "texture": "#0"},
				"down": {"uv": [9.75, 6, 9, 6.125], "texture": "#0"}
			}
		},
		{
			"from": [7.71427, 7.86153, 6.89374],
			"to": [8.31427, 8.10993, 6.99374],
			"rotation": {"angle": -45, "axis": "z", "origin": [8, 8, 8]},
			"faces": {
				"north": {"uv": [7.75, 3.5, 8.5, 3.75], "texture": "#0"},
				"east": {"uv": [4, 10, 4.125, 10.25], "texture": "#0"},
				"south": {"uv": [7.75, 3.75, 8.5, 4], "texture": "#0"},
				"west": {"uv": [10, 4, 10.125, 4.25], "texture": "#0"},
				"up": {"uv": [7.75, 9.125, 7, 9], "texture": "#0"},
				"down": {"uv": [9.75, 7.75, 9, 7.875], "texture": "#0"}
			}
		},
		{
			"from": [7.9379, 7.82981, 6.34374],
			"to": [8.0621, 8.12981, 6.69374],
			"rotation": {"angle": 0, "axis": "y", "origin": [8, 8, 8]},
			"faces": {
				"north": {"uv": [8, 9.5, 8.125, 9.875], "texture": "#0"},
				"east": {"uv": [6.5, 1.75, 7, 2.125], "texture": "#0"},
				"south": {"uv": [9.5, 8, 9.625, 8.375], "texture": "#0"},
				"west": {"uv": [6.5, 5.75, 7, 6.125], "texture": "#0"},
				"up": {"uv": [2.125, 10, 2, 9.5], "texture": "#0"},
				"down": {"uv": [2.375, 9.5, 2.25, 10], "texture": "#0"}
			}
		},
		{
			"from": [7.92363, 7.83573, 6.34374],
			"to": [8.04783, 8.13573, 6.69374],
			"rotation": {"angle": 45, "axis": "z", "origin": [8, 8, 8]},
			"faces": {
				"north": {"uv": [0, 9.75, 0.125, 10.125], "texture": "#0"},
				"east": {"uv": [4.25, 7.75, 4.75, 8.125], "texture": "#0"},
				"south": {"uv": [9.75, 0, 9.875, 0.375], "texture": "#0"},
				"west": {"uv": [7.75, 5.75, 8.25, 6.125], "texture": "#0"},
				"up": {"uv": [9.625, 5.75, 9.5, 5.25], "texture": "#0"},
				"down": {"uv": [5.625, 9.5, 5.5, 10], "texture": "#0"}
			}
		},
		{
			"from": [7.85, 7.91771, 6.34374],
			"to": [8.15, 8.04191, 6.69374],
			"rotation": {"angle": 0, "axis": "y", "origin": [8, 8, 8]},
			"faces": {
				"north": {"uv": [9.5, 9.25, 9.875, 9.375], "texture": "#0"},
				"east": {"uv": [6, 9.5, 6.5, 9.625], "texture": "#0"},
				"south": {"uv": [0.25, 9.75, 0.625, 9.875], "texture": "#0"},
				"west": {"uv": [6.5, 9.5, 7, 9.625], "texture": "#0"},
				"up": {"uv": [6.875, 8.25, 6.5, 7.75], "texture": "#0"},
				"down": {"uv": [7.625, 7.75, 7.25, 8.25], "texture": "#0"}
			}
		},
		{
			"from": [7.83573, 7.92363, 6.34374],
			"to": [8.13573, 8.04783, 6.69374],
			"rotation": {"angle": 45, "axis": "z", "origin": [8, 8, 8]},
			"faces": {
				"north": {"uv": [9.75, 0.5, 10.125, 0.625], "texture": "#0"},
				"east": {"uv": [9.5, 6.5, 10, 6.625], "texture": "#0"},
				"south": {"uv": [0.75, 9.75, 1.125, 9.875], "texture": "#0"},
				"west": {"uv": [9.5, 7.5, 10, 7.625], "texture": "#0"},
				"up": {"uv": [8.125, 8.25, 7.75, 7.75], "texture": "#0"},
				"down": {"uv": [2.875, 8, 2.5, 8.5], "texture": "#0"}
			}
		},
		{
			"from": [7.8551, 7.62981, 5.94374],
			"to": [8.1449, 8.32981, 6.09374],
			"rotation": {"angle": 0, "axis": "y", "origin": [8, 8, 8]},
			"faces": {
				"north": {"uv": [1.25, 5.5, 1.625, 6.375], "texture": "#0"},
				"east": {"uv": [6.25, 1.25, 6.5, 2.125], "texture": "#0"},
				"south": {"uv": [1.75, 5.5, 2.125, 6.375], "texture": "#0"},
				"west": {"uv": [3.75, 6.25, 4, 7.125], "texture": "#0"},
				"up": {"uv": [8.875, 1.25, 8.5, 1], "texture": "#0"},
				"down": {"uv": [8.875, 1.75, 8.5, 2], "texture": "#0"}
			}
		},
		{
			"from": [7.86937, 7.63573, 5.94374],
			"to": [8.15917, 8.33573, 6.09374],
			"rotation": {"angle": -45, "axis": "z", "origin": [8, 8, 8]},
			"faces": {
				"north": {"uv": [5.5, 4.75, 5.875, 5.625], "texture": "#0"},
				"east": {"uv": [4.5, 6.25, 4.75, 7.125], "texture": "#0"},
				"south": {"uv": [5.75, 1.25, 6.125, 2.125], "texture": "#0"},
				"west": {"uv": [5.25, 6.25, 5.5, 7.125], "texture": "#0"},
				"up": {"uv": [2.875, 9.5, 2.5, 9.25], "texture": "#0"},
				"down": {"uv": [9.625, 2.75, 9.25, 3], "texture": "#0"}
			}
		},
		{
			"from": [7.65, 7.83491, 5.94374],
			"to": [8.35, 8.12471, 6.09374],
			"rotation": {"angle": 0, "axis": "y", "origin": [8, 8, 8]},
			"faces": {
				"north": {"uv": [5.75, 2.25, 6.625, 2.625], "texture": "#0"},
				"east": {"uv": [8, 9, 8.25, 9.375], "texture": "#0"},
				"south": {"uv": [5.75, 2.75, 6.625, 3.125], "texture": "#0"},
				"west": {"uv": [1, 9.25, 1.25, 9.625], "texture": "#0"},
				"up": {"uv": [7.125, 4, 6.25, 3.75], "texture": "#0"},
				"down": {"uv": [7.125, 4, 6.25, 4.25], "texture": "#0"}
			}
		},
		{
			"from": [7.66427, 7.84083, 5.94374],
			"to": [8.36427, 8.13063, 6.09374],
			"rotation": {"angle": -45, "axis": "z", "origin": [8, 8, 8]},
			"faces": {
				"north": {"uv": [5.75, 3.25, 6.625, 3.625], "texture": "#0"},
				"east": {"uv": [9.25, 3.5, 9.5, 3.875], "texture": "#0"},
				"south": {"uv": [3.75, 5.75, 4.625, 6.125], "texture": "#0"},
				"west": {"uv": [4, 9.25, 4.25, 9.625], "texture": "#0"},
				"up": {"uv": [7.125, 4.5, 6.25, 4.25], "texture": "#0"},
				"down": {"uv": [2.125, 6.5, 1.25, 6.75], "texture": "#0"}
			}
		},
		{
			"from": [7.9172, 7.77981, 7.39374],
			"to": [8.0828, 8.17981, 8.49374],
			"rotation": {"angle": 0, "axis": "y", "origin": [8, 8, 8]},
			"faces": {
				"north": {"uv": [1.75, 2.25, 2, 2.75], "texture": "#0"},
				"east": {"uv": [2.75, 3, 4.125, 3.5], "texture": "#0"},
				"south": {"uv": [2, 8.25, 2.25, 8.75], "texture": "#0"},
				"west": {"uv": [0.75, 3.5, 2.125, 4], "texture": "#0"},
				"up": {"uv": [0.75, 6.375, 0.5, 5], "texture": "#0"},
				"down": {"uv": [5.5, 4.75, 5.25, 6.125], "texture": "#0"}
			}
		},
		{
			"from": [7.90293, 7.78573, 7.39374],
			"to": [8.06853, 8.18573, 8.49374],
			"rotation": {"angle": 45, "axis": "z", "origin": [8, 8, 8]},
			"faces": {
				"north": {"uv": [3.5, 8.25, 3.75, 8.75], "texture": "#0"},
				"east": {"uv": [2.25, 3.5, 3.625, 4], "texture": "#0"},
				"south": {"uv": [5, 8.25, 5.25, 8.75], "texture": "#0"},
				"west": {"uv": [3.75, 3.5, 5.125, 4], "texture": "#0"},
				"up": {"uv": [1, 6.875, 0.75, 5.5], "texture": "#0"},
				"down": {"uv": [1.25, 5.5, 1, 6.875], "texture": "#0"}
			}
		},
		{
			"from": [7.8, 7.89701, 7.39374],
			"to": [8.2, 8.06261, 8.49374],
			"rotation": {"angle": 0, "axis": "y", "origin": [8, 8, 8]},
			"faces": {
				"north": {"uv": [4.75, 1.25, 5.25, 1.5], "texture": "#0"},
				"east": {"uv": [5.5, 0.5, 6.875, 0.75], "texture": "#0"},
				"south": {"uv": [8.25, 5.5, 8.75, 5.75], "texture": "#0"},
				"west": {"uv": [5.5, 0.75, 6.875, 1], "texture": "#0"},
				"up": {"uv": [1.25, 5.375, 0.75, 4], "texture": "#0"},
				"down": {"uv": [1.75, 4, 1.25, 5.375], "texture": "#0"}
			}
		},
		{
			"from": [7.78573, 7.90293, 7.39374],
			"to": [8.18573, 8.06853, 8.49374],
			"rotation": {"angle": 45, "axis": "z", "origin": [8, 8, 8]},
			"faces": {
				"north": {"uv": [8.25, 5.75, 8.75, 6], "texture": "#0"},
				"east": {"uv": [5.5, 1, 6.875, 1.25], "texture": "#0"},
				"south": {"uv": [8.25, 6, 8.75, 6.25], "texture": "#0"},
				"west": {"uv": [3.75, 5.5, 5.125, 5.75], "texture": "#0"},
				"up": {"uv": [4.5, 2.875, 4, 1.5], "texture": "#0"},
				"down": {"uv": [2.25, 4, 1.75, 5.375], "texture": "#0"}
			}
		},
		{
			"from": [7.8758, 7.67981, 8.49374],
			"to": [8.1242, 8.27981, 8.59374],
			"rotation": {"angle": 0, "axis": "y", "origin": [8, 8, 8]},
			"faces": {
				"north": {"uv": [5, 6.5, 5.25, 7.25], "texture": "#0"},
				"east": {"uv": [7.25, 8.25, 7.375, 9], "texture": "#0"},
				"south": {"uv": [6.5, 5, 6.75, 5.75], "texture": "#0"},
				"west": {"uv": [7.5, 8.25, 7.625, 9], "texture": "#0"},
				"up": {"uv": [1.5, 9.875, 1.25, 9.75], "texture": "#0"},
				"down": {"uv": [10, 1.25, 9.75, 1.375], "texture": "#0"}
			}
		},
		{
			"from": [7.89007, 7.68573, 8.49374],
			"to": [8.13847, 8.28573, 8.59374],
			"rotation": {"angle": -45, "axis": "z", "origin": [8, 8, 8]},
			"faces": {
				"north": {"uv": [6.75, 4.5, 7, 5.125], "texture": "#0"},
				"east": {"uv": [1, 8.5, 1.125, 9.25], "texture": "#0"},
				"south": {"uv": [6.75, 6.25, 7, 7], "texture": "#0"},
				"west": {"uv": [8.5, 2, 8.625, 2.75], "texture": "#0"},
				"up": {"uv": [10, 2.125, 9.75, 2], "texture": "#0"},
				"down": {"uv": [10, 2.25, 9.75, 2.375], "texture": "#0"}
			}
		},
		{
			"from": [7.7, 7.85561, 8.49374],
			"to": [8.3, 8.10401, 8.59374],
			"rotation": {"angle": 0, "axis": "y", "origin": [8, 8, 8]},
			"faces": {
				"north": {"uv": [6.75, 5.25, 7.5, 5.5], "texture": "#0"},
				"east": {"uv": [2.5, 9.75, 2.625, 10], "texture": "#0"},
				"south": {"uv": [6.75, 5.5, 7.5, 5.75], "texture": "#0"},
				"west": {"uv": [9.75, 2.5, 9.875, 2.75], "texture": "#0"},
				"up": {"uv": [9.25, 2.875, 8.5, 2.75], "texture": "#0"},
				"down": {"uv": [9.25, 3.5, 8.5, 3.625], "texture": "#0"}
			}
		},
		{
			"from": [7.71427, 7.86153, 8.49374],
			"to": [8.31427, 8.10993, 8.59374],
			"rotation": {"angle": -45, "axis": "z", "origin": [8, 8, 8]},
			"faces": {
				"north": {"uv": [7, 0.5, 7.75, 0.75], "texture": "#0"},
				"east": {"uv": [2.75, 9.75, 2.875, 10], "texture": "#0"},
				"south": {"uv": [7, 0.75, 7.75, 1], "texture": "#0"},
				"west": {"uv": [9.75, 2.75, 9.875, 3], "texture": "#0"},
				"up": {"uv": [9.25, 3.875, 8.5, 3.75], "texture": "#0"},
				"down": {"uv": [4.75, 8.5, 4, 8.625], "texture": "#0"}
			}
		},
		{
			"from": [7.8758, 7.67981, 8.59374],
			"to": [8.1242, 8.27981, 10.09374],
			"rotation": {"angle": 0, "axis": "y", "origin": [8, 8, 8]},
			"faces": {
				"north": {"uv": [0.5, 6.5, 0.75, 7.25], "texture": "#0"},
				"east": {"uv": [0, 0, 1.875, 0.75], "texture": "#0"},
				"south": {"uv": [2.25, 6.5, 2.5, 7.25], "texture": "#0"},
				"west": {"uv": [0, 0.75, 1.875, 1.5], "texture": "#0"},
				"up": {"uv": [2.5, 5.875, 2.25, 4], "texture": "#0"},
				"down": {"uv": [2.75, 4, 2.5, 5.875], "texture": "#0"}
			}
		},
		{
			"from": [7.86153, 7.68573, 8.59374],
			"to": [8.10993, 8.28573, 10.09374],
			"rotation": {"angle": 45, "axis": "z", "origin": [8, 8, 8]},
			"faces": {
				"north": {"uv": [6.5, 6.25, 6.75, 7], "texture": "#0"},
				"east": {"uv": [0, 1.5, 1.875, 2.25], "texture": "#0"},
				"south": {"uv": [0, 6.75, 0.25, 7.5], "texture": "#0"},
				"west": {"uv": [2, 0, 3.875, 0.75], "texture": "#0"},
				"up": {"uv": [3, 5.875, 2.75, 4], "texture": "#0"},
				"down": {"uv": [3.25, 4, 3, 5.875], "texture": "#0"}
			}
		},
		{
			"from": [7.7, 7.85561, 8.59374],
			"to": [8.3, 8.10401, 10.09374],
			"rotation": {"angle": 0, "axis": "y", "origin": [8, 8, 8]},
			"faces": {
				"north": {"uv": [4, 0.5, 4.75, 0.75], "texture": "#0"},
				"east": {"uv": [4, 0, 5.875, 0.25], "texture": "#0"},
				"south": {"uv": [6.75, 0, 7.5, 0.25], "texture": "#0"},
				"west": {"uv": [4, 0.25, 5.875, 0.5], "texture": "#0"},
				"up": {"uv": [2.75, 2.625, 2, 0.75], "texture": "#0"},
				"down": {"uv": [0.75, 2.25, 0, 4.125], "texture": "#0"}
			}
		},
		{
			"from": [7.89007, 7.68573, 8.59374],
			"to": [8.13847, 8.28573, 10.09374],
			"rotation": {"angle": -45, "axis": "z", "origin": [8, 8, 8]},
			"faces": {
				"north": {"uv": [0.25, 6.75, 0.5, 7.5], "texture": "#0"},
				"east": {"uv": [0.75, 2.75, 2.625, 3.5], "texture": "#0"},
				"south": {"uv": [1.25, 6.75, 1.5, 7.5], "texture": "#0"},
				"west": {"uv": [2.75, 0.75, 4.625, 1.5], "texture": "#0"},
				"up": {"uv": [3.5, 5.875, 3.25, 4], "texture": "#0"},
				"down": {"uv": [3.75, 4, 3.5, 5.875], "texture": "#0"}
			}
		},
		{
			"from": [7.8965, 7.72981, 10.09374],
			"to": [8.1035, 8.22981, 10.64374],
			"rotation": {"angle": 0, "axis": "y", "origin": [8, 8, 8]},
			"faces": {
				"north": {"uv": [6, 8, 6.25, 8.625], "texture": "#0"},
				"east": {"uv": [3.75, 4, 4.5, 4.625], "texture": "#0"},
				"south": {"uv": [6.25, 8, 6.5, 8.625], "texture": "#0"},
				"west": {"uv": [0, 4.25, 0.75, 4.875], "texture": "#0"},
				"up": {"uv": [1.75, 7.5, 1.5, 6.75], "texture": "#0"},
				"down": {"uv": [2, 6.75, 1.75, 7.5], "texture": "#0"}
			}
		},
		{
			"from": [7.88223, 7.73573, 10.09374],
			"to": [8.08923, 8.23573, 10.64374],
			"rotation": {"angle": 45, "axis": "z", "origin": [8, 8, 8]},
			"faces": {
				"north": {"uv": [8, 6.5, 8.25, 7.125], "texture": "#0"},
				"east": {"uv": [4.5, 1.5, 5.25, 2.125], "texture": "#0"},
				"south": {"uv": [0, 8.25, 0.25, 8.875], "texture": "#0"},
				"west": {"uv": [4.5, 2.25, 5.25, 2.875], "texture": "#0"},
				"up": {"uv": [2.25, 7.5, 2, 6.75], "texture": "#0"},
				"down": {"uv": [7, 2.25, 6.75, 3], "texture": "#0"}
			}
		},
		{
			"from": [7.75, 7.87631, 10.09374],
			"to": [8.25, 8.08331, 10.64374],
			"rotation": {"angle": 0, "axis": "y", "origin": [8, 8, 8]},
			"faces": {
				"north": {"uv": [8, 4.75, 8.625, 5], "texture": "#0"},
				"east": {"uv": [6.75, 0.25, 7.5, 0.5], "texture": "#0"},
				"south": {"uv": [8, 5, 8.625, 5.25], "texture": "#0"},
				"west": {"uv": [6.75, 3, 7.5, 3.25], "texture": "#0"},
				"up": {"uv": [5.125, 4.75, 4.5, 4], "texture": "#0"},
				"down": {"uv": [5.375, 0.5, 4.75, 1.25], "texture": "#0"}
			}
		},
		{
			"from": [7.73573, 7.88223, 10.09374],
			"to": [8.23573, 8.08923, 10.64374],
			"rotation": {"angle": 45, "axis": "z", "origin": [8, 8, 8]},
			"faces": {
				"north": {"uv": [8, 7.5, 8.625, 7.75], "texture": "#0"},
				"east": {"uv": [6.75, 3.25, 7.5, 3.5], "texture": "#0"},
				"south": {"uv": [8.25, 0, 8.875, 0.25], "texture": "#0"},
				"west": {"uv": [6.75, 3.5, 7.5, 3.75], "texture": "#0"},
				"up": {"uv": [4.375, 5.5, 3.75, 4.75], "texture": "#0"},
				"down": {"uv": [5.125, 4.75, 4.5, 5.5], "texture": "#0"}
			}
		},
		{
			"from": [7.65, 7.90481, 10.24374],
			"to": [8.35, 8.05481, 10.59374],
			"rotation": {"angle": 0, "axis": "y", "origin": [8, 8, 8]},
			"faces": {
				"north": {"uv": [6.5, 1.25, 7.375, 1.5], "texture": "#0"},
				"east": {"uv": [6.5, 8.25, 7, 8.5], "texture": "#0"},
				"south": {"uv": [6.5, 1.5, 7.375, 1.75], "texture": "#0"},
				"west": {"uv": [8.25, 6.5, 8.75, 6.75], "texture": "#0"},
				"up": {"uv": [1.625, 2.75, 0.75, 2.25], "texture": "#0"},
				"down": {"uv": [5.125, 3, 4.25, 3.5], "texture": "#0"}
			}
		},
		{
			"from": [7.925, 7.62981, 10.24374],
			"to": [8.075, 8.34981, 10.59374],
			"rotation": {"angle": 0, "axis": "y", "origin": [8, 8, 8]},
			"faces": {
				"north": {"uv": [6.5, 1.25, 7.375, 1.5], "rotation": 270, "texture": "#0"},
				"east": {"uv": [1.625, 2.75, 0.75, 2.25], "rotation": 90, "texture": "#0"},
				"south": {"uv": [6.5, 1.5, 7.375, 1.75], "rotation": 90, "texture": "#0"},
				"west": {"uv": [5.125, 3, 4.25, 3.5], "rotation": 90, "texture": "#0"},
				"up": {"uv": [8.25, 6.5, 8.75, 6.75], "rotation": 90, "texture": "#0"},
				"down": {"uv": [6.5, 8.25, 7, 8.5], "rotation": 90, "texture": "#0"}
			}
		},
		{
			"from": [7.66427, 7.91073, 10.24374],
			"to": [8.36427, 8.06073, 10.59374],
			"rotation": {"angle": -45, "axis": "z", "origin": [8, 8, 8]},
			"faces": {
				"north": {"uv": [6.875, 5.125, 7.75, 5.375], "texture": "#0"},
				"east": {"uv": [6.5, 7.375, 7, 7.625], "texture": "#0"},
				"south": {"uv": [6.75, 7, 7.625, 7.25], "texture": "#0"},
				"west": {"uv": [7.125, 5.75, 7.625, 6], "texture": "#0"},
				"up": {"uv": [7.875, 7, 7, 6.5], "texture": "#0"},
				"down": {"uv": [7.625, 4.5, 6.75, 5], "texture": "#0"}
			}
		},
		{
			"from": [7.63573, 7.91073, 10.24374],
			"to": [8.33573, 8.06073, 10.59374],
			"rotation": {"angle": 45, "axis": "z", "origin": [8, 8, 8]},
			"faces": {
				"north": {"uv": [6.875, 5.125, 7.75, 5.375], "texture": "#0"},
				"east": {"uv": [6.5, 7.375, 7, 7.625], "texture": "#0"},
				"south": {"uv": [6.75, 7, 7.625, 7.25], "texture": "#0"},
				"west": {"uv": [7.125, 5.75, 7.625, 6], "texture": "#0"},
				"up": {"uv": [7.875, 7, 7, 6.5], "texture": "#0"},
				"down": {"uv": [7.625, 4.5, 6.75, 5], "texture": "#0"}
			}
		},
		{
			"from": [7.8758, 7.67981, 8.19374],
			"to": [8.1242, 8.27981, 8.29374],
			"rotation": {"angle": 0, "axis": "y", "origin": [8, 8, 8]},
			"faces": {
				"north": {"uv": [2.5, 6.5, 2.75, 7.25], "texture": "#0"},
				"east": {"uv": [5.25, 8.25, 5.375, 9], "texture": "#0"},
				"south": {"uv": [2.75, 6.5, 3, 7.25], "texture": "#0"},
				"west": {"uv": [7, 8.25, 7.125, 9], "texture": "#0"},
				"up": {"uv": [10, 0.875, 9.75, 0.75], "texture": "#0"},
				"down": {"uv": [10, 1, 9.75, 1.125], "texture": "#0"}
			}
		},
		{
			"from": [7.86153, 7.68573, 8.19374],
			"to": [8.10993, 8.28573, 8.29374],
			"rotation": {"angle": 45, "axis": "z", "origin": [8, 8, 8]},
			"faces": {
				"north": {"uv": [0.75, 7, 1, 7.75], "texture": "#0"},
				"east": {"uv": [2.5, 8.5, 2.625, 9.25], "texture": "#0"},
				"south": {"uv": [1, 7, 1.25, 7.75], "texture": "#0"},
				"west": {"uv": [2.75, 8.5, 2.875, 9.25], "texture": "#0"},
				"up": {"uv": [3.25, 9.875, 3, 9.75], "texture": "#0"},
				"down": {"uv": [10, 3, 9.75, 3.125], "texture": "#0"}
			}
		},
		{
			"from": [7.7, 7.85561, 8.19374],
			"to": [8.3, 8.10401, 8.29374],
			"rotation": {"angle": 0, "axis": "y", "origin": [8, 8, 8]},
			"faces": {
				"north": {"uv": [7, 1, 7.75, 1.25], "texture": "#0"},
				"east": {"uv": [3.25, 9.75, 3.375, 10], "texture": "#0"},
				"south": {"uv": [7, 1.75, 7.75, 2], "texture": "#0"},
				"west": {"uv": [9.75, 3.25, 9.875, 3.5], "texture": "#0"},
				"up": {"uv": [9.25, 4.125, 8.5, 4], "texture": "#0"},
				"down": {"uv": [9.25, 6.25, 8.5, 6.375], "texture": "#0"}
			}
		},
		{
			"from": [7.68573, 7.86153, 8.19374],
			"to": [8.28573, 8.10993, 8.29374],
			"rotation": {"angle": 45, "axis": "z", "origin": [8, 8, 8]},
			"faces": {
				"north": {"uv": [7, 2, 7.75, 2.25], "texture": "#0"},
				"east": {"uv": [3.5, 9.75, 3.625, 10], "texture": "#0"},
				"south": {"uv": [7, 2.25, 7.75, 2.5], "texture": "#0"},
				"west": {"uv": [9.75, 3.5, 9.875, 3.75], "texture": "#0"},
				"up": {"uv": [9.25, 6.875, 8.5, 6.75], "texture": "#0"},
				"down": {"uv": [9.25, 7, 8.5, 7.125], "texture": "#0"}
			}
		},
		{
			"from": [7.8758, 7.67981, 8.04374],
			"to": [8.1242, 8.27981, 8.14374],
			"rotation": {"angle": 0, "axis": "y", "origin": [8, 8, 8]},
			"faces": {
				"north": {"uv": [2.5, 6.5, 2.75, 7.25], "texture": "#0"},
				"east": {"uv": [5.25, 8.25, 5.375, 9], "texture": "#0"},
				"south": {"uv": [2.75, 6.5, 3, 7.25], "texture": "#0"},
				"west": {"uv": [7, 8.25, 7.125, 9], "texture": "#0"},
				"up": {"uv": [10, 0.875, 9.75, 0.75], "texture": "#0"},
				"down": {"uv": [10, 1, 9.75, 1.125], "texture": "#0"}
			}
		},
		{
			"from": [7.86153, 7.68573, 8.04374],
			"to": [8.10993, 8.28573, 8.14374],
			"rotation": {"angle": 45, "axis": "z", "origin": [8, 8, 8]},
			"faces": {
				"north": {"uv": [0.75, 7, 1, 7.75], "texture": "#0"},
				"east": {"uv": [2.5, 8.5, 2.625, 9.25], "texture": "#0"},
				"south": {"uv": [1, 7, 1.25, 7.75], "texture": "#0"},
				"west": {"uv": [2.75, 8.5, 2.875, 9.25], "texture": "#0"},
				"up": {"uv": [3.25, 9.875, 3, 9.75], "texture": "#0"},
				"down": {"uv": [10, 3, 9.75, 3.125], "texture": "#0"}
			}
		},
		{
			"from": [7.7, 7.85561, 8.04374],
			"to": [8.3, 8.10401, 8.14374],
			"rotation": {"angle": 0, "axis": "y", "origin": [8, 8, 8]},
			"faces": {
				"north": {"uv": [7, 1, 7.75, 1.25], "texture": "#0"},
				"east": {"uv": [3.25, 9.75, 3.375, 10], "texture": "#0"},
				"south": {"uv": [7, 1.75, 7.75, 2], "texture": "#0"},
				"west": {"uv": [9.75, 3.25, 9.875, 3.5], "texture": "#0"},
				"up": {"uv": [9.25, 4.125, 8.5, 4], "texture": "#0"},
				"down": {"uv": [9.25, 6.25, 8.5, 6.375], "texture": "#0"}
			}
		},
		{
			"from": [7.68573, 7.86153, 8.04374],
			"to": [8.28573, 8.10993, 8.14374],
			"rotation": {"angle": 45, "axis": "z", "origin": [8, 8, 8]},
			"faces": {
				"north": {"uv": [7, 2, 7.75, 2.25], "texture": "#0"},
				"east": {"uv": [3.5, 9.75, 3.625, 10], "texture": "#0"},
				"south": {"uv": [7, 2.25, 7.75, 2.5], "texture": "#0"},
				"west": {"uv": [9.75, 3.5, 9.875, 3.75], "texture": "#0"},
				"up": {"uv": [9.25, 6.875, 8.5, 6.75], "texture": "#0"},
				"down": {"uv": [9.25, 7, 8.5, 7.125], "texture": "#0"}
			}
		},
		{
			"from": [7.8758, 7.67981, 7.89374],
			"to": [8.1242, 8.27981, 7.99374],
			"rotation": {"angle": 0, "axis": "y", "origin": [8, 8, 8]},
			"faces": {
				"north": {"uv": [2.5, 6.5, 2.75, 7.25], "texture": "#0"},
				"east": {"uv": [5.25, 8.25, 5.375, 9], "texture": "#0"},
				"south": {"uv": [2.75, 6.5, 3, 7.25], "texture": "#0"},
				"west": {"uv": [7, 8.25, 7.125, 9], "texture": "#0"},
				"up": {"uv": [10, 0.875, 9.75, 0.75], "texture": "#0"},
				"down": {"uv": [10, 1, 9.75, 1.125], "texture": "#0"}
			}
		},
		{
			"from": [7.86153, 7.68573, 7.89374],
			"to": [8.10993, 8.28573, 7.99374],
			"rotation": {"angle": 45, "axis": "z", "origin": [8, 8, 8]},
			"faces": {
				"north": {"uv": [0.75, 7, 1, 7.75], "texture": "#0"},
				"east": {"uv": [2.5, 8.5, 2.625, 9.25], "texture": "#0"},
				"south": {"uv": [1, 7, 1.25, 7.75], "texture": "#0"},
				"west": {"uv": [2.75, 8.5, 2.875, 9.25], "texture": "#0"},
				"up": {"uv": [3.25, 9.875, 3, 9.75], "texture": "#0"},
				"down": {"uv": [10, 3, 9.75, 3.125], "texture": "#0"}
			}
		},
		{
			"from": [7.7, 7.85561, 7.89374],
			"to": [8.3, 8.10401, 7.99374],
			"rotation": {"angle": 0, "axis": "y", "origin": [8, 8, 8]},
			"faces": {
				"north": {"uv": [7, 1, 7.75, 1.25], "texture": "#0"},
				"east": {"uv": [3.25, 9.75, 3.375, 10], "texture": "#0"},
				"south": {"uv": [7, 1.75, 7.75, 2], "texture": "#0"},
				"west": {"uv": [9.75, 3.25, 9.875, 3.5], "texture": "#0"},
				"up": {"uv": [9.25, 4.125, 8.5, 4], "texture": "#0"},
				"down": {"uv": [9.25, 6.25, 8.5, 6.375], "texture": "#0"}
			}
		},
		{
			"from": [7.68573, 7.86153, 7.89374],
			"to": [8.28573, 8.10993, 7.99374],
			"rotation": {"angle": 45, "axis": "z", "origin": [8, 8, 8]},
			"faces": {
				"north": {"uv": [7, 2, 7.75, 2.25], "texture": "#0"},
				"east": {"uv": [3.5, 9.75, 3.625, 10], "texture": "#0"},
				"south": {"uv": [7, 2.25, 7.75, 2.5], "texture": "#0"},
				"west": {"uv": [9.75, 3.5, 9.875, 3.75], "texture": "#0"},
				"up": {"uv": [9.25, 6.875, 8.5, 6.75], "texture": "#0"},
				"down": {"uv": [9.25, 7, 8.5, 7.125], "texture": "#0"}
			}
		},
		{
			"from": [7.8758, 7.67981, 7.74374],
			"to": [8.1242, 8.27981, 7.84374],
			"rotation": {"angle": 0, "axis": "y", "origin": [8, 8, 8]},
			"faces": {
				"north": {"uv": [2.5, 6.5, 2.75, 7.25], "texture": "#0"},
				"east": {"uv": [5.25, 8.25, 5.375, 9], "texture": "#0"},
				"south": {"uv": [2.75, 6.5, 3, 7.25], "texture": "#0"},
				"west": {"uv": [7, 8.25, 7.125, 9], "texture": "#0"},
				"up": {"uv": [10, 0.875, 9.75, 0.75], "texture": "#0"},
				"down": {"uv": [10, 1, 9.75, 1.125], "texture": "#0"}
			}
		},
		{
			"from": [7.86153, 7.68573, 7.74374],
			"to": [8.10993, 8.28573, 7.84374],
			"rotation": {"angle": 45, "axis": "z", "origin": [8, 8, 8]},
			"faces": {
				"north": {"uv": [0.75, 7, 1, 7.75], "texture": "#0"},
				"east": {"uv": [2.5, 8.5, 2.625, 9.25], "texture": "#0"},
				"south": {"uv": [1, 7, 1.25, 7.75], "texture": "#0"},
				"west": {"uv": [2.75, 8.5, 2.875, 9.25], "texture": "#0"},
				"up": {"uv": [3.25, 9.875, 3, 9.75], "texture": "#0"},
				"down": {"uv": [10, 3, 9.75, 3.125], "texture": "#0"}
			}
		},
		{
			"from": [7.7, 7.85561, 7.74374],
			"to": [8.3, 8.10401, 7.84374],
			"rotation": {"angle": 0, "axis": "y", "origin": [8, 8, 8]},
			"faces": {
				"north": {"uv": [7, 1, 7.75, 1.25], "texture": "#0"},
				"east": {"uv": [3.25, 9.75, 3.375, 10], "texture": "#0"},
				"south": {"uv": [7, 1.75, 7.75, 2], "texture": "#0"},
				"west": {"uv": [9.75, 3.25, 9.875, 3.5], "texture": "#0"},
				"up": {"uv": [9.25, 4.125, 8.5, 4], "texture": "#0"},
				"down": {"uv": [9.25, 6.25, 8.5, 6.375], "texture": "#0"}
			}
		},
		{
			"from": [7.68573, 7.86153, 7.74374],
			"to": [8.28573, 8.10993, 7.84374],
			"rotation": {"angle": 45, "axis": "z", "origin": [8, 8, 8]},
			"faces": {
				"north": {"uv": [7, 2, 7.75, 2.25], "texture": "#0"},
				"east": {"uv": [3.5, 9.75, 3.625, 10], "texture": "#0"},
				"south": {"uv": [7, 2.25, 7.75, 2.5], "texture": "#0"},
				"west": {"uv": [9.75, 3.5, 9.875, 3.75], "texture": "#0"},
				"up": {"uv": [9.25, 6.875, 8.5, 6.75], "texture": "#0"},
				"down": {"uv": [9.25, 7, 8.5, 7.125], "texture": "#0"}
			}
		},
		{
			"from": [7.8758, 7.67981, 7.59374],
			"to": [8.1242, 8.27981, 7.69374],
			"rotation": {"angle": 0, "axis": "y", "origin": [8, 8, 8]},
			"faces": {
				"north": {"uv": [2.5, 6.5, 2.75, 7.25], "texture": "#0"},
				"east": {"uv": [5.25, 8.25, 5.375, 9], "texture": "#0"},
				"south": {"uv": [2.75, 6.5, 3, 7.25], "texture": "#0"},
				"west": {"uv": [7, 8.25, 7.125, 9], "texture": "#0"},
				"up": {"uv": [10, 0.875, 9.75, 0.75], "texture": "#0"},
				"down": {"uv": [10, 1, 9.75, 1.125], "texture": "#0"}
			}
		},
		{
			"from": [7.86153, 7.68573, 7.59374],
			"to": [8.10993, 8.28573, 7.69374],
			"rotation": {"angle": 45, "axis": "z", "origin": [8, 8, 8]},
			"faces": {
				"north": {"uv": [0.75, 7, 1, 7.75], "texture": "#0"},
				"east": {"uv": [2.5, 8.5, 2.625, 9.25], "texture": "#0"},
				"south": {"uv": [1, 7, 1.25, 7.75], "texture": "#0"},
				"west": {"uv": [2.75, 8.5, 2.875, 9.25], "texture": "#0"},
				"up": {"uv": [3.25, 9.875, 3, 9.75], "texture": "#0"},
				"down": {"uv": [10, 3, 9.75, 3.125], "texture": "#0"}
			}
		},
		{
			"from": [7.7, 7.85561, 7.59374],
			"to": [8.3, 8.10401, 7.69374],
			"rotation": {"angle": 0, "axis": "y", "origin": [8, 8, 8]},
			"faces": {
				"north": {"uv": [7, 1, 7.75, 1.25], "texture": "#0"},
				"east": {"uv": [3.25, 9.75, 3.375, 10], "texture": "#0"},
				"south": {"uv": [7, 1.75, 7.75, 2], "texture": "#0"},
				"west": {"uv": [9.75, 3.25, 9.875, 3.5], "texture": "#0"},
				"up": {"uv": [9.25, 4.125, 8.5, 4], "texture": "#0"},
				"down": {"uv": [9.25, 6.25, 8.5, 6.375], "texture": "#0"}
			}
		},
		{
			"from": [7.68573, 7.86153, 7.59374],
			"to": [8.28573, 8.10993, 7.69374],
			"rotation": {"angle": 45, "axis": "z", "origin": [8, 8, 8]},
			"faces": {
				"north": {"uv": [7, 2, 7.75, 2.25], "texture": "#0"},
				"east": {"uv": [3.5, 9.75, 3.625, 10], "texture": "#0"},
				"south": {"uv": [7, 2.25, 7.75, 2.5], "texture": "#0"},
				"west": {"uv": [9.75, 3.5, 9.875, 3.75], "texture": "#0"},
				"up": {"uv": [9.25, 6.875, 8.5, 6.75], "texture": "#0"},
				"down": {"uv": [9.25, 7, 8.5, 7.125], "texture": "#0"}
			}
		},
		{
			"from": [7.8758, 7.67981, 7.44374],
			"to": [8.1242, 8.27981, 7.54374],
			"rotation": {"angle": 0, "axis": "y", "origin": [8, 8, 8]},
			"faces": {
				"north": {"uv": [2.5, 6.5, 2.75, 7.25], "texture": "#0"},
				"east": {"uv": [5.25, 8.25, 5.375, 9], "texture": "#0"},
				"south": {"uv": [2.75, 6.5, 3, 7.25], "texture": "#0"},
				"west": {"uv": [7, 8.25, 7.125, 9], "texture": "#0"},
				"up": {"uv": [10, 0.875, 9.75, 0.75], "texture": "#0"},
				"down": {"uv": [10, 1, 9.75, 1.125], "texture": "#0"}
			}
		},
		{
			"from": [7.86153, 7.68573, 7.44374],
			"to": [8.10993, 8.28573, 7.54374],
			"rotation": {"angle": 45, "axis": "z", "origin": [8, 8, 8]},
			"faces": {
				"north": {"uv": [0.75, 7, 1, 7.75], "texture": "#0"},
				"east": {"uv": [2.5, 8.5, 2.625, 9.25], "texture": "#0"},
				"south": {"uv": [1, 7, 1.25, 7.75], "texture": "#0"},
				"west": {"uv": [2.75, 8.5, 2.875, 9.25], "texture": "#0"},
				"up": {"uv": [3.25, 9.875, 3, 9.75], "texture": "#0"},
				"down": {"uv": [10, 3, 9.75, 3.125], "texture": "#0"}
			}
		},
		{
			"from": [7.7, 7.85561, 7.44374],
			"to": [8.3, 8.10401, 7.54374],
			"rotation": {"angle": 0, "axis": "y", "origin": [8, 8, 8]},
			"faces": {
				"north": {"uv": [7, 1, 7.75, 1.25], "texture": "#0"},
				"east": {"uv": [3.25, 9.75, 3.375, 10], "texture": "#0"},
				"south": {"uv": [7, 1.75, 7.75, 2], "texture": "#0"},
				"west": {"uv": [9.75, 3.25, 9.875, 3.5], "texture": "#0"},
				"up": {"uv": [9.25, 4.125, 8.5, 4], "texture": "#0"},
				"down": {"uv": [9.25, 6.25, 8.5, 6.375], "texture": "#0"}
			}
		},
		{
			"from": [7.68573, 7.86153, 7.44374],
			"to": [8.28573, 8.10993, 7.54374],
			"rotation": {"angle": 45, "axis": "z", "origin": [8, 8, 8]},
			"faces": {
				"north": {"uv": [7, 2, 7.75, 2.25], "texture": "#0"},
				"east": {"uv": [3.5, 9.75, 3.625, 10], "texture": "#0"},
				"south": {"uv": [7, 2.25, 7.75, 2.5], "texture": "#0"},
				"west": {"uv": [9.75, 3.5, 9.875, 3.75], "texture": "#0"},
				"up": {"uv": [9.25, 6.875, 8.5, 6.75], "texture": "#0"},
				"down": {"uv": [9.25, 7, 8.5, 7.125], "texture": "#0"}
			}
		},
		{
			"from": [7.8758, 7.67981, 7.19374],
			"to": [8.1242, 8.27981, 7.39374],
			"rotation": {"angle": 0, "axis": "y", "origin": [8, 8, 8]},
			"faces": {
				"north": {"uv": [2.5, 6.5, 2.75, 7.25], "texture": "#0"},
				"east": {"uv": [5.25, 8.25, 5.375, 9], "texture": "#0"},
				"south": {"uv": [2.75, 6.5, 3, 7.25], "texture": "#0"},
				"west": {"uv": [7, 8.25, 7.125, 9], "texture": "#0"},
				"up": {"uv": [10, 0.875, 9.75, 0.75], "texture": "#0"},
				"down": {"uv": [10, 1, 9.75, 1.125], "texture": "#0"}
			}
		},
		{
			"from": [7.86153, 7.68573, 7.19374],
			"to": [8.10993, 8.28573, 7.39374],
			"rotation": {"angle": 45, "axis": "z", "origin": [8, 8, 8]},
			"faces": {
				"north": {"uv": [0.75, 7, 1, 7.75], "texture": "#0"},
				"east": {"uv": [2.5, 8.5, 2.625, 9.25], "texture": "#0"},
				"south": {"uv": [1, 7, 1.25, 7.75], "texture": "#0"},
				"west": {"uv": [2.75, 8.5, 2.875, 9.25], "texture": "#0"},
				"up": {"uv": [3.25, 9.875, 3, 9.75], "texture": "#0"},
				"down": {"uv": [10, 3, 9.75, 3.125], "texture": "#0"}
			}
		},
		{
			"from": [7.7, 7.85561, 7.19374],
			"to": [8.3, 8.10401, 7.39374],
			"rotation": {"angle": 0, "axis": "y", "origin": [8, 8, 8]},
			"faces": {
				"north": {"uv": [7, 1, 7.75, 1.25], "texture": "#0"},
				"east": {"uv": [3.25, 9.75, 3.375, 10], "texture": "#0"},
				"south": {"uv": [7, 1.75, 7.75, 2], "texture": "#0"},
				"west": {"uv": [9.75, 3.25, 9.875, 3.5], "texture": "#0"},
				"up": {"uv": [9.25, 4.125, 8.5, 4], "texture": "#0"},
				"down": {"uv": [9.25, 6.25, 8.5, 6.375], "texture": "#0"}
			}
		},
		{
			"from": [7.68573, 7.86153, 7.19374],
			"to": [8.28573, 8.10993, 7.39374],
			"rotation": {"angle": 45, "axis": "z", "origin": [8, 8, 8]},
			"faces": {
				"north": {"uv": [7, 2, 7.75, 2.25], "texture": "#0"},
				"east": {"uv": [3.5, 9.75, 3.625, 10], "texture": "#0"},
				"south": {"uv": [7, 2.25, 7.75, 2.5], "texture": "#0"},
				"west": {"uv": [9.75, 3.5, 9.875, 3.75], "texture": "#0"},
				"up": {"uv": [9.25, 6.875, 8.5, 6.75], "texture": "#0"},
				"down": {"uv": [9.25, 7, 8.5, 7.125], "texture": "#0"}
			}
		},
		{
			"from": [7.9, 7.8798, -4.40626],
			"to": [8.1, 8.0798, 5.94374],
			"rotation": {"angle": 0, "axis": "y", "origin": [8.0242, 8, 8]},
			"faces": {
				"north": {"uv": [13.75, 11.75, 14.125, 12.125], "texture": "#0"},
				"east": {"uv": [0, 14.75, 10.25, 15.125], "texture": "#0"},
				"south": {"uv": [14.375, 11.75, 14.75, 12.125], "texture": "#0"},
				"west": {"uv": [0, 14.25, 10.25, 14.625], "texture": "#0"},
				"up": {"uv": [14.375, 10.5, 14, 0.25], "texture": "#0"},
				"down": {"uv": [14.875, 0.125, 14.5, 10.375], "texture": "#0"}
			}
		},
		{
			"from": [8.2, 8.1798, 5.9438],
			"to": [7.8, 7.7798, -4.5562],
			"rotation": {"angle": 0, "axis": "y", "origin": [8.3242, 8, 8]},
			"faces": {
				"north": {"uv": [15.375, 10.875, 15.75, 11.25], "texture": "#0"},
				"east": {"uv": [0, 15.75, 10.25, 16], "texture": "#0"},
				"south": {"uv": [15.375, 10.875, 15.75, 11.25], "texture": "#0"},
				"west": {"uv": [0, 15.25, 10.25, 15.625], "texture": "#0"},
				"up": {"uv": [15.875, 10.5, 15.5, 0.25], "texture": "#0"},
				"down": {"uv": [15.375, 0.125, 15, 10.375], "texture": "#0"}
			}
		}
	],
	"display": {
		"thirdperson_righthand": {
			"rotation": [104.75, 0, 0],
			"translation": [0, -1.25, 0.5],
			"scale": [2, 2, 2]
		},
		"thirdperson_lefthand": {
			"rotation": [104.75, 0, 0],
			"translation": [0, -1.25, 0.5],
			"scale": [2, 2, 2]
		},
		"firstperson_righthand": {
			"rotation": [82, 0, 0],
			"translation": [0, -1.25, 0],
			"scale": [1.5, 1.5, 1.5]
		},
		"firstperson_lefthand": {
			"rotation": [82, 0, 0],
			"translation": [0, -1.25, 0],
			"scale": [1.5, 1.5, 1.5]
		},
		"ground": {
			"rotation": [90, 0, 0],
			"translation": [0, 3, 0],
			"scale": [2, 2, 2]
		},
		"gui": {
			"rotation": [89.98, -45.76, 78],
			"translation": [-5.25, -5, -2.75],
			"scale": [1.5, 1.5, 1.5]
		},
		"fixed": {
			"rotation": [89.98, -0.26, 78],
			"translation": [0, 1.25, -2.75],
			"scale": [4, 4, 4]
		}
	},
	"groups": [
		0,
		{
			"name": "group",
			"origin": [8, 8.1, 9],
			"color": 0,
			"children": [1, 2, 3, 4]
		},
		{
			"name": "group",
			"origin": [8, 8.1, 1],
			"color": 2,
			"children": [
				{
					"name": "group",
					"origin": [8, 8.1, 1],
					"color": 0,
					"children": [5, 6, 7, 8]
				}
			]
		},
		{
			"name": "group",
			"origin": [8, 8.1, -1.875],
			"color": 3,
			"children": [
				{
					"name": "group",
					"origin": [8, 8.1, -1.875],
					"color": 0,
					"children": [9, 10, 11, 12]
				}
			]
		},
		{
			"name": "chain",
			"origin": [7.5, 7.5, 8],
			"color": 3,
			"children": [13, 14, 15, 16]
		},
		{
			"name": "group",
			"origin": [8, 8.1, 2.5],
			"color": 0,
			"children": [17, 18, 19, 20]
		},
		{
			"name": "group",
			"origin": [8, 8.1, 1.75],
			"color": 0,
			"children": [21, 22, 23, 24]
		},
		{
			"name": "group",
			"origin": [8, 8.1, -0.375],
			"color": 0,
			"children": [25, 26, 27, 28]
		},
		{
			"name": "group",
			"origin": [8, 8.1, -2.875],
			"color": 0,
			"children": [29, 30, 31, 32]
		},
		{
			"name": "group",
			"origin": [8, 8.1, 6.75],
			"color": 0,
			"children": [33, 34, 35, 36]
		},
		{
			"name": "group",
			"origin": [8, 8.1, 9.75],
			"color": 0,
			"children": [37, 38, 39, 40]
		},
		{
			"name": "group",
			"origin": [8, 8.1, 13.75],
			"color": 0,
			"children": [41, 42, 43, 44]
		},
		{
			"name": "group",
			"origin": [8, 8.1, 18.875],
			"color": 0,
			"children": [45, 46, 47, 48]
		},
		{
			"name": "group",
			"origin": [8, 8.1, 19.125],
			"color": 0,
			"children": [49, 50, 51, 52]
		},
		{
			"name": "group",
			"origin": [8, 8.1, 9],
			"color": 0,
			"children": [53, 54, 55, 56]
		},
		{
			"name": "group",
			"origin": [8, 8.1, 9],
			"color": 0,
			"children": [57, 58, 59, 60]
		},
		{
			"name": "group",
			"origin": [8, 8.1, 9],
			"color": 0,
			"children": [61, 62, 63, 64]
		},
		{
			"name": "group",
			"origin": [8, 8.1, 9],
			"color": 0,
			"children": [65, 66, 67, 68]
		},
		{
			"name": "group",
			"origin": [8, 8.1, 9],
			"color": 0,
			"children": [69, 70, 71, 72]
		},
		{
			"name": "group",
			"origin": [8, 8.1, 9],
			"color": 0,
			"children": [73, 74, 75, 76]
		},
		{
			"name": "group",
			"origin": [8, 8.1, 9],
			"color": 0,
			"children": [77, 78, 79, 80]
		},
		81,
		82
	]
}