{
	"credit": "Made with Blockbench",
	"textures": {
		"0": "hattextures/warden",
		"particle": "hattextures/warden"
	},
	"elements": [
		{
			"name": "warden_0",
			"from": [-8, 3, 8],
			"to": [-7, 10, 9],
			"faces": {
				"north": {"uv": [7, 13, 8, 6], "rotation": 180, "texture": "#0"},
				"east": {"uv": [7, 6, 8, 13], "texture": "#0"},
				"south": {"uv": [7, 6, 8, 13], "texture": "#0"},
				"west": {"uv": [7, 6, 8, 13], "texture": "#0"},
				"up": {"uv": [8, 6, 7, 7], "rotation": 180, "texture": "#0"},
				"down": {"uv": [7, 12, 8, 13], "texture": "#0"}
			}
		},
		{
			"name": "warden_11",
			"from": [15, 0, 8],
			"to": [16, 3, 9],
			"faces": {
				"north": {"uv": [15, 13, 16, 16], "texture": "#0"},
				"east": {"uv": [15, 13, 16, 16], "texture": "#0"},
				"south": {"uv": [15, 16, 16, 13], "rotation": 180, "texture": "#0"},
				"west": {"uv": [15, 13, 16, 16], "texture": "#0"},
				"up": {"uv": [16, 13, 15, 14], "texture": "#0"},
				"down": {"uv": [15, 15, 16, 16], "rotation": 180, "texture": "#0"}
			}
		},
		{
			"name": "warden_10",
			"from": [19, 2, 8],
			"to": [20, 3, 9],
			"faces": {
				"north": {"uv": [11, 13, 12, 14], "texture": "#0"},
				"east": {"uv": [11, 13, 12, 14], "texture": "#0"},
				"south": {"uv": [11, 14, 12, 13], "rotation": 180, "texture": "#0"},
				"west": {"uv": [11, 13, 12, 14], "texture": "#0"},
				"up": {"uv": [12, 13, 11, 14], "texture": "#0"},
				"down": {"uv": [11, 13, 12, 14], "rotation": 180, "texture": "#0"}
			}
		},
		{
			"name": "warden_9",
			"from": [16, 0, 8],
			"to": [17, 4, 9],
			"faces": {
				"north": {"uv": [14, 12, 15, 16], "texture": "#0"},
				"east": {"uv": [14, 12, 15, 16], "texture": "#0"},
				"south": {"uv": [14, 16, 15, 12], "rotation": 180, "texture": "#0"},
				"west": {"uv": [14, 12, 15, 16], "texture": "#0"},
				"up": {"uv": [15, 12, 14, 13], "texture": "#0"},
				"down": {"uv": [14, 15, 15, 16], "rotation": 180, "texture": "#0"}
			}
		},
		{
			"name": "warden_8",
			"from": [18, 1, 8],
			"to": [19, 4, 9],
			"faces": {
				"north": {"uv": [12, 12, 13, 15], "texture": "#0"},
				"east": {"uv": [12, 12, 13, 15], "texture": "#0"},
				"south": {"uv": [12, 15, 13, 12], "rotation": 180, "texture": "#0"},
				"west": {"uv": [12, 12, 13, 15], "texture": "#0"},
				"up": {"uv": [13, 12, 12, 13], "texture": "#0"},
				"down": {"uv": [12, 14, 13, 15], "rotation": 180, "texture": "#0"}
			}
		},
		{
			"name": "warden_7",
			"from": [17, 1, 8],
			"to": [18, 5, 9],
			"faces": {
				"north": {"uv": [13, 11, 14, 15], "texture": "#0"},
				"east": {"uv": [13, 11, 14, 15], "texture": "#0"},
				"south": {"uv": [13, 15, 14, 11], "rotation": 180, "texture": "#0"},
				"west": {"uv": [13, 11, 14, 15], "texture": "#0"},
				"up": {"uv": [14, 11, 13, 12], "texture": "#0"},
				"down": {"uv": [13, 14, 14, 15], "rotation": 180, "texture": "#0"}
			}
		},
		{
			"name": "warden_6",
			"from": [19, 3, 8],
			"to": [21, 5, 9],
			"faces": {
				"north": {"uv": [10, 11, 12, 13], "texture": "#0"},
				"east": {"uv": [10, 11, 11, 13], "texture": "#0"},
				"south": {"uv": [10, 13, 12, 11], "rotation": 180, "texture": "#0"},
				"west": {"uv": [11, 11, 12, 13], "texture": "#0"},
				"up": {"uv": [12, 11, 10, 12], "texture": "#0"},
				"down": {"uv": [10, 12, 12, 13], "rotation": 180, "texture": "#0"}
			}
		},
		{
			"name": "warden_5",
			"from": [21, 0, 8],
			"to": [22, 6, 9],
			"faces": {
				"north": {"uv": [9, 10, 10, 16], "texture": "#0"},
				"east": {"uv": [9, 10, 10, 16], "texture": "#0"},
				"south": {"uv": [9, 16, 10, 10], "rotation": 180, "texture": "#0"},
				"west": {"uv": [9, 10, 10, 16], "texture": "#0"},
				"up": {"uv": [10, 10, 9, 11], "texture": "#0"},
				"down": {"uv": [9, 15, 10, 16], "rotation": 180, "texture": "#0"}
			}
		},
		{
			"name": "warden_4",
			"from": [24, 2, 8],
			"to": [25, 8, 9],
			"faces": {
				"north": {"uv": [6, 8, 7, 14], "texture": "#0"},
				"east": {"uv": [6, 8, 7, 14], "texture": "#0"},
				"south": {"uv": [6, 14, 7, 8], "rotation": 180, "texture": "#0"},
				"west": {"uv": [6, 8, 7, 14], "texture": "#0"},
				"up": {"uv": [7, 8, 6, 9], "texture": "#0"},
				"down": {"uv": [6, 13, 7, 14], "rotation": 180, "texture": "#0"}
			}
		},
		{
			"name": "warden_3",
			"from": [20, 8, 8],
			"to": [21, 9, 9],
			"faces": {
				"north": {"uv": [10, 7, 11, 8], "texture": "#0"},
				"east": {"uv": [10, 7, 11, 8], "texture": "#0"},
				"south": {"uv": [10, 8, 11, 7], "rotation": 180, "texture": "#0"},
				"west": {"uv": [10, 7, 11, 8], "texture": "#0"},
				"up": {"uv": [11, 7, 10, 8], "texture": "#0"},
				"down": {"uv": [10, 7, 11, 8], "rotation": 180, "texture": "#0"}
			}
		},
		{
			"name": "warden_2",
			"from": [22, 3, 8],
			"to": [23, 9, 9],
			"faces": {
				"north": {"uv": [8, 7, 9, 13], "texture": "#0"},
				"east": {"uv": [8, 7, 9, 13], "texture": "#0"},
				"south": {"uv": [8, 13, 9, 7], "rotation": 180, "texture": "#0"},
				"west": {"uv": [8, 7, 9, 13], "texture": "#0"},
				"up": {"uv": [9, 7, 8, 8], "texture": "#0"},
				"down": {"uv": [8, 12, 9, 13], "rotation": 180, "texture": "#0"}
			}
		},
		{
			"name": "warden_1",
			"from": [21, 7, 8],
			"to": [22, 10, 9],
			"faces": {
				"north": {"uv": [9, 6, 10, 9], "texture": "#0"},
				"east": {"uv": [9, 6, 10, 9], "texture": "#0"},
				"south": {"uv": [9, 9, 10, 6], "rotation": 180, "texture": "#0"},
				"west": {"uv": [9, 6, 10, 9], "texture": "#0"},
				"up": {"uv": [10, 6, 9, 7], "texture": "#0"},
				"down": {"uv": [9, 8, 10, 9], "rotation": 180, "texture": "#0"}
			}
		},
		{
			"name": "warden_0",
			"from": [23, 3, 8],
			"to": [24, 10, 9],
			"faces": {
				"north": {"uv": [7, 6, 8, 13], "texture": "#0"},
				"east": {"uv": [7, 6, 8, 13], "texture": "#0"},
				"south": {"uv": [7, 13, 8, 6], "rotation": 180, "texture": "#0"},
				"west": {"uv": [7, 6, 8, 13], "texture": "#0"},
				"up": {"uv": [8, 6, 7, 7], "texture": "#0"},
				"down": {"uv": [7, 12, 8, 13], "rotation": 180, "texture": "#0"}
			}
		},
		{
			"name": "warden_1",
			"from": [-6, 7, 8],
			"to": [-5, 10, 9],
			"faces": {
				"north": {"uv": [9, 9, 10, 6], "rotation": 180, "texture": "#0"},
				"east": {"uv": [9, 6, 10, 9], "texture": "#0"},
				"south": {"uv": [9, 6, 10, 9], "texture": "#0"},
				"west": {"uv": [9, 6, 10, 9], "texture": "#0"},
				"up": {"uv": [10, 6, 9, 7], "rotation": 180, "texture": "#0"},
				"down": {"uv": [9, 8, 10, 9], "texture": "#0"}
			}
		},
		{
			"name": "warden_2",
			"from": [-7, 3, 8],
			"to": [-6, 9, 9],
			"faces": {
				"north": {"uv": [8, 13, 9, 7], "rotation": 180, "texture": "#0"},
				"east": {"uv": [8, 7, 9, 13], "texture": "#0"},
				"south": {"uv": [8, 7, 9, 13], "texture": "#0"},
				"west": {"uv": [8, 7, 9, 13], "texture": "#0"},
				"up": {"uv": [9, 7, 8, 8], "rotation": 180, "texture": "#0"},
				"down": {"uv": [8, 12, 9, 13], "texture": "#0"}
			}
		},
		{
			"name": "warden_3",
			"from": [-5, 8, 8],
			"to": [-4, 9, 9],
			"faces": {
				"north": {"uv": [10, 8, 11, 7], "rotation": 180, "texture": "#0"},
				"east": {"uv": [10, 7, 11, 8], "texture": "#0"},
				"south": {"uv": [10, 7, 11, 8], "texture": "#0"},
				"west": {"uv": [10, 7, 11, 8], "texture": "#0"},
				"up": {"uv": [11, 7, 10, 8], "rotation": 180, "texture": "#0"},
				"down": {"uv": [10, 7, 11, 8], "texture": "#0"}
			}
		},
		{
			"name": "warden_4",
			"from": [-9, 2, 8],
			"to": [-8, 8, 9],
			"faces": {
				"north": {"uv": [6, 14, 7, 8], "rotation": 180, "texture": "#0"},
				"east": {"uv": [6, 8, 7, 14], "texture": "#0"},
				"south": {"uv": [6, 8, 7, 14], "texture": "#0"},
				"west": {"uv": [6, 8, 7, 14], "texture": "#0"},
				"up": {"uv": [7, 8, 6, 9], "rotation": 180, "texture": "#0"},
				"down": {"uv": [6, 13, 7, 14], "texture": "#0"}
			}
		},
		{
			"name": "warden_5",
			"from": [-6, 0, 8],
			"to": [-5, 6, 9],
			"faces": {
				"north": {"uv": [9, 16, 10, 10], "rotation": 180, "texture": "#0"},
				"east": {"uv": [9, 10, 10, 16], "texture": "#0"},
				"south": {"uv": [9, 10, 10, 16], "texture": "#0"},
				"west": {"uv": [9, 10, 10, 16], "texture": "#0"},
				"up": {"uv": [10, 10, 9, 11], "rotation": 180, "texture": "#0"},
				"down": {"uv": [9, 15, 10, 16], "texture": "#0"}
			}
		},
		{
			"name": "warden_6",
			"from": [-5, 3, 8],
			"to": [-3, 5, 9],
			"faces": {
				"north": {"uv": [10, 13, 12, 11], "rotation": 180, "texture": "#0"},
				"east": {"uv": [11, 11, 12, 13], "texture": "#0"},
				"south": {"uv": [10, 11, 12, 13], "texture": "#0"},
				"west": {"uv": [10, 11, 11, 13], "texture": "#0"},
				"up": {"uv": [12, 11, 10, 12], "rotation": 180, "texture": "#0"},
				"down": {"uv": [10, 12, 12, 13], "texture": "#0"}
			}
		},
		{
			"name": "warden_7",
			"from": [-2, 1, 8],
			"to": [-1, 5, 9],
			"faces": {
				"north": {"uv": [13, 15, 14, 11], "rotation": 180, "texture": "#0"},
				"east": {"uv": [13, 11, 14, 15], "texture": "#0"},
				"south": {"uv": [13, 11, 14, 15], "texture": "#0"},
				"west": {"uv": [13, 11, 14, 15], "texture": "#0"},
				"up": {"uv": [14, 11, 13, 12], "rotation": 180, "texture": "#0"},
				"down": {"uv": [13, 14, 14, 15], "texture": "#0"}
			}
		},
		{
			"name": "warden_8",
			"from": [-3, 1, 8],
			"to": [-2, 4, 9],
			"faces": {
				"north": {"uv": [12, 15, 13, 12], "rotation": 180, "texture": "#0"},
				"east": {"uv": [12, 12, 13, 15], "texture": "#0"},
				"south": {"uv": [12, 12, 13, 15], "texture": "#0"},
				"west": {"uv": [12, 12, 13, 15], "texture": "#0"},
				"up": {"uv": [13, 12, 12, 13], "rotation": 180, "texture": "#0"},
				"down": {"uv": [12, 14, 13, 15], "texture": "#0"}
			}
		},
		{
			"name": "warden_9",
			"from": [-1, 0, 8],
			"to": [0, 4, 9],
			"faces": {
				"north": {"uv": [14, 16, 15, 12], "rotation": 180, "texture": "#0"},
				"east": {"uv": [14, 12, 15, 16], "texture": "#0"},
				"south": {"uv": [14, 12, 15, 16], "texture": "#0"},
				"west": {"uv": [14, 12, 15, 16], "texture": "#0"},
				"up": {"uv": [15, 12, 14, 13], "rotation": 180, "texture": "#0"},
				"down": {"uv": [14, 15, 15, 16], "texture": "#0"}
			}
		},
		{
			"name": "warden_10",
			"from": [-4, 2, 8],
			"to": [-3, 3, 9],
			"faces": {
				"north": {"uv": [11, 14, 12, 13], "rotation": 180, "texture": "#0"},
				"east": {"uv": [11, 13, 12, 14], "texture": "#0"},
				"south": {"uv": [11, 13, 12, 14], "texture": "#0"},
				"west": {"uv": [11, 13, 12, 14], "texture": "#0"},
				"up": {"uv": [12, 13, 11, 14], "rotation": 180, "texture": "#0"},
				"down": {"uv": [11, 13, 12, 14], "texture": "#0"}
			}
		},
		{
			"name": "warden_11",
			"from": [0, 0, 8],
			"to": [1, 3, 9],
			"faces": {
				"north": {"uv": [15, 16, 16, 13], "rotation": 180, "texture": "#0"},
				"east": {"uv": [15, 13, 16, 16], "texture": "#0"},
				"south": {"uv": [15, 13, 16, 16], "texture": "#0"},
				"west": {"uv": [15, 13, 16, 16], "texture": "#0"},
				"up": {"uv": [16, 13, 15, 14], "rotation": 180, "texture": "#0"},
				"down": {"uv": [15, 15, 16, 16], "texture": "#0"}
			}
		}
	],
	"display": {
		"thirdperson_righthand": {
			"translation": [0, 2, 0],
			"scale": [0.3, 0.3, 0.3]
		},
		"thirdperson_lefthand": {
			"translation": [0, 2, 0],
			"scale": [0.3, 0.3, 0.3]
		},
		"firstperson_righthand": {
			"rotation": [0, -21.25, 0],
			"translation": [-2.25, 4.25, 2],
			"scale": [0.3, 0.3, 0.3]
		},
		"firstperson_lefthand": {
			"rotation": [0, -21.25, 0],
			"translation": [-2.25, 4.25, 2],
			"scale": [0.3, 0.3, 0.3]
		},
		"ground": {
			"translation": [0, 6.5, 0]
		},
		"gui": {
			"translation": [0, 1, 0],
			"scale": [0.4, 0.4, 0.4]
		},
		"head": {
			"translation": [0, 12, 0]
		},
		"fixed": {
			"translation": [0, 2.75, -1.75],
			"scale": [0.5, 0.5, 0.5]
		}
	},
	"groups": [
		{
			"name": "warden",
			"origin": [8, 8, 8],
			"color": 0,
			"children": [0, 1, 2, 3, 4, 5, 6, 7, 8, 9, 10, 11, 12, 13, 14, 15, 16, 17, 18, 19, 20, 21, 22, 23]
		}
	]
}