{
	"credit": "Made with Blockbench",
	"textures": {
		"0": "hattextures/pp"
	},
	"elements": [
		{
			"from": [7, 2, 5],
			"to": [9, 4, 12],
			"faces": {
				"north": {"uv": [4, 4, 6, 6], "texture": "#0"},
				"east": {"uv": [0, 0, 7, 2], "texture": "#0"},
				"south": {"uv": [4, 6, 6, 8], "texture": "#0"},
				"west": {"uv": [0, 2, 7, 4], "texture": "#0"},
				"up": {"uv": [2, 11, 0, 4], "texture": "#0"},
				"down": {"uv": [4, 4, 2, 11], "texture": "#0"}
			}
		},
		{
			"from": [9, 0, 10],
			"to": [11, 2, 12],
			"faces": {
				"north": {"uv": [6, 4, 8, 6], "texture": "#0"},
				"east": {"uv": [6, 6, 8, 8], "texture": "#0"},
				"south": {"uv": [7, 0, 9, 2], "texture": "#0"},
				"west": {"uv": [7, 2, 9, 4], "texture": "#0"},
				"up": {"uv": [6, 10, 4, 8], "texture": "#0"},
				"down": {"uv": [10, 4, 8, 6], "texture": "#0"}
			}
		},
		{
			"from": [5, 0, 10],
			"to": [7, 2, 12],
			"faces": {
				"north": {"uv": [6, 8, 8, 10], "texture": "#0"},
				"east": {"uv": [8, 6, 10, 8], "texture": "#0"},
				"south": {"uv": [8, 8, 10, 10], "texture": "#0"},
				"west": {"uv": [9, 0, 11, 2], "texture": "#0"},
				"up": {"uv": [11, 4, 9, 2], "texture": "#0"},
				"down": {"uv": [6, 10, 4, 12], "texture": "#0"}
			}
		},
		{
			"from": [7, 2, 3],
			"to": [9, 4, 5],
			"faces": {
				"north": {"uv": [10, 4, 12, 6], "texture": "#0"},
				"east": {"uv": [6, 10, 8, 12], "texture": "#0"},
				"south": {"uv": [10, 6, 12, 8], "texture": "#0"},
				"west": {"uv": [8, 10, 10, 12], "texture": "#0"},
				"up": {"uv": [12, 10, 10, 8], "texture": "#0"},
				"down": {"uv": [12, 10, 10, 12], "texture": "#0"}
			}
		}
	],
	"gui_light": "front",
	"display": {
		"thirdperson_righthand": {
			"translation": [0, 5, -2.25]
		},
		"thirdperson_lefthand": {
			"translation": [0, 5, -2.25]
		},
		"firstperson_righthand": {
			"translation": [0, 7.5, 0.5]
		},
		"firstperson_lefthand": {
			"translation": [0, 7.5, 0.5]
		},
		"ground": {
			"translation": [0, 4.25, 0]
		},
		"gui": {
			"rotation": [52.75, 0, 0],
			"translation": [0.25, 2, 0]
		},
		"head": {
			"translation": [0, -20.5, -7.5]
		},
		"fixed": {
			"rotation": [90, 0, 0],
			"translation": [0, 0, 4]
		}
	}
}