{
	"credit": "Made with Blockbench",
	"textures": {
		"0": "hattextures/phillip",
		"particle": "hattextures/phillip"
	},
	"elements": [
		{
			"name": "phillip_0",
			"from": [6.97143, 0, 1.14286],
			"to": [8.68571, 1.11429, 16.91429],
			"faces": {
				"north": {"uv": [8.68571, 1.08108, 6.97143, 1.18919], "texture": "#0"},
				"east": {"uv": [8.57143, 1.08108, 8.68571, 16], "rotation": 90, "texture": "#0"},
				"south": {"uv": [6.97143, 15.89189, 8.68571, 16], "texture": "#0"},
				"west": {"uv": [6.97143, 1.08108, 7.08571, 16], "rotation": 270, "texture": "#0"},
				"up": {"uv": [6.97143, 1.08108, 8.68571, 16], "texture": "#0"},
				"down": {"uv": [6.97143, 16, 8.68571, 1.08108], "texture": "#0"}
			}
		},
		{
			"name": "phillip_1",
			"from": [6.4, 0, 1.25714],
			"to": [6.97143, 1.11429, 16.91429],
			"faces": {
				"north": {"uv": [6.97143, 1.18919, 6.4, 1.2973], "texture": "#0"},
				"east": {"uv": [6.85714, 1.18919, 6.97143, 16], "rotation": 90, "texture": "#0"},
				"south": {"uv": [6.4, 15.89189, 6.97143, 16], "texture": "#0"},
				"west": {"uv": [6.4, 1.18919, 6.51429, 16], "rotation": 270, "texture": "#0"},
				"up": {"uv": [6.4, 1.18919, 6.97143, 16], "texture": "#0"},
				"down": {"uv": [6.4, 16, 6.97143, 1.18919], "texture": "#0"}
			}
		},
		{
			"name": "phillip_2",
			"from": [8.68571, 0, 1.25714],
			"to": [8.91429, 1.11429, 16.91429],
			"faces": {
				"north": {"uv": [8.91429, 1.18919, 8.68571, 1.2973], "texture": "#0"},
				"east": {"uv": [8.8, 1.18919, 8.91429, 16], "rotation": 90, "texture": "#0"},
				"south": {"uv": [8.68571, 15.89189, 8.91429, 16], "texture": "#0"},
				"west": {"uv": [8.68571, 1.18919, 8.8, 16], "rotation": 270, "texture": "#0"},
				"up": {"uv": [8.68571, 1.18919, 8.91429, 16], "texture": "#0"},
				"down": {"uv": [8.68571, 16, 8.91429, 1.18919], "texture": "#0"}
			}
		},
		{
			"name": "phillip_3",
			"from": [6.05714, 0, 1.37143],
			"to": [6.4, 1.11429, 16.91429],
			"faces": {
				"north": {"uv": [6.4, 1.2973, 6.05714, 1.40541], "texture": "#0"},
				"east": {"uv": [6.28571, 1.2973, 6.4, 16], "rotation": 90, "texture": "#0"},
				"south": {"uv": [6.05714, 15.89189, 6.4, 16], "texture": "#0"},
				"west": {"uv": [6.05714, 1.2973, 6.17143, 16], "rotation": 270, "texture": "#0"},
				"up": {"uv": [6.05714, 1.2973, 6.4, 16], "texture": "#0"},
				"down": {"uv": [6.05714, 16, 6.4, 1.2973], "texture": "#0"}
			}
		},
		{
			"name": "phillip_4",
			"from": [8.91429, 0, 1.37143],
			"to": [9.14286, 1.11429, 16.91429],
			"faces": {
				"north": {"uv": [9.14286, 1.2973, 8.91429, 1.40541], "texture": "#0"},
				"east": {"uv": [9.02857, 1.2973, 9.14286, 16], "rotation": 90, "texture": "#0"},
				"south": {"uv": [8.91429, 15.89189, 9.14286, 16], "texture": "#0"},
				"west": {"uv": [8.91429, 1.2973, 9.02857, 16], "rotation": 270, "texture": "#0"},
				"up": {"uv": [8.91429, 1.2973, 9.14286, 16], "texture": "#0"},
				"down": {"uv": [8.91429, 16, 9.14286, 1.2973], "texture": "#0"}
			}
		},
		{
			"name": "phillip_5",
			"from": [5.71429, 0, 1.48571],
			"to": [6.05714, 1.11429, 16.91429],
			"faces": {
				"north": {"uv": [6.05714, 1.40541, 5.71429, 1.51351], "texture": "#0"},
				"east": {"uv": [5.94286, 1.40541, 6.05714, 16], "rotation": 90, "texture": "#0"},
				"south": {"uv": [5.71429, 15.89189, 6.05714, 16], "texture": "#0"},
				"west": {"uv": [5.71429, 1.40541, 5.82857, 16], "rotation": 270, "texture": "#0"},
				"up": {"uv": [5.71429, 1.40541, 6.05714, 16], "texture": "#0"},
				"down": {"uv": [5.71429, 16, 6.05714, 1.40541], "texture": "#0"}
			}
		},
		{
			"name": "phillip_6",
			"from": [9.14286, 0, 1.48571],
			"to": [9.37143, 1.11429, 16.91429],
			"faces": {
				"north": {"uv": [9.37143, 1.40541, 9.14286, 1.51351], "texture": "#0"},
				"east": {"uv": [9.25714, 1.40541, 9.37143, 16], "rotation": 90, "texture": "#0"},
				"south": {"uv": [9.14286, 15.89189, 9.37143, 16], "texture": "#0"},
				"west": {"uv": [9.14286, 1.40541, 9.25714, 16], "rotation": 270, "texture": "#0"},
				"up": {"uv": [9.14286, 1.40541, 9.37143, 16], "texture": "#0"},
				"down": {"uv": [9.14286, 16, 9.37143, 1.40541], "texture": "#0"}
			}
		},
		{
			"name": "phillip_7",
			"from": [5.37143, 0, 1.6],
			"to": [5.71429, 1.11429, 14.17143],
			"faces": {
				"north": {"uv": [5.71429, 1.51351, 5.37143, 1.62162], "texture": "#0"},
				"east": {"uv": [5.6, 1.51351, 5.71429, 13.40541], "rotation": 90, "texture": "#0"},
				"south": {"uv": [5.37143, 13.2973, 5.71429, 13.40541], "texture": "#0"},
				"west": {"uv": [5.37143, 1.51351, 5.48571, 13.40541], "rotation": 270, "texture": "#0"},
				"up": {"uv": [5.37143, 1.51351, 5.71429, 13.40541], "texture": "#0"},
				"down": {"uv": [5.37143, 13.40541, 5.71429, 1.51351], "texture": "#0"}
			}
		},
		{
			"name": "phillip_8",
			"from": [9.37143, 0, 1.6],
			"to": [9.48571, 1.11429, 16.91429],
			"faces": {
				"north": {"uv": [9.48571, 1.51351, 9.37143, 1.62162], "texture": "#0"},
				"east": {"uv": [9.37143, 1.51351, 9.48571, 16], "rotation": 90, "texture": "#0"},
				"south": {"uv": [9.37143, 15.89189, 9.48571, 16], "texture": "#0"},
				"west": {"uv": [9.37143, 1.51351, 9.48571, 16], "rotation": 270, "texture": "#0"},
				"up": {"uv": [9.37143, 1.51351, 9.48571, 16], "texture": "#0"},
				"down": {"uv": [9.37143, 16, 9.48571, 1.51351], "texture": "#0"}
			}
		},
		{
			"name": "phillip_9",
			"from": [5.14286, 0, 1.71429],
			"to": [5.37143, 1.11429, 13.71429],
			"faces": {
				"north": {"uv": [5.37143, 1.62162, 5.14286, 1.72973], "texture": "#0"},
				"east": {"uv": [5.25714, 1.62162, 5.37143, 12.97297], "rotation": 90, "texture": "#0"},
				"south": {"uv": [5.14286, 12.86486, 5.37143, 12.97297], "texture": "#0"},
				"west": {"uv": [5.14286, 1.62162, 5.25714, 12.97297], "rotation": 270, "texture": "#0"},
				"up": {"uv": [5.14286, 1.62162, 5.37143, 12.97297], "texture": "#0"},
				"down": {"uv": [5.14286, 12.97297, 5.37143, 1.62162], "texture": "#0"}
			}
		},
		{
			"name": "phillip_10",
			"from": [9.48571, 0, 1.71429],
			"to": [9.71429, 1.11429, 16.91429],
			"faces": {
				"north": {"uv": [9.71429, 1.62162, 9.48571, 1.72973], "texture": "#0"},
				"east": {"uv": [9.6, 1.62162, 9.71429, 16], "rotation": 90, "texture": "#0"},
				"south": {"uv": [9.48571, 15.89189, 9.71429, 16], "texture": "#0"},
				"west": {"uv": [9.48571, 1.62162, 9.6, 16], "rotation": 270, "texture": "#0"},
				"up": {"uv": [9.48571, 1.62162, 9.71429, 16], "texture": "#0"},
				"down": {"uv": [9.48571, 16, 9.71429, 1.62162], "texture": "#0"}
			}
		},
		{
			"name": "phillip_11",
			"from": [11.08571, 0, 1.71429],
			"to": [11.31429, 1.11429, 1.94286],
			"faces": {
				"north": {"uv": [11.31429, 1.62162, 11.08571, 1.72973], "texture": "#0"},
				"east": {"uv": [11.2, 1.62162, 11.31429, 1.83784], "rotation": 90, "texture": "#0"},
				"south": {"uv": [11.08571, 1.72973, 11.31429, 1.83784], "texture": "#0"},
				"west": {"uv": [11.08571, 1.62162, 11.2, 1.83784], "rotation": 270, "texture": "#0"},
				"up": {"uv": [11.08571, 1.62162, 11.31429, 1.83784], "texture": "#0"},
				"down": {"uv": [11.08571, 1.83784, 11.31429, 1.62162], "texture": "#0"}
			}
		},
		{
			"name": "phillip_12",
			"from": [4.8, 0, 1.82857],
			"to": [5.14286, 1.11429, 13.48571],
			"faces": {
				"north": {"uv": [5.14286, 1.72973, 4.8, 1.83784], "texture": "#0"},
				"east": {"uv": [5.02857, 1.72973, 5.14286, 12.75676], "rotation": 90, "texture": "#0"},
				"south": {"uv": [4.8, 12.64865, 5.14286, 12.75676], "texture": "#0"},
				"west": {"uv": [4.8, 1.72973, 4.91429, 12.75676], "rotation": 270, "texture": "#0"},
				"up": {"uv": [4.8, 1.72973, 5.14286, 12.75676], "texture": "#0"},
				"down": {"uv": [4.8, 12.75676, 5.14286, 1.72973], "texture": "#0"}
			}
		},
		{
			"name": "phillip_13",
			"from": [9.71429, 0, 1.82857],
			"to": [9.82857, 1.11429, 16.91429],
			"faces": {
				"north": {"uv": [9.82857, 1.72973, 9.71429, 1.83784], "texture": "#0"},
				"east": {"uv": [9.71429, 1.72973, 9.82857, 16], "rotation": 90, "texture": "#0"},
				"south": {"uv": [9.71429, 15.89189, 9.82857, 16], "texture": "#0"},
				"west": {"uv": [9.71429, 1.72973, 9.82857, 16], "rotation": 270, "texture": "#0"},
				"up": {"uv": [9.71429, 1.72973, 9.82857, 16], "texture": "#0"},
				"down": {"uv": [9.71429, 16, 9.82857, 1.72973], "texture": "#0"}
			}
		},
		{
			"name": "phillip_14",
			"from": [10.85714, 0, 1.82857],
			"to": [11.08571, 1.11429, 1.94286],
			"faces": {
				"north": {"uv": [11.08571, 1.72973, 10.85714, 1.83784], "texture": "#0"},
				"east": {"uv": [10.97143, 1.72973, 11.08571, 1.83784], "rotation": 90, "texture": "#0"},
				"south": {"uv": [10.85714, 1.72973, 11.08571, 1.83784], "texture": "#0"},
				"west": {"uv": [10.85714, 1.72973, 10.97143, 1.83784], "rotation": 270, "texture": "#0"},
				"up": {"uv": [10.85714, 1.72973, 11.08571, 1.83784], "texture": "#0"},
				"down": {"uv": [10.85714, 1.83784, 11.08571, 1.72973], "texture": "#0"}
			}
		},
		{
			"name": "phillip_15",
			"from": [11.31429, 0, 1.82857],
			"to": [11.42857, 1.11429, 2.05714],
			"faces": {
				"north": {"uv": [11.42857, 1.72973, 11.31429, 1.83784], "texture": "#0"},
				"east": {"uv": [11.31429, 1.72973, 11.42857, 1.94595], "rotation": 90, "texture": "#0"},
				"south": {"uv": [11.31429, 1.83784, 11.42857, 1.94595], "texture": "#0"},
				"west": {"uv": [11.31429, 1.72973, 11.42857, 1.94595], "rotation": 270, "texture": "#0"},
				"up": {"uv": [11.31429, 1.72973, 11.42857, 1.94595], "texture": "#0"},
				"down": {"uv": [11.31429, 1.94595, 11.42857, 1.72973], "texture": "#0"}
			}
		},
		{
			"name": "phillip_16",
			"from": [4.57143, 0, 1.94286],
			"to": [4.8, 1.11429, 13.48571],
			"faces": {
				"north": {"uv": [4.8, 1.83784, 4.57143, 1.94595], "texture": "#0"},
				"east": {"uv": [4.68571, 1.83784, 4.8, 12.75676], "rotation": 90, "texture": "#0"},
				"south": {"uv": [4.57143, 12.64865, 4.8, 12.75676], "texture": "#0"},
				"west": {"uv": [4.57143, 1.83784, 4.68571, 12.75676], "rotation": 270, "texture": "#0"},
				"up": {"uv": [4.57143, 1.83784, 4.8, 12.75676], "texture": "#0"},
				"down": {"uv": [4.57143, 12.75676, 4.8, 1.83784], "texture": "#0"}
			}
		},
		{
			"name": "phillip_17",
			"from": [9.82857, 0, 1.94286],
			"to": [10.05714, 1.11429, 16.91429],
			"faces": {
				"north": {"uv": [10.05714, 1.83784, 9.82857, 1.94595], "texture": "#0"},
				"east": {"uv": [9.94286, 1.83784, 10.05714, 16], "rotation": 90, "texture": "#0"},
				"south": {"uv": [9.82857, 15.89189, 10.05714, 16], "texture": "#0"},
				"west": {"uv": [9.82857, 1.83784, 9.94286, 16], "rotation": 270, "texture": "#0"},
				"up": {"uv": [9.82857, 1.83784, 10.05714, 16], "texture": "#0"},
				"down": {"uv": [9.82857, 16, 10.05714, 1.83784], "texture": "#0"}
			}
		},
		{
			"name": "phillip_18",
			"from": [10.74286, 0, 1.94286],
			"to": [10.85714, 1.11429, 2.05714],
			"faces": {
				"north": {"uv": [10.85714, 1.83784, 10.74286, 1.94595], "texture": "#0"},
				"east": {"uv": [10.74286, 1.83784, 10.85714, 1.94595], "rotation": 90, "texture": "#0"},
				"south": {"uv": [10.74286, 1.83784, 10.85714, 1.94595], "texture": "#0"},
				"west": {"uv": [10.74286, 1.83784, 10.85714, 1.94595], "rotation": 270, "texture": "#0"},
				"up": {"uv": [10.74286, 1.83784, 10.85714, 1.94595], "texture": "#0"},
				"down": {"uv": [10.74286, 1.94595, 10.85714, 1.83784], "texture": "#0"}
			}
		},
		{
			"name": "phillip_19",
			"from": [11.42857, 0, 1.94286],
			"to": [11.54286, 1.11429, 2.17143],
			"faces": {
				"north": {"uv": [11.54286, 1.83784, 11.42857, 1.94595], "texture": "#0"},
				"east": {"uv": [11.42857, 1.83784, 11.54286, 2.05405], "rotation": 90, "texture": "#0"},
				"south": {"uv": [11.42857, 1.94595, 11.54286, 2.05405], "texture": "#0"},
				"west": {"uv": [11.42857, 1.83784, 11.54286, 2.05405], "rotation": 270, "texture": "#0"},
				"up": {"uv": [11.42857, 1.83784, 11.54286, 2.05405], "texture": "#0"},
				"down": {"uv": [11.42857, 2.05405, 11.54286, 1.83784], "texture": "#0"}
			}
		},
		{
			"name": "phillip_20",
			"from": [4.22857, 0, 2.05714],
			"to": [4.57143, 1.11429, 13.37143],
			"faces": {
				"north": {"uv": [4.57143, 1.94595, 4.22857, 2.05405], "texture": "#0"},
				"east": {"uv": [4.45714, 1.94595, 4.57143, 12.64865], "rotation": 90, "texture": "#0"},
				"south": {"uv": [4.22857, 12.54054, 4.57143, 12.64865], "texture": "#0"},
				"west": {"uv": [4.22857, 1.94595, 4.34286, 12.64865], "rotation": 270, "texture": "#0"},
				"up": {"uv": [4.22857, 1.94595, 4.57143, 12.64865], "texture": "#0"},
				"down": {"uv": [4.22857, 12.64865, 4.57143, 1.94595], "texture": "#0"}
			}
		},
		{
			"name": "phillip_21",
			"from": [10.05714, 0, 2.05714],
			"to": [10.17143, 1.11429, 16.91429],
			"faces": {
				"north": {"uv": [10.17143, 1.94595, 10.05714, 2.05405], "texture": "#0"},
				"east": {"uv": [10.05714, 1.94595, 10.17143, 16], "rotation": 90, "texture": "#0"},
				"south": {"uv": [10.05714, 15.89189, 10.17143, 16], "texture": "#0"},
				"west": {"uv": [10.05714, 1.94595, 10.17143, 16], "rotation": 270, "texture": "#0"},
				"up": {"uv": [10.05714, 1.94595, 10.17143, 16], "texture": "#0"},
				"down": {"uv": [10.05714, 16, 10.17143, 1.94595], "texture": "#0"}
			}
		},
		{
			"name": "phillip_22",
			"from": [11.54286, 0, 2.05714],
			"to": [11.65714, 1.11429, 16.91429],
			"faces": {
				"north": {"uv": [11.65714, 1.94595, 11.54286, 2.05405], "texture": "#0"},
				"east": {"uv": [11.54286, 1.94595, 11.65714, 16], "rotation": 90, "texture": "#0"},
				"south": {"uv": [11.54286, 15.89189, 11.65714, 16], "texture": "#0"},
				"west": {"uv": [11.54286, 1.94595, 11.65714, 16], "rotation": 270, "texture": "#0"},
				"up": {"uv": [11.54286, 1.94595, 11.65714, 16], "texture": "#0"},
				"down": {"uv": [11.54286, 16, 11.65714, 1.94595], "texture": "#0"}
			}
		},
		{
			"name": "phillip_23",
			"from": [4, 0, 2.17143],
			"to": [4.22857, 1.11429, 13.14286],
			"faces": {
				"north": {"uv": [4.22857, 2.05405, 4, 2.16216], "texture": "#0"},
				"east": {"uv": [4.11429, 2.05405, 4.22857, 12.43243], "rotation": 90, "texture": "#0"},
				"south": {"uv": [4, 12.32432, 4.22857, 12.43243], "texture": "#0"},
				"west": {"uv": [4, 2.05405, 4.11429, 12.43243], "rotation": 270, "texture": "#0"},
				"up": {"uv": [4, 2.05405, 4.22857, 12.43243], "texture": "#0"},
				"down": {"uv": [4, 12.43243, 4.22857, 2.05405], "texture": "#0"}
			}
		},
		{
			"name": "phillip_24",
			"from": [10.17143, 0, 2.17143],
			"to": [10.28571, 1.11429, 16.91429],
			"faces": {
				"north": {"uv": [10.28571, 2.05405, 10.17143, 2.16216], "texture": "#0"},
				"east": {"uv": [10.17143, 2.05405, 10.28571, 16], "rotation": 90, "texture": "#0"},
				"south": {"uv": [10.17143, 15.89189, 10.28571, 16], "texture": "#0"},
				"west": {"uv": [10.17143, 2.05405, 10.28571, 16], "rotation": 270, "texture": "#0"},
				"up": {"uv": [10.17143, 2.05405, 10.28571, 16], "texture": "#0"},
				"down": {"uv": [10.17143, 16, 10.28571, 2.05405], "texture": "#0"}
			}
		},
		{
			"name": "phillip_25",
			"from": [10.62857, 0, 2.17143],
			"to": [10.74286, 1.11429, 16.91429],
			"faces": {
				"north": {"uv": [10.74286, 2.05405, 10.62857, 2.16216], "texture": "#0"},
				"east": {"uv": [10.62857, 2.05405, 10.74286, 16], "rotation": 90, "texture": "#0"},
				"south": {"uv": [10.62857, 15.89189, 10.74286, 16], "texture": "#0"},
				"west": {"uv": [10.62857, 2.05405, 10.74286, 16], "rotation": 270, "texture": "#0"},
				"up": {"uv": [10.62857, 2.05405, 10.74286, 16], "texture": "#0"},
				"down": {"uv": [10.62857, 16, 10.74286, 2.05405], "texture": "#0"}
			}
		},
		{
			"name": "phillip_26",
			"from": [11.65714, 0, 2.17143],
			"to": [11.77143, 1.11429, 16.91429],
			"faces": {
				"north": {"uv": [11.77143, 2.05405, 11.65714, 2.16216], "texture": "#0"},
				"east": {"uv": [11.65714, 2.05405, 11.77143, 16], "rotation": 90, "texture": "#0"},
				"south": {"uv": [11.65714, 15.89189, 11.77143, 16], "texture": "#0"},
				"west": {"uv": [11.65714, 2.05405, 11.77143, 16], "rotation": 270, "texture": "#0"},
				"up": {"uv": [11.65714, 2.05405, 11.77143, 16], "texture": "#0"},
				"down": {"uv": [11.65714, 16, 11.77143, 2.05405], "texture": "#0"}
			}
		},
		{
			"name": "phillip_27",
			"from": [3.88571, 0, 2.28571],
			"to": [4, 1.11429, 12.91429],
			"faces": {
				"north": {"uv": [4, 2.16216, 3.88571, 2.27027], "texture": "#0"},
				"east": {"uv": [3.88571, 2.16216, 4, 12.21622], "rotation": 90, "texture": "#0"},
				"south": {"uv": [3.88571, 12.10811, 4, 12.21622], "texture": "#0"},
				"west": {"uv": [3.88571, 2.16216, 4, 12.21622], "rotation": 270, "texture": "#0"},
				"up": {"uv": [3.88571, 2.16216, 4, 12.21622], "texture": "#0"},
				"down": {"uv": [3.88571, 12.21622, 4, 2.16216], "texture": "#0"}
			}
		},
		{
			"name": "phillip_28",
			"from": [10.28571, 0, 2.28571],
			"to": [10.62857, 1.11429, 16.91429],
			"faces": {
				"north": {"uv": [10.62857, 2.16216, 10.28571, 2.27027], "texture": "#0"},
				"east": {"uv": [10.51429, 2.16216, 10.62857, 16], "rotation": 90, "texture": "#0"},
				"south": {"uv": [10.28571, 15.89189, 10.62857, 16], "texture": "#0"},
				"west": {"uv": [10.28571, 2.16216, 10.4, 16], "rotation": 270, "texture": "#0"},
				"up": {"uv": [10.28571, 2.16216, 10.62857, 16], "texture": "#0"},
				"down": {"uv": [10.28571, 16, 10.62857, 2.16216], "texture": "#0"}
			}
		},
		{
			"name": "phillip_29",
			"from": [10.74286, 0, 2.28571],
			"to": [10.85714, 1.11429, 16.91429],
			"faces": {
				"north": {"uv": [10.85714, 2.16216, 10.74286, 2.27027], "texture": "#0"},
				"east": {"uv": [10.74286, 2.16216, 10.85714, 16], "rotation": 90, "texture": "#0"},
				"south": {"uv": [10.74286, 15.89189, 10.85714, 16], "texture": "#0"},
				"west": {"uv": [10.74286, 2.16216, 10.85714, 16], "rotation": 270, "texture": "#0"},
				"up": {"uv": [10.74286, 2.16216, 10.85714, 16], "texture": "#0"},
				"down": {"uv": [10.74286, 16, 10.85714, 2.16216], "texture": "#0"}
			}
		},
		{
			"name": "phillip_30",
			"from": [3.65714, 0, 2.4],
			"to": [3.88571, 1.11429, 12.57143],
			"faces": {
				"north": {"uv": [3.88571, 2.27027, 3.65714, 2.37838], "texture": "#0"},
				"east": {"uv": [3.77143, 2.27027, 3.88571, 11.89189], "rotation": 90, "texture": "#0"},
				"south": {"uv": [3.65714, 11.78378, 3.88571, 11.89189], "texture": "#0"},
				"west": {"uv": [3.65714, 2.27027, 3.77143, 11.89189], "rotation": 270, "texture": "#0"},
				"up": {"uv": [3.65714, 2.27027, 3.88571, 11.89189], "texture": "#0"},
				"down": {"uv": [3.65714, 11.89189, 3.88571, 2.27027], "texture": "#0"}
			}
		},
		{
			"name": "phillip_31",
			"from": [10.85714, 0, 2.4],
			"to": [10.97143, 1.11429, 16.91429],
			"faces": {
				"north": {"uv": [10.97143, 2.27027, 10.85714, 2.37838], "texture": "#0"},
				"east": {"uv": [10.85714, 2.27027, 10.97143, 16], "rotation": 90, "texture": "#0"},
				"south": {"uv": [10.85714, 15.89189, 10.97143, 16], "texture": "#0"},
				"west": {"uv": [10.85714, 2.27027, 10.97143, 16], "rotation": 270, "texture": "#0"},
				"up": {"uv": [10.85714, 2.27027, 10.97143, 16], "texture": "#0"},
				"down": {"uv": [10.85714, 16, 10.97143, 2.27027], "texture": "#0"}
			}
		},
		{
			"name": "phillip_32",
			"from": [3.42857, 0, 2.51429],
			"to": [3.65714, 1.11429, 12.22857],
			"faces": {
				"north": {"uv": [3.65714, 2.37838, 3.42857, 2.48649], "texture": "#0"},
				"east": {"uv": [3.54286, 2.37838, 3.65714, 11.56757], "rotation": 90, "texture": "#0"},
				"south": {"uv": [3.42857, 11.45946, 3.65714, 11.56757], "texture": "#0"},
				"west": {"uv": [3.42857, 2.37838, 3.54286, 11.56757], "rotation": 270, "texture": "#0"},
				"up": {"uv": [3.42857, 2.37838, 3.65714, 11.56757], "texture": "#0"},
				"down": {"uv": [3.42857, 11.56757, 3.65714, 2.37838], "texture": "#0"}
			}
		},
		{
			"name": "phillip_33",
			"from": [10.97143, 0, 2.51429],
			"to": [11.31429, 1.11429, 16.91429],
			"faces": {
				"north": {"uv": [11.31429, 2.37838, 10.97143, 2.48649], "texture": "#0"},
				"east": {"uv": [11.2, 2.37838, 11.31429, 16], "rotation": 90, "texture": "#0"},
				"south": {"uv": [10.97143, 15.89189, 11.31429, 16], "texture": "#0"},
				"west": {"uv": [10.97143, 2.37838, 11.08571, 16], "rotation": 270, "texture": "#0"},
				"up": {"uv": [10.97143, 2.37838, 11.31429, 16], "texture": "#0"},
				"down": {"uv": [10.97143, 16, 11.31429, 2.37838], "texture": "#0"}
			}
		},
		{
			"name": "phillip_34",
			"from": [11.42857, 0, 2.51429],
			"to": [11.54286, 1.11429, 16.91429],
			"faces": {
				"north": {"uv": [11.54286, 2.37838, 11.42857, 2.48649], "texture": "#0"},
				"east": {"uv": [11.42857, 2.37838, 11.54286, 16], "rotation": 90, "texture": "#0"},
				"south": {"uv": [11.42857, 15.89189, 11.54286, 16], "texture": "#0"},
				"west": {"uv": [11.42857, 2.37838, 11.54286, 16], "rotation": 270, "texture": "#0"},
				"up": {"uv": [11.42857, 2.37838, 11.54286, 16], "texture": "#0"},
				"down": {"uv": [11.42857, 16, 11.54286, 2.37838], "texture": "#0"}
			}
		},
		{
			"name": "phillip_35",
			"from": [11.77143, 0, 2.51429],
			"to": [11.88571, 1.11429, 16.91429],
			"faces": {
				"north": {"uv": [11.88571, 2.37838, 11.77143, 2.48649], "texture": "#0"},
				"east": {"uv": [11.77143, 2.37838, 11.88571, 16], "rotation": 90, "texture": "#0"},
				"south": {"uv": [11.77143, 15.89189, 11.88571, 16], "texture": "#0"},
				"west": {"uv": [11.77143, 2.37838, 11.88571, 16], "rotation": 270, "texture": "#0"},
				"up": {"uv": [11.77143, 2.37838, 11.88571, 16], "texture": "#0"},
				"down": {"uv": [11.77143, 16, 11.88571, 2.37838], "texture": "#0"}
			}
		},
		{
			"name": "phillip_36",
			"from": [3.31429, 0, 2.62857],
			"to": [3.42857, 1.11429, 12],
			"faces": {
				"north": {"uv": [3.42857, 2.48649, 3.31429, 2.59459], "texture": "#0"},
				"east": {"uv": [3.31429, 2.48649, 3.42857, 11.35135], "rotation": 90, "texture": "#0"},
				"south": {"uv": [3.31429, 11.24324, 3.42857, 11.35135], "texture": "#0"},
				"west": {"uv": [3.31429, 2.48649, 3.42857, 11.35135], "rotation": 270, "texture": "#0"},
				"up": {"uv": [3.31429, 2.48649, 3.42857, 11.35135], "texture": "#0"},
				"down": {"uv": [3.31429, 11.35135, 3.42857, 2.48649], "texture": "#0"}
			}
		},
		{
			"name": "phillip_37",
			"from": [11.31429, 0, 2.62857],
			"to": [11.42857, 1.11429, 16.91429],
			"faces": {
				"north": {"uv": [11.42857, 2.48649, 11.31429, 2.59459], "texture": "#0"},
				"east": {"uv": [11.31429, 2.48649, 11.42857, 16], "rotation": 90, "texture": "#0"},
				"south": {"uv": [11.31429, 15.89189, 11.42857, 16], "texture": "#0"},
				"west": {"uv": [11.31429, 2.48649, 11.42857, 16], "rotation": 270, "texture": "#0"},
				"up": {"uv": [11.31429, 2.48649, 11.42857, 16], "texture": "#0"},
				"down": {"uv": [11.31429, 16, 11.42857, 2.48649], "texture": "#0"}
			}
		},
		{
			"name": "phillip_38",
			"from": [3.08571, 0, 2.74286],
			"to": [3.31429, 1.11429, 11.65714],
			"faces": {
				"north": {"uv": [3.31429, 2.59459, 3.08571, 2.7027], "texture": "#0"},
				"east": {"uv": [3.2, 2.59459, 3.31429, 11.02703], "rotation": 90, "texture": "#0"},
				"south": {"uv": [3.08571, 10.91892, 3.31429, 11.02703], "texture": "#0"},
				"west": {"uv": [3.08571, 2.59459, 3.2, 11.02703], "rotation": 270, "texture": "#0"},
				"up": {"uv": [3.08571, 2.59459, 3.31429, 11.02703], "texture": "#0"},
				"down": {"uv": [3.08571, 11.02703, 3.31429, 2.59459], "texture": "#0"}
			}
		},
		{
			"name": "phillip_39",
			"from": [11.88571, 0, 2.74286],
			"to": [12, 1.11429, 16.91429],
			"faces": {
				"north": {"uv": [12, 2.59459, 11.88571, 2.7027], "texture": "#0"},
				"east": {"uv": [11.88571, 2.59459, 12, 16], "rotation": 90, "texture": "#0"},
				"south": {"uv": [11.88571, 15.89189, 12, 16], "texture": "#0"},
				"west": {"uv": [11.88571, 2.59459, 12, 16], "rotation": 270, "texture": "#0"},
				"up": {"uv": [11.88571, 2.59459, 12, 16], "texture": "#0"},
				"down": {"uv": [11.88571, 16, 12, 2.59459], "texture": "#0"}
			}
		},
		{
			"name": "phillip_40",
			"from": [2.97143, 0, 2.85714],
			"to": [3.08571, 1.11429, 11.42857],
			"faces": {
				"north": {"uv": [3.08571, 2.7027, 2.97143, 2.81081], "texture": "#0"},
				"east": {"uv": [2.97143, 2.7027, 3.08571, 10.81081], "rotation": 90, "texture": "#0"},
				"south": {"uv": [2.97143, 10.7027, 3.08571, 10.81081], "texture": "#0"},
				"west": {"uv": [2.97143, 2.7027, 3.08571, 10.81081], "rotation": 270, "texture": "#0"},
				"up": {"uv": [2.97143, 2.7027, 3.08571, 10.81081], "texture": "#0"},
				"down": {"uv": [2.97143, 10.81081, 3.08571, 2.7027], "texture": "#0"}
			}
		},
		{
			"name": "phillip_41",
			"from": [12, 0, 2.85714],
			"to": [12.11429, 1.11429, 3.54286],
			"faces": {
				"north": {"uv": [12.11429, 2.7027, 12, 2.81081], "texture": "#0"},
				"east": {"uv": [12, 2.7027, 12.11429, 3.35135], "rotation": 90, "texture": "#0"},
				"south": {"uv": [12, 3.24324, 12.11429, 3.35135], "texture": "#0"},
				"west": {"uv": [12, 2.7027, 12.11429, 3.35135], "rotation": 270, "texture": "#0"},
				"up": {"uv": [12, 2.7027, 12.11429, 3.35135], "texture": "#0"},
				"down": {"uv": [12, 3.35135, 12.11429, 2.7027], "texture": "#0"}
			}
		},
		{
			"name": "phillip_42",
			"from": [2.74286, 0, 2.97143],
			"to": [2.97143, 1.11429, 11.08571],
			"faces": {
				"north": {"uv": [2.97143, 2.81081, 2.74286, 2.91892], "texture": "#0"},
				"east": {"uv": [2.85714, 2.81081, 2.97143, 10.48649], "rotation": 90, "texture": "#0"},
				"south": {"uv": [2.74286, 10.37838, 2.97143, 10.48649], "texture": "#0"},
				"west": {"uv": [2.74286, 2.81081, 2.85714, 10.48649], "rotation": 270, "texture": "#0"},
				"up": {"uv": [2.74286, 2.81081, 2.97143, 10.48649], "texture": "#0"},
				"down": {"uv": [2.74286, 10.48649, 2.97143, 2.81081], "texture": "#0"}
			}
		},
		{
			"name": "phillip_43",
			"from": [2.62857, 0, 3.08571],
			"to": [2.74286, 1.11429, 10.85714],
			"faces": {
				"north": {"uv": [2.74286, 2.91892, 2.62857, 3.02703], "texture": "#0"},
				"east": {"uv": [2.62857, 2.91892, 2.74286, 10.27027], "rotation": 90, "texture": "#0"},
				"south": {"uv": [2.62857, 10.16216, 2.74286, 10.27027], "texture": "#0"},
				"west": {"uv": [2.62857, 2.91892, 2.74286, 10.27027], "rotation": 270, "texture": "#0"},
				"up": {"uv": [2.62857, 2.91892, 2.74286, 10.27027], "texture": "#0"},
				"down": {"uv": [2.62857, 10.27027, 2.74286, 2.91892], "texture": "#0"}
			}
		},
		{
			"name": "phillip_44",
			"from": [2.51429, 0, 3.2],
			"to": [2.62857, 1.11429, 10.62857],
			"faces": {
				"north": {"uv": [2.62857, 3.02703, 2.51429, 3.13514], "texture": "#0"},
				"east": {"uv": [2.51429, 3.02703, 2.62857, 10.05405], "rotation": 90, "texture": "#0"},
				"south": {"uv": [2.51429, 9.94595, 2.62857, 10.05405], "texture": "#0"},
				"west": {"uv": [2.51429, 3.02703, 2.62857, 10.05405], "rotation": 270, "texture": "#0"},
				"up": {"uv": [2.51429, 3.02703, 2.62857, 10.05405], "texture": "#0"},
				"down": {"uv": [2.51429, 10.05405, 2.62857, 3.02703], "texture": "#0"}
			}
		},
		{
			"name": "phillip_45",
			"from": [2.4, 0, 3.31429],
			"to": [2.51429, 1.11429, 10.4],
			"faces": {
				"north": {"uv": [2.51429, 3.13514, 2.4, 3.24324], "texture": "#0"},
				"east": {"uv": [2.4, 3.13514, 2.51429, 9.83784], "rotation": 90, "texture": "#0"},
				"south": {"uv": [2.4, 9.72973, 2.51429, 9.83784], "texture": "#0"},
				"west": {"uv": [2.4, 3.13514, 2.51429, 9.83784], "rotation": 270, "texture": "#0"},
				"up": {"uv": [2.4, 3.13514, 2.51429, 9.83784], "texture": "#0"},
				"down": {"uv": [2.4, 9.83784, 2.51429, 3.13514], "texture": "#0"}
			}
		},
		{
			"name": "phillip_46",
			"from": [2.28571, 0, 3.42857],
			"to": [2.4, 1.11429, 9.94286],
			"faces": {
				"north": {"uv": [2.4, 3.24324, 2.28571, 3.35135], "texture": "#0"},
				"east": {"uv": [2.28571, 3.24324, 2.4, 9.40541], "rotation": 90, "texture": "#0"},
				"south": {"uv": [2.28571, 9.2973, 2.4, 9.40541], "texture": "#0"},
				"west": {"uv": [2.28571, 3.24324, 2.4, 9.40541], "rotation": 270, "texture": "#0"},
				"up": {"uv": [2.28571, 3.24324, 2.4, 9.40541], "texture": "#0"},
				"down": {"uv": [2.28571, 9.40541, 2.4, 3.24324], "texture": "#0"}
			}
		},
		{
			"name": "phillip_47",
			"from": [2.17143, 0, 3.54286],
			"to": [2.28571, 1.11429, 9.71429],
			"faces": {
				"north": {"uv": [2.28571, 3.35135, 2.17143, 3.45946], "texture": "#0"},
				"east": {"uv": [2.17143, 3.35135, 2.28571, 9.18919], "rotation": 90, "texture": "#0"},
				"south": {"uv": [2.17143, 9.08108, 2.28571, 9.18919], "texture": "#0"},
				"west": {"uv": [2.17143, 3.35135, 2.28571, 9.18919], "rotation": 270, "texture": "#0"},
				"up": {"uv": [2.17143, 3.35135, 2.28571, 9.18919], "texture": "#0"},
				"down": {"uv": [2.17143, 9.18919, 2.28571, 3.35135], "texture": "#0"}
			}
		},
		{
			"name": "phillip_48",
			"from": [2.05714, 0, 3.65714],
			"to": [2.17143, 1.11429, 9.48571],
			"faces": {
				"north": {"uv": [2.17143, 3.45946, 2.05714, 3.56757], "texture": "#0"},
				"east": {"uv": [2.05714, 3.45946, 2.17143, 8.97297], "rotation": 90, "texture": "#0"},
				"south": {"uv": [2.05714, 8.86486, 2.17143, 8.97297], "texture": "#0"},
				"west": {"uv": [2.05714, 3.45946, 2.17143, 8.97297], "rotation": 270, "texture": "#0"},
				"up": {"uv": [2.05714, 3.45946, 2.17143, 8.97297], "texture": "#0"},
				"down": {"uv": [2.05714, 8.97297, 2.17143, 3.45946], "texture": "#0"}
			}
		},
		{
			"name": "phillip_49",
			"from": [12, 0, 3.65714],
			"to": [12.11429, 1.11429, 16.91429],
			"faces": {
				"north": {"uv": [12.11429, 3.45946, 12, 3.56757], "texture": "#0"},
				"east": {"uv": [12, 3.45946, 12.11429, 16], "rotation": 90, "texture": "#0"},
				"south": {"uv": [12, 15.89189, 12.11429, 16], "texture": "#0"},
				"west": {"uv": [12, 3.45946, 12.11429, 16], "rotation": 270, "texture": "#0"},
				"up": {"uv": [12, 3.45946, 12.11429, 16], "texture": "#0"},
				"down": {"uv": [12, 16, 12.11429, 3.45946], "texture": "#0"}
			}
		},
		{
			"name": "phillip_50",
			"from": [1.94286, 0, 3.88571],
			"to": [2.05714, 1.11429, 9.25714],
			"faces": {
				"north": {"uv": [2.05714, 3.67568, 1.94286, 3.78378], "texture": "#0"},
				"east": {"uv": [1.94286, 3.67568, 2.05714, 8.75676], "rotation": 90, "texture": "#0"},
				"south": {"uv": [1.94286, 8.64865, 2.05714, 8.75676], "texture": "#0"},
				"west": {"uv": [1.94286, 3.67568, 2.05714, 8.75676], "rotation": 270, "texture": "#0"},
				"up": {"uv": [1.94286, 3.67568, 2.05714, 8.75676], "texture": "#0"},
				"down": {"uv": [1.94286, 8.75676, 2.05714, 3.67568], "texture": "#0"}
			}
		},
		{
			"name": "phillip_51",
			"from": [1.82857, 0, 4],
			"to": [1.94286, 1.11429, 9.02857],
			"faces": {
				"north": {"uv": [1.94286, 3.78378, 1.82857, 3.89189], "texture": "#0"},
				"east": {"uv": [1.82857, 3.78378, 1.94286, 8.54054], "rotation": 90, "texture": "#0"},
				"south": {"uv": [1.82857, 8.43243, 1.94286, 8.54054], "texture": "#0"},
				"west": {"uv": [1.82857, 3.78378, 1.94286, 8.54054], "rotation": 270, "texture": "#0"},
				"up": {"uv": [1.82857, 3.78378, 1.94286, 8.54054], "texture": "#0"},
				"down": {"uv": [1.82857, 8.54054, 1.94286, 3.78378], "texture": "#0"}
			}
		},
		{
			"name": "phillip_52",
			"from": [12.11429, 0, 4],
			"to": [12.22857, 1.11429, 16.91429],
			"faces": {
				"north": {"uv": [12.22857, 3.78378, 12.11429, 3.89189], "texture": "#0"},
				"east": {"uv": [12.11429, 3.78378, 12.22857, 16], "rotation": 90, "texture": "#0"},
				"south": {"uv": [12.11429, 15.89189, 12.22857, 16], "texture": "#0"},
				"west": {"uv": [12.11429, 3.78378, 12.22857, 16], "rotation": 270, "texture": "#0"},
				"up": {"uv": [12.11429, 3.78378, 12.22857, 16], "texture": "#0"},
				"down": {"uv": [12.11429, 16, 12.22857, 3.78378], "texture": "#0"}
			}
		},
		{
			"name": "phillip_53",
			"from": [1.71429, 0, 4.34286],
			"to": [1.82857, 1.11429, 8.68571],
			"faces": {
				"north": {"uv": [1.82857, 4.10811, 1.71429, 4.21622], "texture": "#0"},
				"east": {"uv": [1.71429, 4.10811, 1.82857, 8.21622], "rotation": 90, "texture": "#0"},
				"south": {"uv": [1.71429, 8.10811, 1.82857, 8.21622], "texture": "#0"},
				"west": {"uv": [1.71429, 4.10811, 1.82857, 8.21622], "rotation": 270, "texture": "#0"},
				"up": {"uv": [1.71429, 4.10811, 1.82857, 8.21622], "texture": "#0"},
				"down": {"uv": [1.71429, 8.21622, 1.82857, 4.10811], "texture": "#0"}
			}
		},
		{
			"name": "phillip_54",
			"from": [12.22857, 0, 4.45714],
			"to": [12.34286, 1.11429, 16.91429],
			"faces": {
				"north": {"uv": [12.34286, 4.21622, 12.22857, 4.32432], "texture": "#0"},
				"east": {"uv": [12.22857, 4.21622, 12.34286, 16], "rotation": 90, "texture": "#0"},
				"south": {"uv": [12.22857, 15.89189, 12.34286, 16], "texture": "#0"},
				"west": {"uv": [12.22857, 4.21622, 12.34286, 16], "rotation": 270, "texture": "#0"},
				"up": {"uv": [12.22857, 4.21622, 12.34286, 16], "texture": "#0"},
				"down": {"uv": [12.22857, 16, 12.34286, 4.21622], "texture": "#0"}
			}
		},
		{
			"name": "phillip_55",
			"from": [12.34286, 0, 4.57143],
			"to": [12.57143, 1.11429, 4.8],
			"faces": {
				"north": {"uv": [12.57143, 4.32432, 12.34286, 4.43243], "texture": "#0"},
				"east": {"uv": [12.45714, 4.32432, 12.57143, 4.54054], "rotation": 90, "texture": "#0"},
				"south": {"uv": [12.34286, 4.43243, 12.57143, 4.54054], "texture": "#0"},
				"west": {"uv": [12.34286, 4.32432, 12.45714, 4.54054], "rotation": 270, "texture": "#0"},
				"up": {"uv": [12.34286, 4.32432, 12.57143, 4.54054], "texture": "#0"},
				"down": {"uv": [12.34286, 4.54054, 12.57143, 4.32432], "texture": "#0"}
			}
		},
		{
			"name": "phillip_56",
			"from": [1.6, 0, 4.68571],
			"to": [1.71429, 1.11429, 8.45714],
			"faces": {
				"north": {"uv": [1.71429, 4.43243, 1.6, 4.54054], "texture": "#0"},
				"east": {"uv": [1.6, 4.43243, 1.71429, 8], "rotation": 90, "texture": "#0"},
				"south": {"uv": [1.6, 7.89189, 1.71429, 8], "texture": "#0"},
				"west": {"uv": [1.6, 4.43243, 1.71429, 8], "rotation": 270, "texture": "#0"},
				"up": {"uv": [1.6, 4.43243, 1.71429, 8], "texture": "#0"},
				"down": {"uv": [1.6, 8, 1.71429, 4.43243], "texture": "#0"}
			}
		},
		{
			"name": "phillip_57",
			"from": [12.34286, 0, 4.8],
			"to": [12.45714, 1.11429, 4.91429],
			"faces": {
				"north": {"uv": [12.45714, 4.54054, 12.34286, 4.64865], "texture": "#0"},
				"east": {"uv": [12.34286, 4.54054, 12.45714, 4.64865], "rotation": 90, "texture": "#0"},
				"south": {"uv": [12.34286, 4.54054, 12.45714, 4.64865], "texture": "#0"},
				"west": {"uv": [12.34286, 4.54054, 12.45714, 4.64865], "rotation": 270, "texture": "#0"},
				"up": {"uv": [12.34286, 4.54054, 12.45714, 4.64865], "texture": "#0"},
				"down": {"uv": [12.34286, 4.64865, 12.45714, 4.54054], "texture": "#0"}
			}
		},
		{
			"name": "phillip_58",
			"from": [12.34286, 0, 5.37143],
			"to": [12.45714, 1.11429, 16.91429],
			"faces": {
				"north": {"uv": [12.45714, 5.08108, 12.34286, 5.18919], "texture": "#0"},
				"east": {"uv": [12.34286, 5.08108, 12.45714, 16], "rotation": 90, "texture": "#0"},
				"south": {"uv": [12.34286, 15.89189, 12.45714, 16], "texture": "#0"},
				"west": {"uv": [12.34286, 5.08108, 12.45714, 16], "rotation": 270, "texture": "#0"},
				"up": {"uv": [12.34286, 5.08108, 12.45714, 16], "texture": "#0"},
				"down": {"uv": [12.34286, 16, 12.45714, 5.08108], "texture": "#0"}
			}
		},
		{
			"name": "phillip_59",
			"from": [12.45714, 0, 5.6],
			"to": [12.57143, 1.11429, 16.91429],
			"faces": {
				"north": {"uv": [12.57143, 5.2973, 12.45714, 5.40541], "texture": "#0"},
				"east": {"uv": [12.45714, 5.2973, 12.57143, 16], "rotation": 90, "texture": "#0"},
				"south": {"uv": [12.45714, 15.89189, 12.57143, 16], "texture": "#0"},
				"west": {"uv": [12.45714, 5.2973, 12.57143, 16], "rotation": 270, "texture": "#0"},
				"up": {"uv": [12.45714, 5.2973, 12.57143, 16], "texture": "#0"},
				"down": {"uv": [12.45714, 16, 12.57143, 5.2973], "texture": "#0"}
			}
		},
		{
			"name": "phillip_60",
			"from": [12.57143, 0, 5.82857],
			"to": [12.68571, 1.11429, 16.91429],
			"faces": {
				"north": {"uv": [12.68571, 5.51351, 12.57143, 5.62162], "texture": "#0"},
				"east": {"uv": [12.57143, 5.51351, 12.68571, 16], "rotation": 90, "texture": "#0"},
				"south": {"uv": [12.57143, 15.89189, 12.68571, 16], "texture": "#0"},
				"west": {"uv": [12.57143, 5.51351, 12.68571, 16], "rotation": 270, "texture": "#0"},
				"up": {"uv": [12.57143, 5.51351, 12.68571, 16], "texture": "#0"},
				"down": {"uv": [12.57143, 16, 12.68571, 5.51351], "texture": "#0"}
			}
		},
		{
			"name": "phillip_61",
			"from": [1.48571, 0, 6.05714],
			"to": [1.6, 1.11429, 6.28571],
			"faces": {
				"north": {"uv": [1.6, 5.72973, 1.48571, 5.83784], "texture": "#0"},
				"east": {"uv": [1.48571, 5.72973, 1.6, 5.94595], "rotation": 90, "texture": "#0"},
				"south": {"uv": [1.48571, 5.83784, 1.6, 5.94595], "texture": "#0"},
				"west": {"uv": [1.48571, 5.72973, 1.6, 5.94595], "rotation": 270, "texture": "#0"},
				"up": {"uv": [1.48571, 5.72973, 1.6, 5.94595], "texture": "#0"},
				"down": {"uv": [1.48571, 5.94595, 1.6, 5.72973], "texture": "#0"}
			}
		},
		{
			"name": "phillip_62",
			"from": [12.68571, 0, 6.17143],
			"to": [12.8, 1.11429, 16.91429],
			"faces": {
				"north": {"uv": [12.8, 5.83784, 12.68571, 5.94595], "texture": "#0"},
				"east": {"uv": [12.68571, 5.83784, 12.8, 16], "rotation": 90, "texture": "#0"},
				"south": {"uv": [12.68571, 15.89189, 12.8, 16], "texture": "#0"},
				"west": {"uv": [12.68571, 5.83784, 12.8, 16], "rotation": 270, "texture": "#0"},
				"up": {"uv": [12.68571, 5.83784, 12.8, 16], "texture": "#0"},
				"down": {"uv": [12.68571, 16, 12.8, 5.83784], "texture": "#0"}
			}
		},
		{
			"name": "phillip_63",
			"from": [12.8, 0, 6.74286],
			"to": [12.91429, 1.11429, 16.91429],
			"faces": {
				"north": {"uv": [12.91429, 6.37838, 12.8, 6.48649], "texture": "#0"},
				"east": {"uv": [12.8, 6.37838, 12.91429, 16], "rotation": 90, "texture": "#0"},
				"south": {"uv": [12.8, 15.89189, 12.91429, 16], "texture": "#0"},
				"west": {"uv": [12.8, 6.37838, 12.91429, 16], "rotation": 270, "texture": "#0"},
				"up": {"uv": [12.8, 6.37838, 12.91429, 16], "texture": "#0"},
				"down": {"uv": [12.8, 16, 12.91429, 6.37838], "texture": "#0"}
			}
		},
		{
			"name": "phillip_64",
			"from": [1.48571, 0, 7.65714],
			"to": [1.6, 1.11429, 7.88571],
			"faces": {
				"north": {"uv": [1.6, 7.24324, 1.48571, 7.35135], "texture": "#0"},
				"east": {"uv": [1.48571, 7.24324, 1.6, 7.45946], "rotation": 90, "texture": "#0"},
				"south": {"uv": [1.48571, 7.35135, 1.6, 7.45946], "texture": "#0"},
				"west": {"uv": [1.48571, 7.24324, 1.6, 7.45946], "rotation": 270, "texture": "#0"},
				"up": {"uv": [1.48571, 7.24324, 1.6, 7.45946], "texture": "#0"},
				"down": {"uv": [1.48571, 7.45946, 1.6, 7.24324], "texture": "#0"}
			}
		},
		{
			"name": "phillip_65",
			"from": [12.91429, 0, 8],
			"to": [13.02857, 1.11429, 16.91429],
			"faces": {
				"north": {"uv": [13.02857, 7.56757, 12.91429, 7.67568], "texture": "#0"},
				"east": {"uv": [12.91429, 7.56757, 13.02857, 16], "rotation": 90, "texture": "#0"},
				"south": {"uv": [12.91429, 15.89189, 13.02857, 16], "texture": "#0"},
				"west": {"uv": [12.91429, 7.56757, 13.02857, 16], "rotation": 270, "texture": "#0"},
				"up": {"uv": [12.91429, 7.56757, 13.02857, 16], "texture": "#0"},
				"down": {"uv": [12.91429, 16, 13.02857, 7.56757], "texture": "#0"}
			}
		},
		{
			"name": "phillip_66",
			"from": [13.02857, 0, 8.45714],
			"to": [13.14286, 1.11429, 16.91429],
			"faces": {
				"north": {"uv": [13.14286, 8, 13.02857, 8.10811], "texture": "#0"},
				"east": {"uv": [13.02857, 8, 13.14286, 16], "rotation": 90, "texture": "#0"},
				"south": {"uv": [13.02857, 15.89189, 13.14286, 16], "texture": "#0"},
				"west": {"uv": [13.02857, 8, 13.14286, 16], "rotation": 270, "texture": "#0"},
				"up": {"uv": [13.02857, 8, 13.14286, 16], "texture": "#0"},
				"down": {"uv": [13.02857, 16, 13.14286, 8], "texture": "#0"}
			}
		},
		{
			"name": "phillip_67",
			"from": [13.14286, 0, 8.57143],
			"to": [13.25714, 1.11429, 16.91429],
			"faces": {
				"north": {"uv": [13.25714, 8.10811, 13.14286, 8.21622], "texture": "#0"},
				"east": {"uv": [13.14286, 8.10811, 13.25714, 16], "rotation": 90, "texture": "#0"},
				"south": {"uv": [13.14286, 15.89189, 13.25714, 16], "texture": "#0"},
				"west": {"uv": [13.14286, 8.10811, 13.25714, 16], "rotation": 270, "texture": "#0"},
				"up": {"uv": [13.14286, 8.10811, 13.25714, 16], "texture": "#0"},
				"down": {"uv": [13.14286, 16, 13.25714, 8.10811], "texture": "#0"}
			}
		},
		{
			"name": "phillip_68",
			"from": [13.25714, 0, 8.8],
			"to": [13.37143, 1.11429, 13.02857],
			"faces": {
				"north": {"uv": [13.37143, 8.32432, 13.25714, 8.43243], "texture": "#0"},
				"east": {"uv": [13.25714, 8.32432, 13.37143, 12.32432], "rotation": 90, "texture": "#0"},
				"south": {"uv": [13.25714, 12.21622, 13.37143, 12.32432], "texture": "#0"},
				"west": {"uv": [13.25714, 8.32432, 13.37143, 12.32432], "rotation": 270, "texture": "#0"},
				"up": {"uv": [13.25714, 8.32432, 13.37143, 12.32432], "texture": "#0"},
				"down": {"uv": [13.25714, 12.32432, 13.37143, 8.32432], "texture": "#0"}
			}
		},
		{
			"name": "phillip_69",
			"from": [13.37143, 0, 8.91429],
			"to": [13.48571, 1.11429, 12.45714],
			"faces": {
				"north": {"uv": [13.48571, 8.43243, 13.37143, 8.54054], "texture": "#0"},
				"east": {"uv": [13.37143, 8.43243, 13.48571, 11.78378], "rotation": 90, "texture": "#0"},
				"south": {"uv": [13.37143, 11.67568, 13.48571, 11.78378], "texture": "#0"},
				"west": {"uv": [13.37143, 8.43243, 13.48571, 11.78378], "rotation": 270, "texture": "#0"},
				"up": {"uv": [13.37143, 8.43243, 13.48571, 11.78378], "texture": "#0"},
				"down": {"uv": [13.37143, 11.78378, 13.48571, 8.43243], "texture": "#0"}
			}
		},
		{
			"name": "phillip_70",
			"from": [13.48571, 0, 9.14286],
			"to": [13.6, 1.11429, 11.54286],
			"faces": {
				"north": {"uv": [13.6, 8.64865, 13.48571, 8.75676], "texture": "#0"},
				"east": {"uv": [13.48571, 8.64865, 13.6, 10.91892], "rotation": 90, "texture": "#0"},
				"south": {"uv": [13.48571, 10.81081, 13.6, 10.91892], "texture": "#0"},
				"west": {"uv": [13.48571, 8.64865, 13.6, 10.91892], "rotation": 270, "texture": "#0"},
				"up": {"uv": [13.48571, 8.64865, 13.6, 10.91892], "texture": "#0"},
				"down": {"uv": [13.48571, 10.91892, 13.6, 8.64865], "texture": "#0"}
			}
		},
		{
			"name": "phillip_71",
			"from": [13.6, 0, 9.37143],
			"to": [13.71429, 1.11429, 10.85714],
			"faces": {
				"north": {"uv": [13.71429, 8.86486, 13.6, 8.97297], "texture": "#0"},
				"east": {"uv": [13.6, 8.86486, 13.71429, 10.27027], "rotation": 90, "texture": "#0"},
				"south": {"uv": [13.6, 10.16216, 13.71429, 10.27027], "texture": "#0"},
				"west": {"uv": [13.6, 8.86486, 13.71429, 10.27027], "rotation": 270, "texture": "#0"},
				"up": {"uv": [13.6, 8.86486, 13.71429, 10.27027], "texture": "#0"},
				"down": {"uv": [13.6, 10.27027, 13.71429, 8.86486], "texture": "#0"}
			}
		},
		{
			"name": "phillip_72",
			"from": [13.71429, 0, 9.71429],
			"to": [13.82857, 1.11429, 10.28571],
			"faces": {
				"north": {"uv": [13.82857, 9.18919, 13.71429, 9.2973], "texture": "#0"},
				"east": {"uv": [13.71429, 9.18919, 13.82857, 9.72973], "rotation": 90, "texture": "#0"},
				"south": {"uv": [13.71429, 9.62162, 13.82857, 9.72973], "texture": "#0"},
				"west": {"uv": [13.71429, 9.18919, 13.82857, 9.72973], "rotation": 270, "texture": "#0"},
				"up": {"uv": [13.71429, 9.18919, 13.82857, 9.72973], "texture": "#0"},
				"down": {"uv": [13.71429, 9.72973, 13.82857, 9.18919], "texture": "#0"}
			}
		},
		{
			"name": "phillip_73",
			"from": [2.85714, 0, 11.08571],
			"to": [2.97143, 1.11429, 11.31429],
			"faces": {
				"north": {"uv": [2.97143, 10.48649, 2.85714, 10.59459], "texture": "#0"},
				"east": {"uv": [2.85714, 10.48649, 2.97143, 10.7027], "rotation": 90, "texture": "#0"},
				"south": {"uv": [2.85714, 10.59459, 2.97143, 10.7027], "texture": "#0"},
				"west": {"uv": [2.85714, 10.48649, 2.97143, 10.7027], "rotation": 270, "texture": "#0"},
				"up": {"uv": [2.85714, 10.48649, 2.97143, 10.7027], "texture": "#0"},
				"down": {"uv": [2.85714, 10.7027, 2.97143, 10.48649], "texture": "#0"}
			}
		},
		{
			"name": "phillip_74",
			"from": [3.2, 0, 11.65714],
			"to": [3.31429, 1.11429, 11.88571],
			"faces": {
				"north": {"uv": [3.31429, 11.02703, 3.2, 11.13514], "texture": "#0"},
				"east": {"uv": [3.2, 11.02703, 3.31429, 11.24324], "rotation": 90, "texture": "#0"},
				"south": {"uv": [3.2, 11.13514, 3.31429, 11.24324], "texture": "#0"},
				"west": {"uv": [3.2, 11.02703, 3.31429, 11.24324], "rotation": 270, "texture": "#0"},
				"up": {"uv": [3.2, 11.02703, 3.31429, 11.24324], "texture": "#0"},
				"down": {"uv": [3.2, 11.24324, 3.31429, 11.02703], "texture": "#0"}
			}
		},
		{
			"name": "phillip_75",
			"from": [3.54286, 0, 12.22857],
			"to": [3.65714, 1.11429, 12.34286],
			"faces": {
				"north": {"uv": [3.65714, 11.56757, 3.54286, 11.67568], "texture": "#0"},
				"east": {"uv": [3.54286, 11.56757, 3.65714, 11.67568], "rotation": 90, "texture": "#0"},
				"south": {"uv": [3.54286, 11.56757, 3.65714, 11.67568], "texture": "#0"},
				"west": {"uv": [3.54286, 11.56757, 3.65714, 11.67568], "rotation": 270, "texture": "#0"},
				"up": {"uv": [3.54286, 11.56757, 3.65714, 11.67568], "texture": "#0"},
				"down": {"uv": [3.54286, 11.67568, 3.65714, 11.56757], "texture": "#0"}
			}
		},
		{
			"name": "phillip_76",
			"from": [3.77143, 0, 12.57143],
			"to": [3.88571, 1.11429, 12.68571],
			"faces": {
				"north": {"uv": [3.88571, 11.89189, 3.77143, 12], "texture": "#0"},
				"east": {"uv": [3.77143, 11.89189, 3.88571, 12], "rotation": 90, "texture": "#0"},
				"south": {"uv": [3.77143, 11.89189, 3.88571, 12], "texture": "#0"},
				"west": {"uv": [3.77143, 11.89189, 3.88571, 12], "rotation": 270, "texture": "#0"},
				"up": {"uv": [3.77143, 11.89189, 3.88571, 12], "texture": "#0"},
				"down": {"uv": [3.77143, 12, 3.88571, 11.89189], "texture": "#0"}
			}
		},
		{
			"name": "phillip_77",
			"from": [4.11429, 0, 13.14286],
			"to": [4.22857, 1.11429, 13.25714],
			"faces": {
				"north": {"uv": [4.22857, 12.43243, 4.11429, 12.54054], "texture": "#0"},
				"east": {"uv": [4.11429, 12.43243, 4.22857, 12.54054], "rotation": 90, "texture": "#0"},
				"south": {"uv": [4.11429, 12.43243, 4.22857, 12.54054], "texture": "#0"},
				"west": {"uv": [4.11429, 12.43243, 4.22857, 12.54054], "rotation": 270, "texture": "#0"},
				"up": {"uv": [4.11429, 12.43243, 4.22857, 12.54054], "texture": "#0"},
				"down": {"uv": [4.11429, 12.54054, 4.22857, 12.43243], "texture": "#0"}
			}
		},
		{
			"name": "phillip_78",
			"from": [4.45714, 0, 13.37143],
			"to": [4.57143, 1.11429, 13.48571],
			"faces": {
				"north": {"uv": [4.57143, 12.64865, 4.45714, 12.75676], "texture": "#0"},
				"east": {"uv": [4.45714, 12.64865, 4.57143, 12.75676], "rotation": 90, "texture": "#0"},
				"south": {"uv": [4.45714, 12.64865, 4.57143, 12.75676], "texture": "#0"},
				"west": {"uv": [4.45714, 12.64865, 4.57143, 12.75676], "rotation": 270, "texture": "#0"},
				"up": {"uv": [4.45714, 12.64865, 4.57143, 12.75676], "texture": "#0"},
				"down": {"uv": [4.45714, 12.75676, 4.57143, 12.64865], "texture": "#0"}
			}
		},
		{
			"name": "phillip_79",
			"from": [5.25714, 0, 13.71429],
			"to": [5.37143, 1.11429, 13.94286],
			"faces": {
				"north": {"uv": [5.37143, 12.97297, 5.25714, 13.08108], "texture": "#0"},
				"east": {"uv": [5.25714, 12.97297, 5.37143, 13.18919], "rotation": 90, "texture": "#0"},
				"south": {"uv": [5.25714, 13.08108, 5.37143, 13.18919], "texture": "#0"},
				"west": {"uv": [5.25714, 12.97297, 5.37143, 13.18919], "rotation": 270, "texture": "#0"},
				"up": {"uv": [5.25714, 12.97297, 5.37143, 13.18919], "texture": "#0"},
				"down": {"uv": [5.25714, 13.18919, 5.37143, 12.97297], "texture": "#0"}
			}
		},
		{
			"name": "phillip_80",
			"from": [13.25714, 0, 13.82857],
			"to": [13.37143, 1.11429, 16.91429],
			"faces": {
				"north": {"uv": [13.37143, 13.08108, 13.25714, 13.18919], "texture": "#0"},
				"east": {"uv": [13.25714, 13.08108, 13.37143, 16], "rotation": 90, "texture": "#0"},
				"south": {"uv": [13.25714, 15.89189, 13.37143, 16], "texture": "#0"},
				"west": {"uv": [13.25714, 13.08108, 13.37143, 16], "rotation": 270, "texture": "#0"},
				"up": {"uv": [13.25714, 13.08108, 13.37143, 16], "texture": "#0"},
				"down": {"uv": [13.25714, 16, 13.37143, 13.08108], "texture": "#0"}
			}
		},
		{
			"name": "phillip_81",
			"from": [13.37143, 0, 13.94286],
			"to": [13.48571, 1.11429, 16.91429],
			"faces": {
				"north": {"uv": [13.48571, 13.18919, 13.37143, 13.2973], "texture": "#0"},
				"east": {"uv": [13.37143, 13.18919, 13.48571, 16], "rotation": 90, "texture": "#0"},
				"south": {"uv": [13.37143, 15.89189, 13.48571, 16], "texture": "#0"},
				"west": {"uv": [13.37143, 13.18919, 13.48571, 16], "rotation": 270, "texture": "#0"},
				"up": {"uv": [13.37143, 13.18919, 13.48571, 16], "texture": "#0"},
				"down": {"uv": [13.37143, 16, 13.48571, 13.18919], "texture": "#0"}
			}
		},
		{
			"name": "phillip_82",
			"from": [13.48571, 0, 14.05714],
			"to": [13.6, 1.11429, 16.91429],
			"faces": {
				"north": {"uv": [13.6, 13.2973, 13.48571, 13.40541], "texture": "#0"},
				"east": {"uv": [13.48571, 13.2973, 13.6, 16], "rotation": 90, "texture": "#0"},
				"south": {"uv": [13.48571, 15.89189, 13.6, 16], "texture": "#0"},
				"west": {"uv": [13.48571, 13.2973, 13.6, 16], "rotation": 270, "texture": "#0"},
				"up": {"uv": [13.48571, 13.2973, 13.6, 16], "texture": "#0"},
				"down": {"uv": [13.48571, 16, 13.6, 13.2973], "texture": "#0"}
			}
		},
		{
			"name": "phillip_83",
			"from": [5.48571, 0, 14.17143],
			"to": [5.71429, 1.11429, 16.91429],
			"faces": {
				"north": {"uv": [5.71429, 13.40541, 5.48571, 13.51351], "texture": "#0"},
				"east": {"uv": [5.6, 13.40541, 5.71429, 16], "rotation": 90, "texture": "#0"},
				"south": {"uv": [5.48571, 15.89189, 5.71429, 16], "texture": "#0"},
				"west": {"uv": [5.48571, 13.40541, 5.6, 16], "rotation": 270, "texture": "#0"},
				"up": {"uv": [5.48571, 13.40541, 5.71429, 16], "texture": "#0"},
				"down": {"uv": [5.48571, 16, 5.71429, 13.40541], "texture": "#0"}
			}
		},
		{
			"name": "phillip_84",
			"from": [13.6, 0, 14.17143],
			"to": [13.71429, 1.11429, 16.91429],
			"faces": {
				"north": {"uv": [13.71429, 13.40541, 13.6, 13.51351], "texture": "#0"},
				"east": {"uv": [13.6, 13.40541, 13.71429, 16], "rotation": 90, "texture": "#0"},
				"south": {"uv": [13.6, 15.89189, 13.71429, 16], "texture": "#0"},
				"west": {"uv": [13.6, 13.40541, 13.71429, 16], "rotation": 270, "texture": "#0"},
				"up": {"uv": [13.6, 13.40541, 13.71429, 16], "texture": "#0"},
				"down": {"uv": [13.6, 16, 13.71429, 13.40541], "texture": "#0"}
			}
		},
		{
			"name": "phillip_85",
			"from": [13.71429, 0, 14.28571],
			"to": [13.82857, 1.11429, 16.91429],
			"faces": {
				"north": {"uv": [13.82857, 13.51351, 13.71429, 13.62162], "texture": "#0"},
				"east": {"uv": [13.71429, 13.51351, 13.82857, 16], "rotation": 90, "texture": "#0"},
				"south": {"uv": [13.71429, 15.89189, 13.82857, 16], "texture": "#0"},
				"west": {"uv": [13.71429, 13.51351, 13.82857, 16], "rotation": 270, "texture": "#0"},
				"up": {"uv": [13.71429, 13.51351, 13.82857, 16], "texture": "#0"},
				"down": {"uv": [13.71429, 16, 13.82857, 13.51351], "texture": "#0"}
			}
		},
		{
			"name": "phillip_86",
			"from": [5.37143, 0, 14.4],
			"to": [5.48571, 1.11429, 16.91429],
			"faces": {
				"north": {"uv": [5.48571, 13.62162, 5.37143, 13.72973], "texture": "#0"},
				"east": {"uv": [5.37143, 13.62162, 5.48571, 16], "rotation": 90, "texture": "#0"},
				"south": {"uv": [5.37143, 15.89189, 5.48571, 16], "texture": "#0"},
				"west": {"uv": [5.37143, 13.62162, 5.48571, 16], "rotation": 270, "texture": "#0"},
				"up": {"uv": [5.37143, 13.62162, 5.48571, 16], "texture": "#0"},
				"down": {"uv": [5.37143, 16, 5.48571, 13.62162], "texture": "#0"}
			}
		},
		{
			"name": "phillip_87",
			"from": [5.25714, 0, 14.51429],
			"to": [5.37143, 1.11429, 16.91429],
			"faces": {
				"north": {"uv": [5.37143, 13.72973, 5.25714, 13.83784], "texture": "#0"},
				"east": {"uv": [5.25714, 13.72973, 5.37143, 16], "rotation": 90, "texture": "#0"},
				"south": {"uv": [5.25714, 15.89189, 5.37143, 16], "texture": "#0"},
				"west": {"uv": [5.25714, 13.72973, 5.37143, 16], "rotation": 270, "texture": "#0"},
				"up": {"uv": [5.25714, 13.72973, 5.37143, 16], "texture": "#0"},
				"down": {"uv": [5.25714, 16, 5.37143, 13.72973], "texture": "#0"}
			}
		},
		{
			"name": "phillip_88",
			"from": [13.82857, 0, 14.51429],
			"to": [13.94286, 1.11429, 16.91429],
			"faces": {
				"north": {"uv": [13.94286, 13.72973, 13.82857, 13.83784], "texture": "#0"},
				"east": {"uv": [13.82857, 13.72973, 13.94286, 16], "rotation": 90, "texture": "#0"},
				"south": {"uv": [13.82857, 15.89189, 13.94286, 16], "texture": "#0"},
				"west": {"uv": [13.82857, 13.72973, 13.94286, 16], "rotation": 270, "texture": "#0"},
				"up": {"uv": [13.82857, 13.72973, 13.94286, 16], "texture": "#0"},
				"down": {"uv": [13.82857, 16, 13.94286, 13.72973], "texture": "#0"}
			}
		},
		{
			"name": "phillip_89",
			"from": [5.14286, 0, 14.62857],
			"to": [5.25714, 1.11429, 16.91429],
			"faces": {
				"north": {"uv": [5.25714, 13.83784, 5.14286, 13.94595], "texture": "#0"},
				"east": {"uv": [5.14286, 13.83784, 5.25714, 16], "rotation": 90, "texture": "#0"},
				"south": {"uv": [5.14286, 15.89189, 5.25714, 16], "texture": "#0"},
				"west": {"uv": [5.14286, 13.83784, 5.25714, 16], "rotation": 270, "texture": "#0"},
				"up": {"uv": [5.14286, 13.83784, 5.25714, 16], "texture": "#0"},
				"down": {"uv": [5.14286, 16, 5.25714, 13.83784], "texture": "#0"}
			}
		},
		{
			"name": "phillip_90",
			"from": [13.94286, 0, 14.62857],
			"to": [14.05714, 1.11429, 16.91429],
			"faces": {
				"north": {"uv": [14.05714, 13.83784, 13.94286, 13.94595], "texture": "#0"},
				"east": {"uv": [13.94286, 13.83784, 14.05714, 16], "rotation": 90, "texture": "#0"},
				"south": {"uv": [13.94286, 15.89189, 14.05714, 16], "texture": "#0"},
				"west": {"uv": [13.94286, 13.83784, 14.05714, 16], "rotation": 270, "texture": "#0"},
				"up": {"uv": [13.94286, 13.83784, 14.05714, 16], "texture": "#0"},
				"down": {"uv": [13.94286, 16, 14.05714, 13.83784], "texture": "#0"}
			}
		},
		{
			"name": "phillip_91",
			"from": [5.02857, 0, 14.74286],
			"to": [5.14286, 1.11429, 16.91429],
			"faces": {
				"north": {"uv": [5.14286, 13.94595, 5.02857, 14.05405], "texture": "#0"},
				"east": {"uv": [5.02857, 13.94595, 5.14286, 16], "rotation": 90, "texture": "#0"},
				"south": {"uv": [5.02857, 15.89189, 5.14286, 16], "texture": "#0"},
				"west": {"uv": [5.02857, 13.94595, 5.14286, 16], "rotation": 270, "texture": "#0"},
				"up": {"uv": [5.02857, 13.94595, 5.14286, 16], "texture": "#0"},
				"down": {"uv": [5.02857, 16, 5.14286, 13.94595], "texture": "#0"}
			}
		},
		{
			"name": "phillip_92",
			"from": [14.05714, 0, 14.74286],
			"to": [14.17143, 1.11429, 16.91429],
			"faces": {
				"north": {"uv": [14.17143, 13.94595, 14.05714, 14.05405], "texture": "#0"},
				"east": {"uv": [14.05714, 13.94595, 14.17143, 16], "rotation": 90, "texture": "#0"},
				"south": {"uv": [14.05714, 15.89189, 14.17143, 16], "texture": "#0"},
				"west": {"uv": [14.05714, 13.94595, 14.17143, 16], "rotation": 270, "texture": "#0"},
				"up": {"uv": [14.05714, 13.94595, 14.17143, 16], "texture": "#0"},
				"down": {"uv": [14.05714, 16, 14.17143, 13.94595], "texture": "#0"}
			}
		},
		{
			"name": "phillip_93",
			"from": [4.91429, 0, 14.97143],
			"to": [5.02857, 1.11429, 16.91429],
			"faces": {
				"north": {"uv": [5.02857, 14.16216, 4.91429, 14.27027], "texture": "#0"},
				"east": {"uv": [4.91429, 14.16216, 5.02857, 16], "rotation": 90, "texture": "#0"},
				"south": {"uv": [4.91429, 15.89189, 5.02857, 16], "texture": "#0"},
				"west": {"uv": [4.91429, 14.16216, 5.02857, 16], "rotation": 270, "texture": "#0"},
				"up": {"uv": [4.91429, 14.16216, 5.02857, 16], "texture": "#0"},
				"down": {"uv": [4.91429, 16, 5.02857, 14.16216], "texture": "#0"}
			}
		},
		{
			"name": "phillip_94",
			"from": [4.8, 0, 15.08571],
			"to": [4.91429, 1.11429, 16.91429],
			"faces": {
				"north": {"uv": [4.91429, 14.27027, 4.8, 14.37838], "texture": "#0"},
				"east": {"uv": [4.8, 14.27027, 4.91429, 16], "rotation": 90, "texture": "#0"},
				"south": {"uv": [4.8, 15.89189, 4.91429, 16], "texture": "#0"},
				"west": {"uv": [4.8, 14.27027, 4.91429, 16], "rotation": 270, "texture": "#0"},
				"up": {"uv": [4.8, 14.27027, 4.91429, 16], "texture": "#0"},
				"down": {"uv": [4.8, 16, 4.91429, 14.27027], "texture": "#0"}
			}
		},
		{
			"name": "phillip_95",
			"from": [4.68571, 0, 15.2],
			"to": [4.8, 1.11429, 16.91429],
			"faces": {
				"north": {"uv": [4.8, 14.37838, 4.68571, 14.48649], "texture": "#0"},
				"east": {"uv": [4.68571, 14.37838, 4.8, 16], "rotation": 90, "texture": "#0"},
				"south": {"uv": [4.68571, 15.89189, 4.8, 16], "texture": "#0"},
				"west": {"uv": [4.68571, 14.37838, 4.8, 16], "rotation": 270, "texture": "#0"},
				"up": {"uv": [4.68571, 14.37838, 4.8, 16], "texture": "#0"},
				"down": {"uv": [4.68571, 16, 4.8, 14.37838], "texture": "#0"}
			}
		},
		{
			"name": "phillip_96",
			"from": [4.57143, 0, 15.42857],
			"to": [4.68571, 1.11429, 16.91429],
			"faces": {
				"north": {"uv": [4.68571, 14.59459, 4.57143, 14.7027], "texture": "#0"},
				"east": {"uv": [4.57143, 14.59459, 4.68571, 16], "rotation": 90, "texture": "#0"},
				"south": {"uv": [4.57143, 15.89189, 4.68571, 16], "texture": "#0"},
				"west": {"uv": [4.57143, 14.59459, 4.68571, 16], "rotation": 270, "texture": "#0"},
				"up": {"uv": [4.57143, 14.59459, 4.68571, 16], "texture": "#0"},
				"down": {"uv": [4.57143, 16, 4.68571, 14.59459], "texture": "#0"}
			}
		},
		{
			"name": "phillip_97",
			"from": [4.45714, 0, 15.54286],
			"to": [4.57143, 1.11429, 16.91429],
			"faces": {
				"north": {"uv": [4.57143, 14.7027, 4.45714, 14.81081], "texture": "#0"},
				"east": {"uv": [4.45714, 14.7027, 4.57143, 16], "rotation": 90, "texture": "#0"},
				"south": {"uv": [4.45714, 15.89189, 4.57143, 16], "texture": "#0"},
				"west": {"uv": [4.45714, 14.7027, 4.57143, 16], "rotation": 270, "texture": "#0"},
				"up": {"uv": [4.45714, 14.7027, 4.57143, 16], "texture": "#0"},
				"down": {"uv": [4.45714, 16, 4.57143, 14.7027], "texture": "#0"}
			}
		},
		{
			"name": "phillip_98",
			"from": [4.34286, 0, 15.65714],
			"to": [4.45714, 1.11429, 16.91429],
			"faces": {
				"north": {"uv": [4.45714, 14.81081, 4.34286, 14.91892], "texture": "#0"},
				"east": {"uv": [4.34286, 14.81081, 4.45714, 16], "rotation": 90, "texture": "#0"},
				"south": {"uv": [4.34286, 15.89189, 4.45714, 16], "texture": "#0"},
				"west": {"uv": [4.34286, 14.81081, 4.45714, 16], "rotation": 270, "texture": "#0"},
				"up": {"uv": [4.34286, 14.81081, 4.45714, 16], "texture": "#0"},
				"down": {"uv": [4.34286, 16, 4.45714, 14.81081], "texture": "#0"}
			}
		},
		{
			"name": "phillip_99",
			"from": [4.22857, 0, 15.77143],
			"to": [4.34286, 1.11429, 16.91429],
			"faces": {
				"north": {"uv": [4.34286, 14.91892, 4.22857, 15.02703], "texture": "#0"},
				"east": {"uv": [4.22857, 14.91892, 4.34286, 16], "rotation": 90, "texture": "#0"},
				"south": {"uv": [4.22857, 15.89189, 4.34286, 16], "texture": "#0"},
				"west": {"uv": [4.22857, 14.91892, 4.34286, 16], "rotation": 270, "texture": "#0"},
				"up": {"uv": [4.22857, 14.91892, 4.34286, 16], "texture": "#0"},
				"down": {"uv": [4.22857, 16, 4.34286, 14.91892], "texture": "#0"}
			}
		},
		{
			"name": "phillip_100",
			"from": [4.11429, 0, 16],
			"to": [4.22857, 1.11429, 16.91429],
			"faces": {
				"north": {"uv": [4.22857, 15.13514, 4.11429, 15.24324], "texture": "#0"},
				"east": {"uv": [4.11429, 15.13514, 4.22857, 16], "rotation": 90, "texture": "#0"},
				"south": {"uv": [4.11429, 15.89189, 4.22857, 16], "texture": "#0"},
				"west": {"uv": [4.11429, 15.13514, 4.22857, 16], "rotation": 270, "texture": "#0"},
				"up": {"uv": [4.11429, 15.13514, 4.22857, 16], "texture": "#0"},
				"down": {"uv": [4.11429, 16, 4.22857, 15.13514], "texture": "#0"}
			}
		},
		{
			"name": "phillip_101",
			"from": [4, 0, 16.11429],
			"to": [4.11429, 1.11429, 16.91429],
			"faces": {
				"north": {"uv": [4.11429, 15.24324, 4, 15.35135], "texture": "#0"},
				"east": {"uv": [4, 15.24324, 4.11429, 16], "rotation": 90, "texture": "#0"},
				"south": {"uv": [4, 15.89189, 4.11429, 16], "texture": "#0"},
				"west": {"uv": [4, 15.24324, 4.11429, 16], "rotation": 270, "texture": "#0"},
				"up": {"uv": [4, 15.24324, 4.11429, 16], "texture": "#0"},
				"down": {"uv": [4, 16, 4.11429, 15.24324], "texture": "#0"}
			}
		},
		{
			"name": "phillip_102",
			"from": [3.88571, 0, 16.45714],
			"to": [4, 1.11429, 16.91429],
			"faces": {
				"north": {"uv": [4, 15.56757, 3.88571, 15.67568], "texture": "#0"},
				"east": {"uv": [3.88571, 15.56757, 4, 16], "rotation": 90, "texture": "#0"},
				"south": {"uv": [3.88571, 15.89189, 4, 16], "texture": "#0"},
				"west": {"uv": [3.88571, 15.56757, 4, 16], "rotation": 270, "texture": "#0"},
				"up": {"uv": [3.88571, 15.56757, 4, 16], "texture": "#0"},
				"down": {"uv": [3.88571, 16, 4, 15.56757], "texture": "#0"}
			}
		},
		{
			"name": "phillip_103",
			"from": [3.77143, 0, 16.68571],
			"to": [3.88571, 1.11429, 16.91429],
			"faces": {
				"north": {"uv": [3.88571, 15.78378, 3.77143, 15.89189], "texture": "#0"},
				"east": {"uv": [3.77143, 15.78378, 3.88571, 16], "rotation": 90, "texture": "#0"},
				"south": {"uv": [3.77143, 15.89189, 3.88571, 16], "texture": "#0"},
				"west": {"uv": [3.77143, 15.78378, 3.88571, 16], "rotation": 270, "texture": "#0"},
				"up": {"uv": [3.77143, 15.78378, 3.88571, 16], "texture": "#0"},
				"down": {"uv": [3.77143, 16, 3.88571, 15.78378], "texture": "#0"}
			}
		}
	],
	"display": {
		"thirdperson_righthand": {
			"rotation": [0, -180, 0],
			"translation": [0, 4, 0],
			"scale": [0.5, 0.5, 0.5]
		},
		"thirdperson_lefthand": {
			"rotation": [0, -180, 0],
			"translation": [0, 4, 0],
			"scale": [0.5, 0.5, 0.5]
		},
		"firstperson_righthand": {
			"translation": [0, 10.25, 0]
		},
		"firstperson_lefthand": {
			"translation": [0, 10.25, 0]
		},
		"ground": {
			"rotation": [90, 0, 0],
			"translation": [0, 6.5, 8.25]
		},
		"gui": {
			"rotation": [-90, -180, 0],
			"translation": [0, 1.75, 0]
		},
		"head": {
			"rotation": [90, 0, 0],
			"translation": [0, 0, -0.5]
		},
		"fixed": {
			"rotation": [90, 0, 0],
			"translation": [0, 1.5, 6.5]
		}
	},
	"groups": [
		{
			"name": "phillip",
			"origin": [8, 8, 8],
			"color": 0,
			"children": [0, 1, 2, 3, 4, 5, 6, 7, 8, 9, 10, 11, 12, 13, 14, 15, 16, 17, 18, 19, 20, 21, 22, 23, 24, 25, 26, 27, 28, 29, 30, 31, 32, 33, 34, 35, 36, 37, 38, 39, 40, 41, 42, 43, 44, 45, 46, 47, 48, 49, 50, 51, 52, 53, 54, 55, 56, 57, 58, 59, 60, 61, 62, 63, 64, 65, 66, 67, 68, 69, 70, 71, 72, 73, 74, 75, 76, 77, 78, 79, 80, 81, 82, 83, 84, 85, 86, 87, 88, 89, 90, 91, 92, 93, 94, 95, 96, 97, 98, 99, 100, 101, 102, 103]
		}
	]
}