{
	"credit": "Made with Blockbench",
	"parent": "pufferfish",
	"textures": {
		"0": "item/mushroom",
		"1": "item/mushroom2",
		"2": "item/mushroomstem",
		"particle": "item/mushroom"
	},
	"elements": [
		{
			"from": [7, -2, 7],
			"to": [9, 17, 9],
			"faces": {
				"north": {"uv": [0, 0, 2, 13], "texture": "#2"},
				"east": {"uv": [2, 0, 4, 13], "texture": "#2"},
				"south": {"uv": [4, 0, 6, 13], "texture": "#2"},
				"west": {"uv": [6, 0, 8, 13], "texture": "#2"},
				"up": {"uv": [10, 2, 8, 0], "texture": "#2"},
				"down": {"uv": [10, 2, 8, 4], "texture": "#2"}
			}
		},
		{
			"from": [4, 17, 4],
			"to": [12, 19, 12],
			"faces": {
				"north": {"uv": [8, 0, 16, 2], "texture": "#0"},
				"east": {"uv": [8, 2, 16, 4], "texture": "#0"},
				"south": {"uv": [8, 4, 16, 6], "texture": "#0"},
				"west": {"uv": [8, 6, 16, 8], "texture": "#0"},
				"up": {"uv": [8, 8, 0, 0], "texture": "#0"},
				"down": {"uv": [8, 8, 0, 16], "texture": "#0"}
			}
		},
		{
			"from": [1, 15, 1],
			"to": [15, 17, 15],
			"faces": {
				"north": {"uv": [7, 0, 14, 1], "texture": "#1"},
				"east": {"uv": [7, 1, 14, 2], "texture": "#1"},
				"south": {"uv": [7, 2, 14, 3], "texture": "#1"},
				"west": {"uv": [7, 3, 14, 4], "texture": "#1"},
				"up": {"uv": [7, 7, 0, 0], "texture": "#1"},
				"down": {"uv": [7, 7, 0, 14], "texture": "#1"}
			}
		}
	],
	"display": {
		"thirdperson_righthand": {
			"rotation": [6, -7, 0],
			"translation": [0.25, -2, 2]
		},
		"thirdperson_lefthand": {
			"rotation": [-1, -7, 0],
			"translation": [0.25, -2, 2],
			"scale": [1.05, 1.05, 1.05]
		},
		"firstperson_righthand": {
			"scale": [0.75, 0.75, 0.76]
		},
		"firstperson_lefthand": {
			"scale": [0.75, 0.75, 0.75]
		},
		"gui": {
			"translation": [0, -0.5, 0],
			"scale": [0.77, 0.77, 0.77]
		},
		"head": {
			"translation": [0, -1.75, 0]
		},
		"fixed": {
			"translation": [0, -1.25, 0],
			"scale": [1, 0.84, 1.01]
		}
	}
}