{
	"credit": "Made with Blockbench",
	"texture_size": [64, 64],
	"textures": {
		"0": "hattextures/propeler",
		"particle": "hattextures/propeler"
	},
	"elements": [
		{
			"from": [2, 9, 3],
			"to": [13, 10, 14],
			"faces": {
				"north": {"uv": [6, 4.5, 8.75, 4.75], "texture": "#0"},
				"east": {"uv": [6, 4.75, 8.75, 5], "texture": "#0"},
				"south": {"uv": [6, 5, 8.75, 5.25], "texture": "#0"},
				"west": {"uv": [6, 5.25, 8.75, 5.5], "texture": "#0"},
				"up": {"uv": [6, 2.75, 3.25, 0], "texture": "#0"},
				"down": {"uv": [6, 2.75, 3.25, 5.5], "texture": "#0"}
			}
		},
		{
			"from": [7, 10, 8],
			"to": [8, 14, 9],
			"faces": {
				"north": {"uv": [6.5, 7.5, 6.75, 8.5], "texture": "#0"},
				"east": {"uv": [6.75, 7.5, 7, 8.5], "texture": "#0"},
				"south": {"uv": [7, 7.5, 7.25, 8.5], "texture": "#0"},
				"west": {"uv": [7.25, 7.5, 7.5, 8.5], "texture": "#0"},
				"up": {"uv": [7.75, 7.75, 7.5, 7.5], "texture": "#0"},
				"down": {"uv": [3.5, 7.75, 3.25, 8], "texture": "#0"}
			}
		},
		{
			"from": [-2.75, 13, 10.25],
			"to": [3.25, 14, 11.25],
			"rotation": {"angle": 22.5, "axis": "y", "origin": [0, 0, 0]},
			"faces": {
				"north": {"uv": [6.5, 5.5, 8, 5.75], "texture": "#0"},
				"east": {"uv": [3.5, 7.75, 3.75, 8], "texture": "#0"},
				"south": {"uv": [6.5, 5.75, 8, 6], "texture": "#0"},
				"west": {"uv": [3.75, 7.75, 4, 8], "texture": "#0"},
				"up": {"uv": [8, 6.25, 6.5, 6], "texture": "#0"},
				"down": {"uv": [8, 6.25, 6.5, 6.5], "texture": "#0"}
			}
		},
		{
			"from": [4, 13, 10.25],
			"to": [10, 14, 11.25],
			"rotation": {"angle": 22.5, "axis": "y", "origin": [0, 0, 0]},
			"faces": {
				"north": {"uv": [6.5, 6.5, 8, 6.75], "texture": "#0"},
				"east": {"uv": [4, 7.75, 4.25, 8], "texture": "#0"},
				"south": {"uv": [6.5, 6.75, 8, 7], "texture": "#0"},
				"west": {"uv": [4.25, 7.75, 4.5, 8], "texture": "#0"},
				"up": {"uv": [8, 7.25, 6.5, 7], "texture": "#0"},
				"down": {"uv": [8, 7.25, 6.5, 7.5], "texture": "#0"}
			}
		},
		{
			"from": [1, 0, 2],
			"to": [14, 9, 15],
			"faces": {
				"north": {"uv": [3.25, 5.5, 6.5, 7.75], "texture": "#0"},
				"east": {"uv": [6, 0, 9.25, 2.25], "texture": "#0"},
				"south": {"uv": [6, 2.25, 9.25, 4.5], "texture": "#0"},
				"west": {"uv": [0, 6.5, 3.25, 8.75], "texture": "#0"},
				"up": {"uv": [3.25, 3.25, 0, 0], "texture": "#0"},
				"down": {"uv": [3.25, 3.25, 0, 6.5], "texture": "#0"}
			}
		}
	]
}