{
	"credit": "Made with Blockbench",
	"textures": {
		"0": "hats/respirator",
		"particle": "hats/respirator"
	},
	"elements": [
		{
			"from": [5, 0, 6],
			"to": [7, 2, 7],
			"faces": {
				"north": {"uv": [5, 0, 7, 2], "texture": "#0"},
				"east": {"uv": [2, 7, 3, 9], "texture": "#0"},
				"south": {"uv": [5, 2, 7, 4], "texture": "#0"},
				"west": {"uv": [7, 2, 8, 4], "texture": "#0"},
				"up": {"uv": [5, 8, 3, 7], "texture": "#0"},
				"down": {"uv": [9, 4, 7, 5], "texture": "#0"}
			}
		},
		{
			"from": [10, 0, 6],
			"to": [12, 2, 7],
			"faces": {
				"north": {"uv": [5, 4, 7, 6], "texture": "#0"},
				"east": {"uv": [5, 7, 6, 9], "texture": "#0"},
				"south": {"uv": [0, 6, 2, 8], "texture": "#0"},
				"west": {"uv": [6, 7, 7, 9], "texture": "#0"},
				"up": {"uv": [9, 6, 7, 5], "texture": "#0"},
				"down": {"uv": [9, 7, 7, 8], "texture": "#0"}
			}
		},
		{
			"from": [6, 0, 7],
			"to": [11, 2, 8],
			"faces": {
				"north": {"uv": [0, 0, 5, 2], "texture": "#0"},
				"east": {"uv": [0, 8, 1, 10], "texture": "#0"},
				"south": {"uv": [0, 2, 5, 4], "texture": "#0"},
				"west": {"uv": [1, 8, 2, 10], "texture": "#0"},
				"up": {"uv": [5, 5, 0, 4], "texture": "#0"},
				"down": {"uv": [5, 5, 0, 6], "texture": "#0"}
			}
		},
		{
			"from": [7, 2, 7],
			"to": [10, 3, 8],
			"faces": {
				"north": {"uv": [2, 6, 5, 7], "texture": "#0"},
				"east": {"uv": [8, 2, 9, 3], "texture": "#0"},
				"south": {"uv": [5, 6, 8, 7], "texture": "#0"},
				"west": {"uv": [3, 8, 4, 9], "texture": "#0"},
				"up": {"uv": [10, 1, 7, 0], "texture": "#0"},
				"down": {"uv": [10, 1, 7, 2], "texture": "#0"}
			}
		}
	],
	"display": {
		"thirdperson_righthand": {
			"translation": [0, 5.75, 0]
		},
		"thirdperson_lefthand": {
			"rotation": [0.75, 0, 0],
			"translation": [0, 5.75, 0]
		},
		"firstperson_righthand": {
			"translation": [3, 6.5, 0]
		},
		"firstperson_lefthand": {
			"translation": [3, 6.5, 0]
		},
		"ground": {
			"translation": [0, 5, 0]
		},
		"gui": {
			"rotation": [174.73, -14.43, 178.8],
			"translation": [0, 10, 0],
			"scale": [1.28125, 1.67578, 1]
		},
		"head": {
			"translation": [-0.5, 6.25, -6.25],
			"scale": [1.39648, 1.56055, 1.50977]
		},
		"fixed": {
			"translation": [-1, 9.5, 0],
			"scale": [1.44141, 1.5332, 1.32617]
		}
	}
}