{
	"credit": "Made with Blockbench",
	"textures": {
		"0": "hattextures/ryan",
		"particle": "hattextures/ryan"
	},
	"elements": [
		{
			"name": "Custom dimensions 506x506 px (2)_0",
			"from": [6.9249, -0.19763, 8],
			"to": [10.81423, 13.30435, 9.03162],
			"faces": {
				"north": {"uv": [6.9249, 14.19763, 10.81423, 0.69565], "rotation": 180, "texture": "#0"},
				"east": {"uv": [10.78261, 0.69565, 10.81423, 14.19763], "texture": "#0"},
				"south": {"uv": [6.9249, 0.69565, 10.81423, 14.19763], "texture": "#0"},
				"west": {"uv": [6.9249, 0.69565, 6.95652, 14.19763], "texture": "#0"},
				"up": {"uv": [10.81423, 0.69565, 6.9249, 0.72727], "rotation": 180, "texture": "#0"},
				"down": {"uv": [6.9249, 14.16601, 10.81423, 14.19763], "texture": "#0"}
			}
		},
		{
			"name": "Custom dimensions 506x506 px (2)_1",
			"from": [6.64032, -0.19763, 8],
			"to": [6.9249, 13.24111, 9.03162],
			"faces": {
				"north": {"uv": [6.64032, 14.19763, 6.9249, 0.75889], "rotation": 180, "texture": "#0"},
				"east": {"uv": [6.89328, 0.75889, 6.9249, 14.19763], "texture": "#0"},
				"south": {"uv": [6.64032, 0.75889, 6.9249, 14.19763], "texture": "#0"},
				"west": {"uv": [6.64032, 0.75889, 6.67194, 14.19763], "texture": "#0"},
				"up": {"uv": [6.9249, 0.75889, 6.64032, 0.79051], "rotation": 180, "texture": "#0"},
				"down": {"uv": [6.64032, 14.16601, 6.9249, 14.19763], "texture": "#0"}
			}
		},
		{
			"name": "Custom dimensions 506x506 px (2)_2",
			"from": [10.81423, -0.19763, 8],
			"to": [11.03557, 13.24111, 9.03162],
			"faces": {
				"north": {"uv": [10.81423, 14.19763, 11.03557, 0.75889], "rotation": 180, "texture": "#0"},
				"east": {"uv": [11.00395, 0.75889, 11.03557, 14.19763], "texture": "#0"},
				"south": {"uv": [10.81423, 0.75889, 11.03557, 14.19763], "texture": "#0"},
				"west": {"uv": [10.81423, 0.75889, 10.84585, 14.19763], "texture": "#0"},
				"up": {"uv": [11.03557, 0.75889, 10.81423, 0.79051], "rotation": 180, "texture": "#0"},
				"down": {"uv": [10.81423, 14.16601, 11.03557, 14.19763], "texture": "#0"}
			}
		},
		{
			"name": "Custom dimensions 506x506 px (2)_3",
			"from": [6.57708, -0.19763, 8],
			"to": [6.64032, 13.14625, 9.03162],
			"faces": {
				"north": {"uv": [6.57708, 14.19763, 6.64032, 0.85375], "rotation": 180, "texture": "#0"},
				"east": {"uv": [6.6087, 0.85375, 6.64032, 14.19763], "texture": "#0"},
				"south": {"uv": [6.57708, 0.85375, 6.64032, 14.19763], "texture": "#0"},
				"west": {"uv": [6.57708, 0.85375, 6.6087, 14.19763], "texture": "#0"},
				"up": {"uv": [6.64032, 0.85375, 6.57708, 0.88538], "rotation": 180, "texture": "#0"},
				"down": {"uv": [6.57708, 14.16601, 6.64032, 14.19763], "texture": "#0"}
			}
		},
		{
			"name": "Custom dimensions 506x506 px (2)_4",
			"from": [6.54545, -0.19763, 8],
			"to": [6.57708, 13.083, 9.03162],
			"faces": {
				"north": {"uv": [6.54545, 14.19763, 6.57708, 0.917], "rotation": 180, "texture": "#0"},
				"east": {"uv": [6.54545, 0.917, 6.57708, 14.19763], "texture": "#0"},
				"south": {"uv": [6.54545, 0.917, 6.57708, 14.19763], "texture": "#0"},
				"west": {"uv": [6.54545, 0.917, 6.57708, 14.19763], "texture": "#0"},
				"up": {"uv": [6.57708, 0.917, 6.54545, 0.94862], "rotation": 180, "texture": "#0"},
				"down": {"uv": [6.54545, 14.16601, 6.57708, 14.19763], "texture": "#0"}
			}
		},
		{
			"name": "Custom dimensions 506x506 px (2)_5",
			"from": [11.03557, -0.19763, 8],
			"to": [11.09881, 13.083, 9.03162],
			"faces": {
				"north": {"uv": [11.03557, 14.19763, 11.09881, 0.917], "rotation": 180, "texture": "#0"},
				"east": {"uv": [11.06719, 0.917, 11.09881, 14.19763], "texture": "#0"},
				"south": {"uv": [11.03557, 0.917, 11.09881, 14.19763], "texture": "#0"},
				"west": {"uv": [11.03557, 0.917, 11.06719, 14.19763], "texture": "#0"},
				"up": {"uv": [11.09881, 0.917, 11.03557, 0.94862], "rotation": 180, "texture": "#0"},
				"down": {"uv": [11.03557, 14.16601, 11.09881, 14.19763], "texture": "#0"}
			}
		},
		{
			"name": "Custom dimensions 506x506 px (2)_6",
			"from": [6.26087, -0.19763, 8],
			"to": [6.54545, 13.01976, 9.03162],
			"faces": {
				"north": {"uv": [6.26087, 14.19763, 6.54545, 0.98024], "rotation": 180, "texture": "#0"},
				"east": {"uv": [6.51383, 0.98024, 6.54545, 14.19763], "texture": "#0"},
				"south": {"uv": [6.26087, 0.98024, 6.54545, 14.19763], "texture": "#0"},
				"west": {"uv": [6.26087, 0.98024, 6.29249, 14.19763], "texture": "#0"},
				"up": {"uv": [6.54545, 0.98024, 6.26087, 1.01186], "rotation": 180, "texture": "#0"},
				"down": {"uv": [6.26087, 14.16601, 6.54545, 14.19763], "texture": "#0"}
			}
		},
		{
			"name": "Custom dimensions 506x506 px (2)_7",
			"from": [11.09881, -0.19763, 8],
			"to": [11.13043, 12.98814, 9.03162],
			"faces": {
				"north": {"uv": [11.09881, 14.19763, 11.13043, 1.01186], "rotation": 180, "texture": "#0"},
				"east": {"uv": [11.09881, 1.01186, 11.13043, 14.19763], "texture": "#0"},
				"south": {"uv": [11.09881, 1.01186, 11.13043, 14.19763], "texture": "#0"},
				"west": {"uv": [11.09881, 1.01186, 11.13043, 14.19763], "texture": "#0"},
				"up": {"uv": [11.13043, 1.01186, 11.09881, 1.04348], "rotation": 180, "texture": "#0"},
				"down": {"uv": [11.09881, 14.16601, 11.13043, 14.19763], "texture": "#0"}
			}
		},
		{
			"name": "Custom dimensions 506x506 px (2)_8",
			"from": [11.13043, -0.19763, 8],
			"to": [11.16206, 12.95652, 9.03162],
			"faces": {
				"north": {"uv": [11.13043, 14.19763, 11.16206, 1.04348], "rotation": 180, "texture": "#0"},
				"east": {"uv": [11.13043, 1.04348, 11.16206, 14.19763], "texture": "#0"},
				"south": {"uv": [11.13043, 1.04348, 11.16206, 14.19763], "texture": "#0"},
				"west": {"uv": [11.13043, 1.04348, 11.16206, 14.19763], "texture": "#0"},
				"up": {"uv": [11.16206, 1.04348, 11.13043, 1.0751], "rotation": 180, "texture": "#0"},
				"down": {"uv": [11.13043, 14.16601, 11.16206, 14.19763], "texture": "#0"}
			}
		},
		{
			"name": "Custom dimensions 506x506 px (2)_9",
			"from": [11.16206, -0.19763, 8],
			"to": [11.19368, 12.9249, 9.03162],
			"faces": {
				"north": {"uv": [11.16206, 14.19763, 11.19368, 1.0751], "rotation": 180, "texture": "#0"},
				"east": {"uv": [11.16206, 1.0751, 11.19368, 14.19763], "texture": "#0"},
				"south": {"uv": [11.16206, 1.0751, 11.19368, 14.19763], "texture": "#0"},
				"west": {"uv": [11.16206, 1.0751, 11.19368, 14.19763], "texture": "#0"},
				"up": {"uv": [11.19368, 1.0751, 11.16206, 1.10672], "rotation": 180, "texture": "#0"},
				"down": {"uv": [11.16206, 14.16601, 11.19368, 14.19763], "texture": "#0"}
			}
		},
		{
			"name": "Custom dimensions 506x506 px (2)_10",
			"from": [6.16601, -0.19763, 8],
			"to": [6.26087, 12.86166, 9.03162],
			"faces": {
				"north": {"uv": [6.16601, 14.19763, 6.26087, 1.13834], "rotation": 180, "texture": "#0"},
				"east": {"uv": [6.22925, 1.13834, 6.26087, 14.19763], "texture": "#0"},
				"south": {"uv": [6.16601, 1.13834, 6.26087, 14.19763], "texture": "#0"},
				"west": {"uv": [6.16601, 1.13834, 6.19763, 14.19763], "texture": "#0"},
				"up": {"uv": [6.26087, 1.13834, 6.16601, 1.16996], "rotation": 180, "texture": "#0"},
				"down": {"uv": [6.16601, 14.16601, 6.26087, 14.19763], "texture": "#0"}
			}
		},
		{
			"name": "Custom dimensions 506x506 px (2)_11",
			"from": [11.19368, -0.19763, 8],
			"to": [11.25692, 12.86166, 9.03162],
			"faces": {
				"north": {"uv": [11.19368, 14.19763, 11.25692, 1.13834], "rotation": 180, "texture": "#0"},
				"east": {"uv": [11.2253, 1.13834, 11.25692, 14.19763], "texture": "#0"},
				"south": {"uv": [11.19368, 1.13834, 11.25692, 14.19763], "texture": "#0"},
				"west": {"uv": [11.19368, 1.13834, 11.2253, 14.19763], "texture": "#0"},
				"up": {"uv": [11.25692, 1.13834, 11.19368, 1.16996], "rotation": 180, "texture": "#0"},
				"down": {"uv": [11.19368, 14.16601, 11.25692, 14.19763], "texture": "#0"}
			}
		},
		{
			"name": "Custom dimensions 506x506 px (2)_12",
			"from": [6.10277, -0.19763, 8],
			"to": [6.16601, 12.7668, 9.03162],
			"faces": {
				"north": {"uv": [6.10277, 14.19763, 6.16601, 1.2332], "rotation": 180, "texture": "#0"},
				"east": {"uv": [6.13439, 1.2332, 6.16601, 14.19763], "texture": "#0"},
				"south": {"uv": [6.10277, 1.2332, 6.16601, 14.19763], "texture": "#0"},
				"west": {"uv": [6.10277, 1.2332, 6.13439, 14.19763], "texture": "#0"},
				"up": {"uv": [6.16601, 1.2332, 6.10277, 1.26482], "rotation": 180, "texture": "#0"},
				"down": {"uv": [6.10277, 14.16601, 6.16601, 14.19763], "texture": "#0"}
			}
		},
		{
			"name": "Custom dimensions 506x506 px (2)_13",
			"from": [11.25692, -0.19763, 8],
			"to": [11.32016, 12.7668, 9.03162],
			"faces": {
				"north": {"uv": [11.25692, 14.19763, 11.32016, 1.2332], "rotation": 180, "texture": "#0"},
				"east": {"uv": [11.28854, 1.2332, 11.32016, 14.19763], "texture": "#0"},
				"south": {"uv": [11.25692, 1.2332, 11.32016, 14.19763], "texture": "#0"},
				"west": {"uv": [11.25692, 1.2332, 11.28854, 14.19763], "texture": "#0"},
				"up": {"uv": [11.32016, 1.2332, 11.25692, 1.26482], "rotation": 180, "texture": "#0"},
				"down": {"uv": [11.25692, 14.16601, 11.32016, 14.19763], "texture": "#0"}
			}
		},
		{
			"name": "Custom dimensions 506x506 px (2)_14",
			"from": [11.32016, -0.19763, 8],
			"to": [11.35178, 12.70356, 9.03162],
			"faces": {
				"north": {"uv": [11.32016, 14.19763, 11.35178, 1.29644], "rotation": 180, "texture": "#0"},
				"east": {"uv": [11.32016, 1.29644, 11.35178, 14.19763], "texture": "#0"},
				"south": {"uv": [11.32016, 1.29644, 11.35178, 14.19763], "texture": "#0"},
				"west": {"uv": [11.32016, 1.29644, 11.35178, 14.19763], "texture": "#0"},
				"up": {"uv": [11.35178, 1.29644, 11.32016, 1.32806], "rotation": 180, "texture": "#0"},
				"down": {"uv": [11.32016, 14.16601, 11.35178, 14.19763], "texture": "#0"}
			}
		},
		{
			"name": "Custom dimensions 506x506 px (2)_15",
			"from": [6.07115, -0.19763, 8],
			"to": [6.10277, 12.64032, 9.03162],
			"faces": {
				"north": {"uv": [6.07115, 14.19763, 6.10277, 1.35968], "rotation": 180, "texture": "#0"},
				"east": {"uv": [6.07115, 1.35968, 6.10277, 14.19763], "texture": "#0"},
				"south": {"uv": [6.07115, 1.35968, 6.10277, 14.19763], "texture": "#0"},
				"west": {"uv": [6.07115, 1.35968, 6.10277, 14.19763], "texture": "#0"},
				"up": {"uv": [6.10277, 1.35968, 6.07115, 1.3913], "rotation": 180, "texture": "#0"},
				"down": {"uv": [6.07115, 14.16601, 6.10277, 14.19763], "texture": "#0"}
			}
		},
		{
			"name": "Custom dimensions 506x506 px (2)_16",
			"from": [11.35178, -0.19763, 8],
			"to": [11.41502, 12.64032, 9.03162],
			"faces": {
				"north": {"uv": [11.35178, 14.19763, 11.41502, 1.35968], "rotation": 180, "texture": "#0"},
				"east": {"uv": [11.3834, 1.35968, 11.41502, 14.19763], "texture": "#0"},
				"south": {"uv": [11.35178, 1.35968, 11.41502, 14.19763], "texture": "#0"},
				"west": {"uv": [11.35178, 1.35968, 11.3834, 14.19763], "texture": "#0"},
				"up": {"uv": [11.41502, 1.35968, 11.35178, 1.3913], "rotation": 180, "texture": "#0"},
				"down": {"uv": [11.35178, 14.16601, 11.41502, 14.19763], "texture": "#0"}
			}
		},
		{
			"name": "Custom dimensions 506x506 px (2)_17",
			"from": [6.03953, -0.19763, 8],
			"to": [6.07115, 12.6087, 9.03162],
			"faces": {
				"north": {"uv": [6.03953, 14.19763, 6.07115, 1.3913], "rotation": 180, "texture": "#0"},
				"east": {"uv": [6.03953, 1.3913, 6.07115, 14.19763], "texture": "#0"},
				"south": {"uv": [6.03953, 1.3913, 6.07115, 14.19763], "texture": "#0"},
				"west": {"uv": [6.03953, 1.3913, 6.07115, 14.19763], "texture": "#0"},
				"up": {"uv": [6.07115, 1.3913, 6.03953, 1.42292], "rotation": 180, "texture": "#0"},
				"down": {"uv": [6.03953, 14.16601, 6.07115, 14.19763], "texture": "#0"}
			}
		},
		{
			"name": "Custom dimensions 506x506 px (2)_18",
			"from": [6.00791, -0.19763, 8],
			"to": [6.03953, 12.54545, 9.03162],
			"faces": {
				"north": {"uv": [6.00791, 14.19763, 6.03953, 1.45455], "rotation": 180, "texture": "#0"},
				"east": {"uv": [6.00791, 1.45455, 6.03953, 14.19763], "texture": "#0"},
				"south": {"uv": [6.00791, 1.45455, 6.03953, 14.19763], "texture": "#0"},
				"west": {"uv": [6.00791, 1.45455, 6.03953, 14.19763], "texture": "#0"},
				"up": {"uv": [6.03953, 1.45455, 6.00791, 1.48617], "rotation": 180, "texture": "#0"},
				"down": {"uv": [6.00791, 14.16601, 6.03953, 14.19763], "texture": "#0"}
			}
		},
		{
			"name": "Custom dimensions 506x506 px (2)_19",
			"from": [11.41502, -0.19763, 8],
			"to": [11.47826, 12.54545, 9.03162],
			"faces": {
				"north": {"uv": [11.41502, 14.19763, 11.47826, 1.45455], "rotation": 180, "texture": "#0"},
				"east": {"uv": [11.44664, 1.45455, 11.47826, 14.19763], "texture": "#0"},
				"south": {"uv": [11.41502, 1.45455, 11.47826, 14.19763], "texture": "#0"},
				"west": {"uv": [11.41502, 1.45455, 11.44664, 14.19763], "texture": "#0"},
				"up": {"uv": [11.47826, 1.45455, 11.41502, 1.48617], "rotation": 180, "texture": "#0"},
				"down": {"uv": [11.41502, 14.16601, 11.47826, 14.19763], "texture": "#0"}
			}
		},
		{
			"name": "Custom dimensions 506x506 px (2)_20",
			"from": [5.94466, -0.19763, 8],
			"to": [6.00791, 12.48221, 9.03162],
			"faces": {
				"north": {"uv": [5.94466, 14.19763, 6.00791, 1.51779], "rotation": 180, "texture": "#0"},
				"east": {"uv": [5.97628, 1.51779, 6.00791, 14.19763], "texture": "#0"},
				"south": {"uv": [5.94466, 1.51779, 6.00791, 14.19763], "texture": "#0"},
				"west": {"uv": [5.94466, 1.51779, 5.97628, 14.19763], "texture": "#0"},
				"up": {"uv": [6.00791, 1.51779, 5.94466, 1.54941], "rotation": 180, "texture": "#0"},
				"down": {"uv": [5.94466, 14.16601, 6.00791, 14.19763], "texture": "#0"}
			}
		},
		{
			"name": "Custom dimensions 506x506 px (2)_21",
			"from": [11.47826, -0.19763, 8],
			"to": [11.57312, 12.48221, 9.03162],
			"faces": {
				"north": {"uv": [11.47826, 14.19763, 11.57312, 1.51779], "rotation": 180, "texture": "#0"},
				"east": {"uv": [11.5415, 1.51779, 11.57312, 14.19763], "texture": "#0"},
				"south": {"uv": [11.47826, 1.51779, 11.57312, 14.19763], "texture": "#0"},
				"west": {"uv": [11.47826, 1.51779, 11.50988, 14.19763], "texture": "#0"},
				"up": {"uv": [11.57312, 1.51779, 11.47826, 1.54941], "rotation": 180, "texture": "#0"},
				"down": {"uv": [11.47826, 14.16601, 11.57312, 14.19763], "texture": "#0"}
			}
		},
		{
			"name": "Custom dimensions 506x506 px (2)_22",
			"from": [5.88142, -0.19763, 8],
			"to": [5.94466, 12.41897, 9.03162],
			"faces": {
				"north": {"uv": [5.88142, 14.19763, 5.94466, 1.58103], "rotation": 180, "texture": "#0"},
				"east": {"uv": [5.91304, 1.58103, 5.94466, 14.19763], "texture": "#0"},
				"south": {"uv": [5.88142, 1.58103, 5.94466, 14.19763], "texture": "#0"},
				"west": {"uv": [5.88142, 1.58103, 5.91304, 14.19763], "texture": "#0"},
				"up": {"uv": [5.94466, 1.58103, 5.88142, 1.61265], "rotation": 180, "texture": "#0"},
				"down": {"uv": [5.88142, 14.16601, 5.94466, 14.19763], "texture": "#0"}
			}
		},
		{
			"name": "Custom dimensions 506x506 px (2)_23",
			"from": [5.8498, -0.19763, 8],
			"to": [5.88142, 12.38735, 9.03162],
			"faces": {
				"north": {"uv": [5.8498, 14.19763, 5.88142, 1.61265], "rotation": 180, "texture": "#0"},
				"east": {"uv": [5.8498, 1.61265, 5.88142, 14.19763], "texture": "#0"},
				"south": {"uv": [5.8498, 1.61265, 5.88142, 14.19763], "texture": "#0"},
				"west": {"uv": [5.8498, 1.61265, 5.88142, 14.19763], "texture": "#0"},
				"up": {"uv": [5.88142, 1.61265, 5.8498, 1.64427], "rotation": 180, "texture": "#0"},
				"down": {"uv": [5.8498, 14.16601, 5.88142, 14.19763], "texture": "#0"}
			}
		},
		{
			"name": "Custom dimensions 506x506 px (2)_24",
			"from": [5.81818, -0.19763, 8],
			"to": [5.8498, 12.35573, 9.03162],
			"faces": {
				"north": {"uv": [5.81818, 14.19763, 5.8498, 1.64427], "rotation": 180, "texture": "#0"},
				"east": {"uv": [5.81818, 1.64427, 5.8498, 14.19763], "texture": "#0"},
				"south": {"uv": [5.81818, 1.64427, 5.8498, 14.19763], "texture": "#0"},
				"west": {"uv": [5.81818, 1.64427, 5.8498, 14.19763], "texture": "#0"},
				"up": {"uv": [5.8498, 1.64427, 5.81818, 1.67589], "rotation": 180, "texture": "#0"},
				"down": {"uv": [5.81818, 14.16601, 5.8498, 14.19763], "texture": "#0"}
			}
		},
		{
			"name": "Custom dimensions 506x506 px (2)_25",
			"from": [11.57312, -0.19763, 8],
			"to": [11.63636, 12.35573, 9.03162],
			"faces": {
				"north": {"uv": [11.57312, 14.19763, 11.63636, 1.64427], "rotation": 180, "texture": "#0"},
				"east": {"uv": [11.60474, 1.64427, 11.63636, 14.19763], "texture": "#0"},
				"south": {"uv": [11.57312, 1.64427, 11.63636, 14.19763], "texture": "#0"},
				"west": {"uv": [11.57312, 1.64427, 11.60474, 14.19763], "texture": "#0"},
				"up": {"uv": [11.63636, 1.64427, 11.57312, 1.67589], "rotation": 180, "texture": "#0"},
				"down": {"uv": [11.57312, 14.16601, 11.63636, 14.19763], "texture": "#0"}
			}
		},
		{
			"name": "Custom dimensions 506x506 px (2)_26",
			"from": [5.66008, -0.19763, 8],
			"to": [5.81818, 12.32411, 9.03162],
			"faces": {
				"north": {"uv": [5.66008, 14.19763, 5.81818, 1.67589], "rotation": 180, "texture": "#0"},
				"east": {"uv": [5.78656, 1.67589, 5.81818, 14.19763], "texture": "#0"},
				"south": {"uv": [5.66008, 1.67589, 5.81818, 14.19763], "texture": "#0"},
				"west": {"uv": [5.66008, 1.67589, 5.6917, 14.19763], "texture": "#0"},
				"up": {"uv": [5.81818, 1.67589, 5.66008, 1.70751], "rotation": 180, "texture": "#0"},
				"down": {"uv": [5.66008, 14.16601, 5.81818, 14.19763], "texture": "#0"}
			}
		},
		{
			"name": "Custom dimensions 506x506 px (2)_27",
			"from": [5.47036, -0.19763, 8],
			"to": [5.66008, 12.26087, 9.03162],
			"faces": {
				"north": {"uv": [5.47036, 14.19763, 5.66008, 1.73913], "rotation": 180, "texture": "#0"},
				"east": {"uv": [5.62846, 1.73913, 5.66008, 14.19763], "texture": "#0"},
				"south": {"uv": [5.47036, 1.73913, 5.66008, 14.19763], "texture": "#0"},
				"west": {"uv": [5.47036, 1.73913, 5.50198, 14.19763], "texture": "#0"},
				"up": {"uv": [5.66008, 1.73913, 5.47036, 1.77075], "rotation": 180, "texture": "#0"},
				"down": {"uv": [5.47036, 14.16601, 5.66008, 14.19763], "texture": "#0"}
			}
		},
		{
			"name": "Custom dimensions 506x506 px (2)_28",
			"from": [11.63636, -0.19763, 8],
			"to": [11.6996, 12.26087, 9.03162],
			"faces": {
				"north": {"uv": [11.63636, 14.19763, 11.6996, 1.73913], "rotation": 180, "texture": "#0"},
				"east": {"uv": [11.66798, 1.73913, 11.6996, 14.19763], "texture": "#0"},
				"south": {"uv": [11.63636, 1.73913, 11.6996, 14.19763], "texture": "#0"},
				"west": {"uv": [11.63636, 1.73913, 11.66798, 14.19763], "texture": "#0"},
				"up": {"uv": [11.6996, 1.73913, 11.63636, 1.77075], "rotation": 180, "texture": "#0"},
				"down": {"uv": [11.63636, 14.16601, 11.6996, 14.19763], "texture": "#0"}
			}
		},
		{
			"name": "Custom dimensions 506x506 px (2)_29",
			"from": [5.40711, -0.19763, 8],
			"to": [5.47036, 12.22925, 9.03162],
			"faces": {
				"north": {"uv": [5.40711, 14.19763, 5.47036, 1.77075], "rotation": 180, "texture": "#0"},
				"east": {"uv": [5.43874, 1.77075, 5.47036, 14.19763], "texture": "#0"},
				"south": {"uv": [5.40711, 1.77075, 5.47036, 14.19763], "texture": "#0"},
				"west": {"uv": [5.40711, 1.77075, 5.43874, 14.19763], "texture": "#0"},
				"up": {"uv": [5.47036, 1.77075, 5.40711, 1.80237], "rotation": 180, "texture": "#0"},
				"down": {"uv": [5.40711, 14.16601, 5.47036, 14.19763], "texture": "#0"}
			}
		},
		{
			"name": "Custom dimensions 506x506 px (2)_30",
			"from": [5.34387, -0.19763, 8],
			"to": [5.40711, 12.19763, 9.03162],
			"faces": {
				"north": {"uv": [5.34387, 14.19763, 5.40711, 1.80237], "rotation": 180, "texture": "#0"},
				"east": {"uv": [5.37549, 1.80237, 5.40711, 14.19763], "texture": "#0"},
				"south": {"uv": [5.34387, 1.80237, 5.40711, 14.19763], "texture": "#0"},
				"west": {"uv": [5.34387, 1.80237, 5.37549, 14.19763], "texture": "#0"},
				"up": {"uv": [5.40711, 1.80237, 5.34387, 1.83399], "rotation": 180, "texture": "#0"},
				"down": {"uv": [5.34387, 14.16601, 5.40711, 14.19763], "texture": "#0"}
			}
		},
		{
			"name": "Custom dimensions 506x506 px (2)_31",
			"from": [11.6996, -0.19763, 8],
			"to": [11.73123, 12.19763, 9.03162],
			"faces": {
				"north": {"uv": [11.6996, 14.19763, 11.73123, 1.80237], "rotation": 180, "texture": "#0"},
				"east": {"uv": [11.6996, 1.80237, 11.73123, 14.19763], "texture": "#0"},
				"south": {"uv": [11.6996, 1.80237, 11.73123, 14.19763], "texture": "#0"},
				"west": {"uv": [11.6996, 1.80237, 11.73123, 14.19763], "texture": "#0"},
				"up": {"uv": [11.73123, 1.80237, 11.6996, 1.83399], "rotation": 180, "texture": "#0"},
				"down": {"uv": [11.6996, 14.16601, 11.73123, 14.19763], "texture": "#0"}
			}
		},
		{
			"name": "Custom dimensions 506x506 px (2)_32",
			"from": [5.24901, -0.19763, 8],
			"to": [5.34387, 12.16601, 9.03162],
			"faces": {
				"north": {"uv": [5.24901, 14.19763, 5.34387, 1.83399], "rotation": 180, "texture": "#0"},
				"east": {"uv": [5.31225, 1.83399, 5.34387, 14.19763], "texture": "#0"},
				"south": {"uv": [5.24901, 1.83399, 5.34387, 14.19763], "texture": "#0"},
				"west": {"uv": [5.24901, 1.83399, 5.28063, 14.19763], "texture": "#0"},
				"up": {"uv": [5.34387, 1.83399, 5.24901, 1.86561], "rotation": 180, "texture": "#0"},
				"down": {"uv": [5.24901, 14.16601, 5.34387, 14.19763], "texture": "#0"}
			}
		},
		{
			"name": "Custom dimensions 506x506 px (2)_33",
			"from": [11.73123, -0.19763, 8],
			"to": [11.79447, 12.16601, 9.03162],
			"faces": {
				"north": {"uv": [11.73123, 14.19763, 11.79447, 1.83399], "rotation": 180, "texture": "#0"},
				"east": {"uv": [11.76285, 1.83399, 11.79447, 14.19763], "texture": "#0"},
				"south": {"uv": [11.73123, 1.83399, 11.79447, 14.19763], "texture": "#0"},
				"west": {"uv": [11.73123, 1.83399, 11.76285, 14.19763], "texture": "#0"},
				"up": {"uv": [11.79447, 1.83399, 11.73123, 1.86561], "rotation": 180, "texture": "#0"},
				"down": {"uv": [11.73123, 14.16601, 11.79447, 14.19763], "texture": "#0"}
			}
		},
		{
			"name": "Custom dimensions 506x506 px (2)_34",
			"from": [5.12253, -0.19763, 8],
			"to": [5.24901, 12.10277, 9.03162],
			"faces": {
				"north": {"uv": [5.12253, 14.19763, 5.24901, 1.89723], "rotation": 180, "texture": "#0"},
				"east": {"uv": [5.21739, 1.89723, 5.24901, 14.19763], "texture": "#0"},
				"south": {"uv": [5.12253, 1.89723, 5.24901, 14.19763], "texture": "#0"},
				"west": {"uv": [5.12253, 1.89723, 5.15415, 14.19763], "texture": "#0"},
				"up": {"uv": [5.24901, 1.89723, 5.12253, 1.92885], "rotation": 180, "texture": "#0"},
				"down": {"uv": [5.12253, 14.16601, 5.24901, 14.19763], "texture": "#0"}
			}
		},
		{
			"name": "Custom dimensions 506x506 px (2)_35",
			"from": [11.79447, -0.19763, 8],
			"to": [11.85771, 12.10277, 9.03162],
			"faces": {
				"north": {"uv": [11.79447, 14.19763, 11.85771, 1.89723], "rotation": 180, "texture": "#0"},
				"east": {"uv": [11.82609, 1.89723, 11.85771, 14.19763], "texture": "#0"},
				"south": {"uv": [11.79447, 1.89723, 11.85771, 14.19763], "texture": "#0"},
				"west": {"uv": [11.79447, 1.89723, 11.82609, 14.19763], "texture": "#0"},
				"up": {"uv": [11.85771, 1.89723, 11.79447, 1.92885], "rotation": 180, "texture": "#0"},
				"down": {"uv": [11.79447, 14.16601, 11.85771, 14.19763], "texture": "#0"}
			}
		},
		{
			"name": "Custom dimensions 506x506 px (2)_36",
			"from": [11.85771, 3.91304, 8],
			"to": [11.88933, 12.07115, 9.03162],
			"faces": {
				"north": {"uv": [11.85771, 10.08696, 11.88933, 1.92885], "rotation": 180, "texture": "#0"},
				"east": {"uv": [11.85771, 1.92885, 11.88933, 10.08696], "texture": "#0"},
				"south": {"uv": [11.85771, 1.92885, 11.88933, 10.08696], "texture": "#0"},
				"west": {"uv": [11.85771, 1.92885, 11.88933, 10.08696], "texture": "#0"},
				"up": {"uv": [11.88933, 1.92885, 11.85771, 1.96047], "rotation": 180, "texture": "#0"},
				"down": {"uv": [11.85771, 10.05534, 11.88933, 10.08696], "texture": "#0"}
			}
		},
		{
			"name": "Custom dimensions 506x506 px (2)_37",
			"from": [5.02767, -0.19763, 8],
			"to": [5.12253, 12.03953, 9.03162],
			"faces": {
				"north": {"uv": [5.02767, 14.19763, 5.12253, 1.96047], "rotation": 180, "texture": "#0"},
				"east": {"uv": [5.09091, 1.96047, 5.12253, 14.19763], "texture": "#0"},
				"south": {"uv": [5.02767, 1.96047, 5.12253, 14.19763], "texture": "#0"},
				"west": {"uv": [5.02767, 1.96047, 5.05929, 14.19763], "texture": "#0"},
				"up": {"uv": [5.12253, 1.96047, 5.02767, 1.99209], "rotation": 180, "texture": "#0"},
				"down": {"uv": [5.02767, 14.16601, 5.12253, 14.19763], "texture": "#0"}
			}
		},
		{
			"name": "Custom dimensions 506x506 px (2)_38",
			"from": [11.88933, 3.97628, 8],
			"to": [11.92095, 12.03953, 9.03162],
			"faces": {
				"north": {"uv": [11.88933, 10.02372, 11.92095, 1.96047], "rotation": 180, "texture": "#0"},
				"east": {"uv": [11.88933, 1.96047, 11.92095, 10.02372], "texture": "#0"},
				"south": {"uv": [11.88933, 1.96047, 11.92095, 10.02372], "texture": "#0"},
				"west": {"uv": [11.88933, 1.96047, 11.92095, 10.02372], "texture": "#0"},
				"up": {"uv": [11.92095, 1.96047, 11.88933, 1.99209], "rotation": 180, "texture": "#0"},
				"down": {"uv": [11.88933, 9.99209, 11.92095, 10.02372], "texture": "#0"}
			}
		},
		{
			"name": "Custom dimensions 506x506 px (2)_39",
			"from": [11.92095, 4.07115, 8],
			"to": [11.95257, 12.00791, 9.03162],
			"faces": {
				"north": {"uv": [11.92095, 9.92885, 11.95257, 1.99209], "rotation": 180, "texture": "#0"},
				"east": {"uv": [11.92095, 1.99209, 11.95257, 9.92885], "texture": "#0"},
				"south": {"uv": [11.92095, 1.99209, 11.95257, 9.92885], "texture": "#0"},
				"west": {"uv": [11.92095, 1.99209, 11.95257, 9.92885], "texture": "#0"},
				"up": {"uv": [11.95257, 1.99209, 11.92095, 2.02372], "rotation": 180, "texture": "#0"},
				"down": {"uv": [11.92095, 9.89723, 11.95257, 9.92885], "texture": "#0"}
			}
		},
		{
			"name": "Custom dimensions 506x506 px (2)_40",
			"from": [11.95257, 4.19763, 8],
			"to": [12.01581, 11.94466, 9.03162],
			"faces": {
				"north": {"uv": [11.95257, 9.80237, 12.01581, 2.05534], "rotation": 180, "texture": "#0"},
				"east": {"uv": [11.98419, 2.05534, 12.01581, 9.80237], "texture": "#0"},
				"south": {"uv": [11.95257, 2.05534, 12.01581, 9.80237], "texture": "#0"},
				"west": {"uv": [11.95257, 2.05534, 11.98419, 9.80237], "texture": "#0"},
				"up": {"uv": [12.01581, 2.05534, 11.95257, 2.08696], "rotation": 180, "texture": "#0"},
				"down": {"uv": [11.95257, 9.77075, 12.01581, 9.80237], "texture": "#0"}
			}
		},
		{
			"name": "Custom dimensions 506x506 px (2)_41",
			"from": [4.96443, -0.19763, 8],
			"to": [5.02767, 11.88142, 9.03162],
			"faces": {
				"north": {"uv": [4.96443, 14.19763, 5.02767, 2.11858], "rotation": 180, "texture": "#0"},
				"east": {"uv": [4.99605, 2.11858, 5.02767, 14.19763], "texture": "#0"},
				"south": {"uv": [4.96443, 2.11858, 5.02767, 14.19763], "texture": "#0"},
				"west": {"uv": [4.96443, 2.11858, 4.99605, 14.19763], "texture": "#0"},
				"up": {"uv": [5.02767, 2.11858, 4.96443, 2.1502], "rotation": 180, "texture": "#0"},
				"down": {"uv": [4.96443, 14.16601, 5.02767, 14.19763], "texture": "#0"}
			}
		},
		{
			"name": "Custom dimensions 506x506 px (2)_42",
			"from": [12.01581, 4.29249, 8],
			"to": [12.07905, 11.78656, 9.03162],
			"faces": {
				"north": {"uv": [12.01581, 9.70751, 12.07905, 2.21344], "rotation": 180, "texture": "#0"},
				"east": {"uv": [12.04743, 2.21344, 12.07905, 9.70751], "texture": "#0"},
				"south": {"uv": [12.01581, 2.21344, 12.07905, 9.70751], "texture": "#0"},
				"west": {"uv": [12.01581, 2.21344, 12.04743, 9.70751], "texture": "#0"},
				"up": {"uv": [12.07905, 2.21344, 12.01581, 2.24506], "rotation": 180, "texture": "#0"},
				"down": {"uv": [12.01581, 9.67589, 12.07905, 9.70751], "texture": "#0"}
			}
		},
		{
			"name": "Custom dimensions 506x506 px (2)_43",
			"from": [4.90119, -0.19763, 8],
			"to": [4.93281, 11.72332, 9.03162],
			"faces": {
				"north": {"uv": [4.90119, 14.19763, 4.93281, 2.27668], "rotation": 180, "texture": "#0"},
				"east": {"uv": [4.90119, 2.27668, 4.93281, 14.19763], "texture": "#0"},
				"south": {"uv": [4.90119, 2.27668, 4.93281, 14.19763], "texture": "#0"},
				"west": {"uv": [4.90119, 2.27668, 4.93281, 14.19763], "texture": "#0"},
				"up": {"uv": [4.93281, 2.27668, 4.90119, 2.3083], "rotation": 180, "texture": "#0"},
				"down": {"uv": [4.90119, 14.16601, 4.93281, 14.19763], "texture": "#0"}
			}
		},
		{
			"name": "Custom dimensions 506x506 px (2)_44",
			"from": [4.93281, -0.19763, 8],
			"to": [4.96443, 11.6917, 9.03162],
			"faces": {
				"north": {"uv": [4.93281, 14.19763, 4.96443, 2.3083], "rotation": 180, "texture": "#0"},
				"east": {"uv": [4.93281, 2.3083, 4.96443, 14.19763], "texture": "#0"},
				"south": {"uv": [4.93281, 2.3083, 4.96443, 14.19763], "texture": "#0"},
				"west": {"uv": [4.93281, 2.3083, 4.96443, 14.19763], "texture": "#0"},
				"up": {"uv": [4.96443, 2.3083, 4.93281, 2.33992], "rotation": 180, "texture": "#0"},
				"down": {"uv": [4.93281, 14.16601, 4.96443, 14.19763], "texture": "#0"}
			}
		},
		{
			"name": "Custom dimensions 506x506 px (2)_45",
			"from": [12.07905, 4.29249, 8],
			"to": [12.11067, 11.66008, 9.03162],
			"faces": {
				"north": {"uv": [12.07905, 9.70751, 12.11067, 2.33992], "rotation": 180, "texture": "#0"},
				"east": {"uv": [12.07905, 2.33992, 12.11067, 9.70751], "texture": "#0"},
				"south": {"uv": [12.07905, 2.33992, 12.11067, 9.70751], "texture": "#0"},
				"west": {"uv": [12.07905, 2.33992, 12.11067, 9.70751], "texture": "#0"},
				"up": {"uv": [12.11067, 2.33992, 12.07905, 2.37154], "rotation": 180, "texture": "#0"},
				"down": {"uv": [12.07905, 9.67589, 12.11067, 9.70751], "texture": "#0"}
			}
		},
		{
			"name": "Custom dimensions 506x506 px (2)_46",
			"from": [4.86957, -0.19763, 8],
			"to": [4.90119, 11.62846, 9.03162],
			"faces": {
				"north": {"uv": [4.86957, 14.19763, 4.90119, 2.37154], "rotation": 180, "texture": "#0"},
				"east": {"uv": [4.86957, 2.37154, 4.90119, 14.19763], "texture": "#0"},
				"south": {"uv": [4.86957, 2.37154, 4.90119, 14.19763], "texture": "#0"},
				"west": {"uv": [4.86957, 2.37154, 4.90119, 14.19763], "texture": "#0"},
				"up": {"uv": [4.90119, 2.37154, 4.86957, 2.40316], "rotation": 180, "texture": "#0"},
				"down": {"uv": [4.86957, 14.16601, 4.90119, 14.19763], "texture": "#0"}
			}
		},
		{
			"name": "Custom dimensions 506x506 px (2)_47",
			"from": [4.80632, -0.19763, 8],
			"to": [4.86957, 11.56522, 9.03162],
			"faces": {
				"north": {"uv": [4.80632, 14.19763, 4.86957, 2.43478], "rotation": 180, "texture": "#0"},
				"east": {"uv": [4.83794, 2.43478, 4.86957, 14.19763], "texture": "#0"},
				"south": {"uv": [4.80632, 2.43478, 4.86957, 14.19763], "texture": "#0"},
				"west": {"uv": [4.80632, 2.43478, 4.83794, 14.19763], "texture": "#0"},
				"up": {"uv": [4.86957, 2.43478, 4.80632, 2.4664], "rotation": 180, "texture": "#0"},
				"down": {"uv": [4.80632, 14.16601, 4.86957, 14.19763], "texture": "#0"}
			}
		},
		{
			"name": "Custom dimensions 506x506 px (2)_48",
			"from": [12.11067, 4.29249, 8],
			"to": [12.14229, 11.56522, 9.03162],
			"faces": {
				"north": {"uv": [12.11067, 9.70751, 12.14229, 2.43478], "rotation": 180, "texture": "#0"},
				"east": {"uv": [12.11067, 2.43478, 12.14229, 9.70751], "texture": "#0"},
				"south": {"uv": [12.11067, 2.43478, 12.14229, 9.70751], "texture": "#0"},
				"west": {"uv": [12.11067, 2.43478, 12.14229, 9.70751], "texture": "#0"},
				"up": {"uv": [12.14229, 2.43478, 12.11067, 2.4664], "rotation": 180, "texture": "#0"},
				"down": {"uv": [12.11067, 9.67589, 12.14229, 9.70751], "texture": "#0"}
			}
		},
		{
			"name": "Custom dimensions 506x506 px (2)_49",
			"from": [4.74308, -0.19763, 8],
			"to": [4.80632, 11.50198, 9.03162],
			"faces": {
				"north": {"uv": [4.74308, 14.19763, 4.80632, 2.49802], "rotation": 180, "texture": "#0"},
				"east": {"uv": [4.7747, 2.49802, 4.80632, 14.19763], "texture": "#0"},
				"south": {"uv": [4.74308, 2.49802, 4.80632, 14.19763], "texture": "#0"},
				"west": {"uv": [4.74308, 2.49802, 4.7747, 14.19763], "texture": "#0"},
				"up": {"uv": [4.80632, 2.49802, 4.74308, 2.52964], "rotation": 180, "texture": "#0"},
				"down": {"uv": [4.74308, 14.16601, 4.80632, 14.19763], "texture": "#0"}
			}
		},
		{
			"name": "Custom dimensions 506x506 px (2)_50",
			"from": [12.14229, 4.29249, 8],
			"to": [12.17391, 11.50198, 9.03162],
			"faces": {
				"north": {"uv": [12.14229, 9.70751, 12.17391, 2.49802], "rotation": 180, "texture": "#0"},
				"east": {"uv": [12.14229, 2.49802, 12.17391, 9.70751], "texture": "#0"},
				"south": {"uv": [12.14229, 2.49802, 12.17391, 9.70751], "texture": "#0"},
				"west": {"uv": [12.14229, 2.49802, 12.17391, 9.70751], "texture": "#0"},
				"up": {"uv": [12.17391, 2.49802, 12.14229, 2.52964], "rotation": 180, "texture": "#0"},
				"down": {"uv": [12.14229, 9.67589, 12.17391, 9.70751], "texture": "#0"}
			}
		},
		{
			"name": "Custom dimensions 506x506 px (2)_51",
			"from": [4.71146, -0.19763, 8],
			"to": [4.74308, 11.47036, 9.03162],
			"faces": {
				"north": {"uv": [4.71146, 14.19763, 4.74308, 2.52964], "rotation": 180, "texture": "#0"},
				"east": {"uv": [4.71146, 2.52964, 4.74308, 14.19763], "texture": "#0"},
				"south": {"uv": [4.71146, 2.52964, 4.74308, 14.19763], "texture": "#0"},
				"west": {"uv": [4.71146, 2.52964, 4.74308, 14.19763], "texture": "#0"},
				"up": {"uv": [4.74308, 2.52964, 4.71146, 2.56126], "rotation": 180, "texture": "#0"},
				"down": {"uv": [4.71146, 14.16601, 4.74308, 14.19763], "texture": "#0"}
			}
		},
		{
			"name": "Custom dimensions 506x506 px (2)_52",
			"from": [4.67984, -0.19763, 8],
			"to": [4.71146, 11.43874, 9.03162],
			"faces": {
				"north": {"uv": [4.67984, 14.19763, 4.71146, 2.56126], "rotation": 180, "texture": "#0"},
				"east": {"uv": [4.67984, 2.56126, 4.71146, 14.19763], "texture": "#0"},
				"south": {"uv": [4.67984, 2.56126, 4.71146, 14.19763], "texture": "#0"},
				"west": {"uv": [4.67984, 2.56126, 4.71146, 14.19763], "texture": "#0"},
				"up": {"uv": [4.71146, 2.56126, 4.67984, 2.59289], "rotation": 180, "texture": "#0"},
				"down": {"uv": [4.67984, 14.16601, 4.71146, 14.19763], "texture": "#0"}
			}
		},
		{
			"name": "Custom dimensions 506x506 px (2)_53",
			"from": [4.64822, -0.19763, 8],
			"to": [4.67984, 11.34387, 9.03162],
			"faces": {
				"north": {"uv": [4.64822, 14.19763, 4.67984, 2.65613], "rotation": 180, "texture": "#0"},
				"east": {"uv": [4.64822, 2.65613, 4.67984, 14.19763], "texture": "#0"},
				"south": {"uv": [4.64822, 2.65613, 4.67984, 14.19763], "texture": "#0"},
				"west": {"uv": [4.64822, 2.65613, 4.67984, 14.19763], "texture": "#0"},
				"up": {"uv": [4.67984, 2.65613, 4.64822, 2.68775], "rotation": 180, "texture": "#0"},
				"down": {"uv": [4.64822, 14.16601, 4.67984, 14.19763], "texture": "#0"}
			}
		},
		{
			"name": "Custom dimensions 506x506 px (2)_54",
			"from": [4.58498, -0.19763, 8],
			"to": [4.6166, 11.28063, 9.03162],
			"faces": {
				"north": {"uv": [4.58498, 14.19763, 4.6166, 2.71937], "rotation": 180, "texture": "#0"},
				"east": {"uv": [4.58498, 2.71937, 4.6166, 14.19763], "texture": "#0"},
				"south": {"uv": [4.58498, 2.71937, 4.6166, 14.19763], "texture": "#0"},
				"west": {"uv": [4.58498, 2.71937, 4.6166, 14.19763], "texture": "#0"},
				"up": {"uv": [4.6166, 2.71937, 4.58498, 2.75099], "rotation": 180, "texture": "#0"},
				"down": {"uv": [4.58498, 14.16601, 4.6166, 14.19763], "texture": "#0"}
			}
		},
		{
			"name": "Custom dimensions 506x506 px (2)_55",
			"from": [4.6166, -0.19763, 8],
			"to": [4.64822, 11.24901, 9.03162],
			"faces": {
				"north": {"uv": [4.6166, 14.19763, 4.64822, 2.75099], "rotation": 180, "texture": "#0"},
				"east": {"uv": [4.6166, 2.75099, 4.64822, 14.19763], "texture": "#0"},
				"south": {"uv": [4.6166, 2.75099, 4.64822, 14.19763], "texture": "#0"},
				"west": {"uv": [4.6166, 2.75099, 4.64822, 14.19763], "texture": "#0"},
				"up": {"uv": [4.64822, 2.75099, 4.6166, 2.78261], "rotation": 180, "texture": "#0"},
				"down": {"uv": [4.6166, 14.16601, 4.64822, 14.19763], "texture": "#0"}
			}
		},
		{
			"name": "Custom dimensions 506x506 px (2)_56",
			"from": [12.17391, 4.29249, 8],
			"to": [12.23715, 11.18577, 9.03162],
			"faces": {
				"north": {"uv": [12.17391, 9.70751, 12.23715, 2.81423], "rotation": 180, "texture": "#0"},
				"east": {"uv": [12.20553, 2.81423, 12.23715, 9.70751], "texture": "#0"},
				"south": {"uv": [12.17391, 2.81423, 12.23715, 9.70751], "texture": "#0"},
				"west": {"uv": [12.17391, 2.81423, 12.20553, 9.70751], "texture": "#0"},
				"up": {"uv": [12.23715, 2.81423, 12.17391, 2.84585], "rotation": 180, "texture": "#0"},
				"down": {"uv": [12.17391, 9.67589, 12.23715, 9.70751], "texture": "#0"}
			}
		},
		{
			"name": "Custom dimensions 506x506 px (2)_57",
			"from": [4.55336, 6.47431, 8],
			"to": [4.58498, 11.05929, 9.03162],
			"faces": {
				"north": {"uv": [4.55336, 7.52569, 4.58498, 2.94071], "rotation": 180, "texture": "#0"},
				"east": {"uv": [4.55336, 2.94071, 4.58498, 7.52569], "texture": "#0"},
				"south": {"uv": [4.55336, 2.94071, 4.58498, 7.52569], "texture": "#0"},
				"west": {"uv": [4.55336, 2.94071, 4.58498, 7.52569], "texture": "#0"},
				"up": {"uv": [4.58498, 2.94071, 4.55336, 2.97233], "rotation": 180, "texture": "#0"},
				"down": {"uv": [4.55336, 7.49407, 4.58498, 7.52569], "texture": "#0"}
			}
		},
		{
			"name": "Custom dimensions 506x506 px (2)_58",
			"from": [4.52174, 6.50593, 8],
			"to": [4.55336, 11.02767, 9.03162],
			"faces": {
				"north": {"uv": [4.52174, 7.49407, 4.55336, 2.97233], "rotation": 180, "texture": "#0"},
				"east": {"uv": [4.52174, 2.97233, 4.55336, 7.49407], "texture": "#0"},
				"south": {"uv": [4.52174, 2.97233, 4.55336, 7.49407], "texture": "#0"},
				"west": {"uv": [4.52174, 2.97233, 4.55336, 7.49407], "texture": "#0"},
				"up": {"uv": [4.55336, 2.97233, 4.52174, 3.00395], "rotation": 180, "texture": "#0"},
				"down": {"uv": [4.52174, 7.46245, 4.55336, 7.49407], "texture": "#0"}
			}
		},
		{
			"name": "Custom dimensions 506x506 px (2)_59",
			"from": [4.49012, 6.56917, 8],
			"to": [4.52174, 10.90119, 9.03162],
			"faces": {
				"north": {"uv": [4.49012, 7.43083, 4.52174, 3.09881], "rotation": 180, "texture": "#0"},
				"east": {"uv": [4.49012, 3.09881, 4.52174, 7.43083], "texture": "#0"},
				"south": {"uv": [4.49012, 3.09881, 4.52174, 7.43083], "texture": "#0"},
				"west": {"uv": [4.49012, 3.09881, 4.52174, 7.43083], "texture": "#0"},
				"up": {"uv": [4.52174, 3.09881, 4.49012, 3.13043], "rotation": 180, "texture": "#0"},
				"down": {"uv": [4.49012, 7.39921, 4.52174, 7.43083], "texture": "#0"}
			}
		},
		{
			"name": "Custom dimensions 506x506 px (2)_60",
			"from": [12.23715, 4.29249, 8],
			"to": [12.3004, 10.90119, 9.03162],
			"faces": {
				"north": {"uv": [12.23715, 9.70751, 12.3004, 3.09881], "rotation": 180, "texture": "#0"},
				"east": {"uv": [12.26877, 3.09881, 12.3004, 9.70751], "texture": "#0"},
				"south": {"uv": [12.23715, 3.09881, 12.3004, 9.70751], "texture": "#0"},
				"west": {"uv": [12.23715, 3.09881, 12.26877, 9.70751], "texture": "#0"},
				"up": {"uv": [12.3004, 3.09881, 12.23715, 3.13043], "rotation": 180, "texture": "#0"},
				"down": {"uv": [12.23715, 9.67589, 12.3004, 9.70751], "texture": "#0"}
			}
		},
		{
			"name": "Custom dimensions 506x506 px (2)_61",
			"from": [12.3004, 4.29249, 8],
			"to": [12.33202, 10.86957, 9.03162],
			"faces": {
				"north": {"uv": [12.3004, 9.70751, 12.33202, 3.13043], "rotation": 180, "texture": "#0"},
				"east": {"uv": [12.3004, 3.13043, 12.33202, 9.70751], "texture": "#0"},
				"south": {"uv": [12.3004, 3.13043, 12.33202, 9.70751], "texture": "#0"},
				"west": {"uv": [12.3004, 3.13043, 12.33202, 9.70751], "texture": "#0"},
				"up": {"uv": [12.33202, 3.13043, 12.3004, 3.16206], "rotation": 180, "texture": "#0"},
				"down": {"uv": [12.3004, 9.67589, 12.33202, 9.70751], "texture": "#0"}
			}
		},
		{
			"name": "Custom dimensions 506x506 px (2)_62",
			"from": [4.42688, 6.66403, 8],
			"to": [4.49012, 10.80632, 9.03162],
			"faces": {
				"north": {"uv": [4.42688, 7.33597, 4.49012, 3.19368], "rotation": 180, "texture": "#0"},
				"east": {"uv": [4.4585, 3.19368, 4.49012, 7.33597], "texture": "#0"},
				"south": {"uv": [4.42688, 3.19368, 4.49012, 7.33597], "texture": "#0"},
				"west": {"uv": [4.42688, 3.19368, 4.4585, 7.33597], "texture": "#0"},
				"up": {"uv": [4.49012, 3.19368, 4.42688, 3.2253], "rotation": 180, "texture": "#0"},
				"down": {"uv": [4.42688, 7.30435, 4.49012, 7.33597], "texture": "#0"}
			}
		},
		{
			"name": "Custom dimensions 506x506 px (2)_63",
			"from": [4.36364, 6.79051, 8],
			"to": [4.39526, 10.64822, 9.03162],
			"faces": {
				"north": {"uv": [4.36364, 7.20949, 4.39526, 3.35178], "rotation": 180, "texture": "#0"},
				"east": {"uv": [4.36364, 3.35178, 4.39526, 7.20949], "texture": "#0"},
				"south": {"uv": [4.36364, 3.35178, 4.39526, 7.20949], "texture": "#0"},
				"west": {"uv": [4.36364, 3.35178, 4.39526, 7.20949], "texture": "#0"},
				"up": {"uv": [4.39526, 3.35178, 4.36364, 3.3834], "rotation": 180, "texture": "#0"},
				"down": {"uv": [4.36364, 7.17787, 4.39526, 7.20949], "texture": "#0"}
			}
		},
		{
			"name": "Custom dimensions 506x506 px (2)_64",
			"from": [12.33202, 5.05138, 8],
			"to": [12.39526, 10.64822, 9.03162],
			"faces": {
				"north": {"uv": [12.33202, 8.94862, 12.39526, 3.35178], "rotation": 180, "texture": "#0"},
				"east": {"uv": [12.36364, 3.35178, 12.39526, 8.94862], "texture": "#0"},
				"south": {"uv": [12.33202, 3.35178, 12.39526, 8.94862], "texture": "#0"},
				"west": {"uv": [12.33202, 3.35178, 12.36364, 8.94862], "texture": "#0"},
				"up": {"uv": [12.39526, 3.35178, 12.33202, 3.3834], "rotation": 180, "texture": "#0"},
				"down": {"uv": [12.33202, 8.917, 12.39526, 8.94862], "texture": "#0"}
			}
		},
		{
			"name": "Custom dimensions 506x506 px (2)_65",
			"from": [4.39526, 6.79051, 8],
			"to": [4.42688, 10.58498, 9.03162],
			"faces": {
				"north": {"uv": [4.39526, 7.20949, 4.42688, 3.41502], "rotation": 180, "texture": "#0"},
				"east": {"uv": [4.39526, 3.41502, 4.42688, 7.20949], "texture": "#0"},
				"south": {"uv": [4.39526, 3.41502, 4.42688, 7.20949], "texture": "#0"},
				"west": {"uv": [4.39526, 3.41502, 4.42688, 7.20949], "texture": "#0"},
				"up": {"uv": [4.42688, 3.41502, 4.39526, 3.44664], "rotation": 180, "texture": "#0"},
				"down": {"uv": [4.39526, 7.17787, 4.42688, 7.20949], "texture": "#0"}
			}
		},
		{
			"name": "Custom dimensions 506x506 px (2)_66",
			"from": [12.39526, 5.33597, 8],
			"to": [12.4585, 10.42688, 9.03162],
			"faces": {
				"north": {"uv": [12.39526, 8.66403, 12.4585, 3.57312], "rotation": 180, "texture": "#0"},
				"east": {"uv": [12.42688, 3.57312, 12.4585, 8.66403], "texture": "#0"},
				"south": {"uv": [12.39526, 3.57312, 12.4585, 8.66403], "texture": "#0"},
				"west": {"uv": [12.39526, 3.57312, 12.42688, 8.66403], "texture": "#0"},
				"up": {"uv": [12.4585, 3.57312, 12.39526, 3.60474], "rotation": 180, "texture": "#0"},
				"down": {"uv": [12.39526, 8.63241, 12.4585, 8.66403], "texture": "#0"}
			}
		},
		{
			"name": "Custom dimensions 506x506 px (2)_67",
			"from": [4.33202, 7.01186, 8],
			"to": [4.36364, 10.36364, 9.03162],
			"faces": {
				"north": {"uv": [4.33202, 6.98814, 4.36364, 3.63636], "rotation": 180, "texture": "#0"},
				"east": {"uv": [4.33202, 3.63636, 4.36364, 6.98814], "texture": "#0"},
				"south": {"uv": [4.33202, 3.63636, 4.36364, 6.98814], "texture": "#0"},
				"west": {"uv": [4.33202, 3.63636, 4.36364, 6.98814], "texture": "#0"},
				"up": {"uv": [4.36364, 3.63636, 4.33202, 3.66798], "rotation": 180, "texture": "#0"},
				"down": {"uv": [4.33202, 6.95652, 4.36364, 6.98814], "texture": "#0"}
			}
		},
		{
			"name": "Custom dimensions 506x506 px (2)_68",
			"from": [4.3004, 7.04348, 8],
			"to": [4.33202, 10.33202, 9.03162],
			"faces": {
				"north": {"uv": [4.3004, 6.95652, 4.33202, 3.66798], "rotation": 180, "texture": "#0"},
				"east": {"uv": [4.3004, 3.66798, 4.33202, 6.95652], "texture": "#0"},
				"south": {"uv": [4.3004, 3.66798, 4.33202, 6.95652], "texture": "#0"},
				"west": {"uv": [4.3004, 3.66798, 4.33202, 6.95652], "texture": "#0"},
				"up": {"uv": [4.33202, 3.66798, 4.3004, 3.6996], "rotation": 180, "texture": "#0"},
				"down": {"uv": [4.3004, 6.9249, 4.33202, 6.95652], "texture": "#0"}
			}
		},
		{
			"name": "Custom dimensions 506x506 px (2)_69",
			"from": [4.26877, 7.0751, 8],
			"to": [4.3004, 10.3004, 9.03162],
			"faces": {
				"north": {"uv": [4.26877, 6.9249, 4.3004, 3.6996], "rotation": 180, "texture": "#0"},
				"east": {"uv": [4.26877, 3.6996, 4.3004, 6.9249], "texture": "#0"},
				"south": {"uv": [4.26877, 3.6996, 4.3004, 6.9249], "texture": "#0"},
				"west": {"uv": [4.26877, 3.6996, 4.3004, 6.9249], "texture": "#0"},
				"up": {"uv": [4.3004, 3.6996, 4.26877, 3.73123], "rotation": 180, "texture": "#0"},
				"down": {"uv": [4.26877, 6.89328, 4.3004, 6.9249], "texture": "#0"}
			}
		},
		{
			"name": "Custom dimensions 506x506 px (2)_70",
			"from": [12.4585, 7.3913, 8],
			"to": [12.49012, 10.17391, 9.03162],
			"faces": {
				"north": {"uv": [12.4585, 6.6087, 12.49012, 3.82609], "rotation": 180, "texture": "#0"},
				"east": {"uv": [12.4585, 3.82609, 12.49012, 6.6087], "texture": "#0"},
				"south": {"uv": [12.4585, 3.82609, 12.49012, 6.6087], "texture": "#0"},
				"west": {"uv": [12.4585, 3.82609, 12.49012, 6.6087], "texture": "#0"},
				"up": {"uv": [12.49012, 3.82609, 12.4585, 3.85771], "rotation": 180, "texture": "#0"},
				"down": {"uv": [12.4585, 6.57708, 12.49012, 6.6087], "texture": "#0"}
			}
		},
		{
			"name": "Custom dimensions 506x506 px (2)_71",
			"from": [4.23715, 7.32806, 8],
			"to": [4.26877, 10.07905, 9.03162],
			"faces": {
				"north": {"uv": [4.23715, 6.67194, 4.26877, 3.92095], "rotation": 180, "texture": "#0"},
				"east": {"uv": [4.23715, 3.92095, 4.26877, 6.67194], "texture": "#0"},
				"south": {"uv": [4.23715, 3.92095, 4.26877, 6.67194], "texture": "#0"},
				"west": {"uv": [4.23715, 3.92095, 4.26877, 6.67194], "texture": "#0"},
				"up": {"uv": [4.26877, 3.92095, 4.23715, 3.95257], "rotation": 180, "texture": "#0"},
				"down": {"uv": [4.23715, 6.64032, 4.26877, 6.67194], "texture": "#0"}
			}
		},
		{
			"name": "Custom dimensions 506x506 px (2)_72",
			"from": [4.20553, 7.32806, 8],
			"to": [4.23715, 10.04743, 9.03162],
			"faces": {
				"north": {"uv": [4.20553, 6.67194, 4.23715, 3.95257], "rotation": 180, "texture": "#0"},
				"east": {"uv": [4.20553, 3.95257, 4.23715, 6.67194], "texture": "#0"},
				"south": {"uv": [4.20553, 3.95257, 4.23715, 6.67194], "texture": "#0"},
				"west": {"uv": [4.20553, 3.95257, 4.23715, 6.67194], "texture": "#0"},
				"up": {"uv": [4.23715, 3.95257, 4.20553, 3.98419], "rotation": 180, "texture": "#0"},
				"down": {"uv": [4.20553, 6.64032, 4.23715, 6.67194], "texture": "#0"}
			}
		},
		{
			"name": "Custom dimensions 506x506 px (2)_73",
			"from": [12.49012, 7.48617, 8],
			"to": [12.55336, 10.04743, 9.03162],
			"faces": {
				"north": {"uv": [12.49012, 6.51383, 12.55336, 3.95257], "rotation": 180, "texture": "#0"},
				"east": {"uv": [12.52174, 3.95257, 12.55336, 6.51383], "texture": "#0"},
				"south": {"uv": [12.49012, 3.95257, 12.55336, 6.51383], "texture": "#0"},
				"west": {"uv": [12.49012, 3.95257, 12.52174, 6.51383], "texture": "#0"},
				"up": {"uv": [12.55336, 3.95257, 12.49012, 3.98419], "rotation": 180, "texture": "#0"},
				"down": {"uv": [12.49012, 6.48221, 12.55336, 6.51383], "texture": "#0"}
			}
		},
		{
			"name": "Custom dimensions 506x506 px (2)_74",
			"from": [4.14229, 7.77075, 8],
			"to": [4.20553, 9.88933, 9.03162],
			"faces": {
				"north": {"uv": [4.14229, 6.22925, 4.20553, 4.11067], "rotation": 180, "texture": "#0"},
				"east": {"uv": [4.17391, 4.11067, 4.20553, 6.22925], "texture": "#0"},
				"south": {"uv": [4.14229, 4.11067, 4.20553, 6.22925], "texture": "#0"},
				"west": {"uv": [4.14229, 4.11067, 4.17391, 6.22925], "texture": "#0"},
				"up": {"uv": [4.20553, 4.11067, 4.14229, 4.14229], "rotation": 180, "texture": "#0"},
				"down": {"uv": [4.14229, 6.19763, 4.20553, 6.22925], "texture": "#0"}
			}
		},
		{
			"name": "Custom dimensions 506x506 px (2)_75",
			"from": [12.55336, 7.86561, 8],
			"to": [12.6166, 9.66798, 9.03162],
			"faces": {
				"north": {"uv": [12.55336, 6.13439, 12.6166, 4.33202], "rotation": 180, "texture": "#0"},
				"east": {"uv": [12.58498, 4.33202, 12.6166, 6.13439], "texture": "#0"},
				"south": {"uv": [12.55336, 4.33202, 12.6166, 6.13439], "texture": "#0"},
				"west": {"uv": [12.55336, 4.33202, 12.58498, 6.13439], "texture": "#0"},
				"up": {"uv": [12.6166, 4.33202, 12.55336, 4.36364], "rotation": 180, "texture": "#0"},
				"down": {"uv": [12.55336, 6.10277, 12.6166, 6.13439], "texture": "#0"}
			}
		},
		{
			"name": "Custom dimensions 506x506 px (2)_76",
			"from": [4.11067, 8.40316, 8],
			"to": [4.14229, 9.60474, 9.03162],
			"faces": {
				"north": {"uv": [4.11067, 5.59684, 4.14229, 4.39526], "rotation": 180, "texture": "#0"},
				"east": {"uv": [4.11067, 4.39526, 4.14229, 5.59684], "texture": "#0"},
				"south": {"uv": [4.11067, 4.39526, 4.14229, 5.59684], "texture": "#0"},
				"west": {"uv": [4.11067, 4.39526, 4.14229, 5.59684], "texture": "#0"},
				"up": {"uv": [4.14229, 4.39526, 4.11067, 4.42688], "rotation": 180, "texture": "#0"},
				"down": {"uv": [4.11067, 5.56522, 4.14229, 5.59684], "texture": "#0"}
			}
		},
		{
			"name": "Custom dimensions 506x506 px (2)_77",
			"from": [12.6166, 8.24506, 8],
			"to": [12.64822, 9.13043, 9.03162],
			"faces": {
				"north": {"uv": [12.6166, 5.75494, 12.64822, 4.86957], "rotation": 180, "texture": "#0"},
				"east": {"uv": [12.6166, 4.86957, 12.64822, 5.75494], "texture": "#0"},
				"south": {"uv": [12.6166, 4.86957, 12.64822, 5.75494], "texture": "#0"},
				"west": {"uv": [12.6166, 4.86957, 12.64822, 5.75494], "texture": "#0"},
				"up": {"uv": [12.64822, 4.86957, 12.6166, 4.90119], "rotation": 180, "texture": "#0"},
				"down": {"uv": [12.6166, 5.72332, 12.64822, 5.75494], "texture": "#0"}
			}
		},
		{
			"name": "Custom dimensions 506x506 px (2)_78",
			"from": [12.64822, 8.3083, 8],
			"to": [12.67984, 9.00395, 9.03162],
			"faces": {
				"north": {"uv": [12.64822, 5.6917, 12.67984, 4.99605], "rotation": 180, "texture": "#0"},
				"east": {"uv": [12.64822, 4.99605, 12.67984, 5.6917], "texture": "#0"},
				"south": {"uv": [12.64822, 4.99605, 12.67984, 5.6917], "texture": "#0"},
				"west": {"uv": [12.64822, 4.99605, 12.67984, 5.6917], "texture": "#0"},
				"up": {"uv": [12.67984, 4.99605, 12.64822, 5.02767], "rotation": 180, "texture": "#0"},
				"down": {"uv": [12.64822, 5.66008, 12.67984, 5.6917], "texture": "#0"}
			}
		},
		{
			"name": "Custom dimensions 506x506 px (2)_79",
			"from": [12.6166, 6.63241, 8],
			"to": [12.83794, 7.0751, 9.03162],
			"faces": {
				"north": {"uv": [12.6166, 7.36759, 12.83794, 6.9249], "rotation": 180, "texture": "#0"},
				"east": {"uv": [12.80632, 6.9249, 12.83794, 7.36759], "texture": "#0"},
				"south": {"uv": [12.6166, 6.9249, 12.83794, 7.36759], "texture": "#0"},
				"west": {"uv": [12.6166, 6.9249, 12.64822, 7.36759], "texture": "#0"},
				"up": {"uv": [12.83794, 6.9249, 12.6166, 6.95652], "rotation": 180, "texture": "#0"},
				"down": {"uv": [12.6166, 7.33597, 12.83794, 7.36759], "texture": "#0"}
			}
		},
		{
			"name": "Custom dimensions 506x506 px (2)_80",
			"from": [12.4585, 5.74704, 8],
			"to": [12.6166, 7.01186, 9.03162],
			"faces": {
				"north": {"uv": [12.4585, 8.25296, 12.6166, 6.98814], "rotation": 180, "texture": "#0"},
				"east": {"uv": [12.58498, 6.98814, 12.6166, 8.25296], "texture": "#0"},
				"south": {"uv": [12.4585, 6.98814, 12.6166, 8.25296], "texture": "#0"},
				"west": {"uv": [12.4585, 6.98814, 12.49012, 8.25296], "texture": "#0"},
				"up": {"uv": [12.6166, 6.98814, 12.4585, 7.01976], "rotation": 180, "texture": "#0"},
				"down": {"uv": [12.4585, 8.22134, 12.6166, 8.25296], "texture": "#0"}
			}
		},
		{
			"name": "Custom dimensions 506x506 px (2)_81",
			"from": [12.83794, 6.79051, 8],
			"to": [12.86957, 7.01186, 9.03162],
			"faces": {
				"north": {"uv": [12.83794, 7.20949, 12.86957, 6.98814], "rotation": 180, "texture": "#0"},
				"east": {"uv": [12.83794, 6.98814, 12.86957, 7.20949], "texture": "#0"},
				"south": {"uv": [12.83794, 6.98814, 12.86957, 7.20949], "texture": "#0"},
				"west": {"uv": [12.83794, 6.98814, 12.86957, 7.20949], "texture": "#0"},
				"up": {"uv": [12.86957, 6.98814, 12.83794, 7.01976], "rotation": 180, "texture": "#0"},
				"down": {"uv": [12.83794, 7.17787, 12.86957, 7.20949], "texture": "#0"}
			}
		},
		{
			"name": "Custom dimensions 506x506 px (2)_82",
			"from": [4.4585, 6.63241, 8],
			"to": [4.49012, 6.66403, 9.03162],
			"faces": {
				"north": {"uv": [4.4585, 7.36759, 4.49012, 7.33597], "rotation": 180, "texture": "#0"},
				"east": {"uv": [4.4585, 7.33597, 4.49012, 7.36759], "texture": "#0"},
				"south": {"uv": [4.4585, 7.33597, 4.49012, 7.36759], "texture": "#0"},
				"west": {"uv": [4.4585, 7.33597, 4.49012, 7.36759], "texture": "#0"},
				"up": {"uv": [4.49012, 7.33597, 4.4585, 7.36759], "rotation": 180, "texture": "#0"},
				"down": {"uv": [4.4585, 7.33597, 4.49012, 7.36759], "texture": "#0"}
			}
		},
		{
			"name": "Custom dimensions 506x506 px (2)_83",
			"from": [12.6166, 6.25296, 8],
			"to": [12.7747, 6.63241, 9.03162],
			"faces": {
				"north": {"uv": [12.6166, 7.74704, 12.7747, 7.36759], "rotation": 180, "texture": "#0"},
				"east": {"uv": [12.74308, 7.36759, 12.7747, 7.74704], "texture": "#0"},
				"south": {"uv": [12.6166, 7.36759, 12.7747, 7.74704], "texture": "#0"},
				"west": {"uv": [12.6166, 7.36759, 12.64822, 7.74704], "texture": "#0"},
				"up": {"uv": [12.7747, 7.36759, 12.6166, 7.39921], "rotation": 180, "texture": "#0"},
				"down": {"uv": [12.6166, 7.71542, 12.7747, 7.74704], "texture": "#0"}
			}
		},
		{
			"name": "Custom dimensions 506x506 px (2)_84",
			"from": [4.04743, 5.49407, 8],
			"to": [4.20553, 6.37945, 9.03162],
			"faces": {
				"north": {"uv": [4.04743, 8.50593, 4.20553, 7.62055], "rotation": 180, "texture": "#0"},
				"east": {"uv": [4.17391, 7.62055, 4.20553, 8.50593], "texture": "#0"},
				"south": {"uv": [4.04743, 7.62055, 4.20553, 8.50593], "texture": "#0"},
				"west": {"uv": [4.04743, 7.62055, 4.07905, 8.50593], "texture": "#0"},
				"up": {"uv": [4.20553, 7.62055, 4.04743, 7.65217], "rotation": 180, "texture": "#0"},
				"down": {"uv": [4.04743, 8.47431, 4.20553, 8.50593], "texture": "#0"}
			}
		},
		{
			"name": "Custom dimensions 506x506 px (2)_85",
			"from": [3.98419, 5.65217, 8],
			"to": [4.04743, 6.34783, 9.03162],
			"faces": {
				"north": {"uv": [3.98419, 8.34783, 4.04743, 7.65217], "rotation": 180, "texture": "#0"},
				"east": {"uv": [4.01581, 7.65217, 4.04743, 8.34783], "texture": "#0"},
				"south": {"uv": [3.98419, 7.65217, 4.04743, 8.34783], "texture": "#0"},
				"west": {"uv": [3.98419, 7.65217, 4.01581, 8.34783], "texture": "#0"},
				"up": {"uv": [4.04743, 7.65217, 3.98419, 7.68379], "rotation": 180, "texture": "#0"},
				"down": {"uv": [3.98419, 8.31621, 4.04743, 8.34783], "texture": "#0"}
			}
		},
		{
			"name": "Custom dimensions 506x506 px (2)_86",
			"from": [4.20553, 5.20949, 8],
			"to": [4.26877, 6.31621, 9.03162],
			"faces": {
				"north": {"uv": [4.20553, 8.79051, 4.26877, 7.68379], "rotation": 180, "texture": "#0"},
				"east": {"uv": [4.23715, 7.68379, 4.26877, 8.79051], "texture": "#0"},
				"south": {"uv": [4.20553, 7.68379, 4.26877, 8.79051], "texture": "#0"},
				"west": {"uv": [4.20553, 7.68379, 4.23715, 8.79051], "texture": "#0"},
				"up": {"uv": [4.26877, 7.68379, 4.20553, 7.71542], "rotation": 180, "texture": "#0"},
				"down": {"uv": [4.20553, 8.75889, 4.26877, 8.79051], "texture": "#0"}
			}
		},
		{
			"name": "Custom dimensions 506x506 px (2)_87",
			"from": [4.26877, 5.05138, 8],
			"to": [4.42688, 6.25296, 9.03162],
			"faces": {
				"north": {"uv": [4.26877, 8.94862, 4.42688, 7.74704], "rotation": 180, "texture": "#0"},
				"east": {"uv": [4.39526, 7.74704, 4.42688, 8.94862], "texture": "#0"},
				"south": {"uv": [4.26877, 7.74704, 4.42688, 8.94862], "texture": "#0"},
				"west": {"uv": [4.26877, 7.74704, 4.3004, 8.94862], "texture": "#0"},
				"up": {"uv": [4.42688, 7.74704, 4.26877, 7.77866], "rotation": 180, "texture": "#0"},
				"down": {"uv": [4.26877, 8.917, 4.42688, 8.94862], "texture": "#0"}
			}
		},
		{
			"name": "Custom dimensions 506x506 px (2)_88",
			"from": [12.6166, 6.09486, 8],
			"to": [12.71146, 6.25296, 9.03162],
			"faces": {
				"north": {"uv": [12.6166, 7.90514, 12.71146, 7.74704], "rotation": 180, "texture": "#0"},
				"east": {"uv": [12.67984, 7.74704, 12.71146, 7.90514], "texture": "#0"},
				"south": {"uv": [12.6166, 7.74704, 12.71146, 7.90514], "texture": "#0"},
				"west": {"uv": [12.6166, 7.74704, 12.64822, 7.90514], "texture": "#0"},
				"up": {"uv": [12.71146, 7.74704, 12.6166, 7.77866], "rotation": 180, "texture": "#0"},
				"down": {"uv": [12.6166, 7.87352, 12.71146, 7.90514], "texture": "#0"}
			}
		},
		{
			"name": "Custom dimensions 506x506 px (2)_89",
			"from": [3.95257, 6.03162, 8],
			"to": [3.98419, 6.18972, 9.03162],
			"faces": {
				"north": {"uv": [3.95257, 7.96838, 3.98419, 7.81028], "rotation": 180, "texture": "#0"},
				"east": {"uv": [3.95257, 7.81028, 3.98419, 7.96838], "texture": "#0"},
				"south": {"uv": [3.95257, 7.81028, 3.98419, 7.96838], "texture": "#0"},
				"west": {"uv": [3.95257, 7.81028, 3.98419, 7.96838], "texture": "#0"},
				"up": {"uv": [3.98419, 7.81028, 3.95257, 7.8419], "rotation": 180, "texture": "#0"},
				"down": {"uv": [3.95257, 7.93676, 3.98419, 7.96838], "texture": "#0"}
			}
		},
		{
			"name": "Custom dimensions 506x506 px (2)_90",
			"from": [4.42688, 4.67194, 8],
			"to": [4.58498, 6.18972, 9.03162],
			"faces": {
				"north": {"uv": [4.42688, 9.32806, 4.58498, 7.81028], "rotation": 180, "texture": "#0"},
				"east": {"uv": [4.55336, 7.81028, 4.58498, 9.32806], "texture": "#0"},
				"south": {"uv": [4.42688, 7.81028, 4.58498, 9.32806], "texture": "#0"},
				"west": {"uv": [4.42688, 7.81028, 4.4585, 9.32806], "texture": "#0"},
				"up": {"uv": [4.58498, 7.81028, 4.42688, 7.8419], "rotation": 180, "texture": "#0"},
				"down": {"uv": [4.42688, 9.29644, 4.58498, 9.32806], "texture": "#0"}
			}
		},
		{
			"name": "Custom dimensions 506x506 px (2)_91",
			"from": [12.6166, 5.96838, 8],
			"to": [12.67984, 6.09486, 9.03162],
			"faces": {
				"north": {"uv": [12.6166, 8.03162, 12.67984, 7.90514], "rotation": 180, "texture": "#0"},
				"east": {"uv": [12.64822, 7.90514, 12.67984, 8.03162], "texture": "#0"},
				"south": {"uv": [12.6166, 7.90514, 12.67984, 8.03162], "texture": "#0"},
				"west": {"uv": [12.6166, 7.90514, 12.64822, 8.03162], "texture": "#0"},
				"up": {"uv": [12.67984, 7.90514, 12.6166, 7.93676], "rotation": 180, "texture": "#0"},
				"down": {"uv": [12.6166, 8, 12.67984, 8.03162], "texture": "#0"}
			}
		},
		{
			"name": "Custom dimensions 506x506 px (2)_92",
			"from": [12.4585, 5.55731, 8],
			"to": [12.55336, 5.74704, 9.03162],
			"faces": {
				"north": {"uv": [12.4585, 8.44269, 12.55336, 8.25296], "rotation": 180, "texture": "#0"},
				"east": {"uv": [12.52174, 8.25296, 12.55336, 8.44269], "texture": "#0"},
				"south": {"uv": [12.4585, 8.25296, 12.55336, 8.44269], "texture": "#0"},
				"west": {"uv": [12.4585, 8.25296, 12.49012, 8.44269], "texture": "#0"},
				"up": {"uv": [12.55336, 8.25296, 12.4585, 8.28458], "rotation": 180, "texture": "#0"},
				"down": {"uv": [12.4585, 8.41107, 12.55336, 8.44269], "texture": "#0"}
			}
		},
		{
			"name": "Custom dimensions 506x506 px (2)_93",
			"from": [12.4585, 5.49407, 8],
			"to": [12.49012, 5.55731, 9.03162],
			"faces": {
				"north": {"uv": [12.4585, 8.50593, 12.49012, 8.44269], "rotation": 180, "texture": "#0"},
				"east": {"uv": [12.4585, 8.44269, 12.49012, 8.50593], "texture": "#0"},
				"south": {"uv": [12.4585, 8.44269, 12.49012, 8.50593], "texture": "#0"},
				"west": {"uv": [12.4585, 8.44269, 12.49012, 8.50593], "texture": "#0"},
				"up": {"uv": [12.49012, 8.44269, 12.4585, 8.47431], "rotation": 180, "texture": "#0"},
				"down": {"uv": [12.4585, 8.47431, 12.49012, 8.50593], "texture": "#0"}
			}
		},
		{
			"name": "Custom dimensions 506x506 px (2)_94",
			"from": [4.11067, 5.43083, 8],
			"to": [4.20553, 5.49407, 9.03162],
			"faces": {
				"north": {"uv": [4.11067, 8.56917, 4.20553, 8.50593], "rotation": 180, "texture": "#0"},
				"east": {"uv": [4.17391, 8.50593, 4.20553, 8.56917], "texture": "#0"},
				"south": {"uv": [4.11067, 8.50593, 4.20553, 8.56917], "texture": "#0"},
				"west": {"uv": [4.11067, 8.50593, 4.14229, 8.56917], "texture": "#0"},
				"up": {"uv": [4.20553, 8.50593, 4.11067, 8.53755], "rotation": 180, "texture": "#0"},
				"down": {"uv": [4.11067, 8.53755, 4.20553, 8.56917], "texture": "#0"}
			}
		},
		{
			"name": "Custom dimensions 506x506 px (2)_95",
			"from": [4.14229, 5.33597, 8],
			"to": [4.20553, 5.43083, 9.03162],
			"faces": {
				"north": {"uv": [4.14229, 8.66403, 4.20553, 8.56917], "rotation": 180, "texture": "#0"},
				"east": {"uv": [4.17391, 8.56917, 4.20553, 8.66403], "texture": "#0"},
				"south": {"uv": [4.14229, 8.56917, 4.20553, 8.66403], "texture": "#0"},
				"west": {"uv": [4.14229, 8.56917, 4.17391, 8.66403], "texture": "#0"},
				"up": {"uv": [4.20553, 8.56917, 4.14229, 8.60079], "rotation": 180, "texture": "#0"},
				"down": {"uv": [4.14229, 8.63241, 4.20553, 8.66403], "texture": "#0"}
			}
		},
		{
			"name": "Custom dimensions 506x506 px (2)_96",
			"from": [12.39526, 5.30435, 8],
			"to": [12.42688, 5.33597, 9.03162],
			"faces": {
				"north": {"uv": [12.39526, 8.69565, 12.42688, 8.66403], "rotation": 180, "texture": "#0"},
				"east": {"uv": [12.39526, 8.66403, 12.42688, 8.69565], "texture": "#0"},
				"south": {"uv": [12.39526, 8.66403, 12.42688, 8.69565], "texture": "#0"},
				"west": {"uv": [12.39526, 8.66403, 12.42688, 8.69565], "texture": "#0"},
				"up": {"uv": [12.42688, 8.66403, 12.39526, 8.69565], "rotation": 180, "texture": "#0"},
				"down": {"uv": [12.39526, 8.66403, 12.42688, 8.69565], "texture": "#0"}
			}
		},
		{
			"name": "Custom dimensions 506x506 px (2)_97",
			"from": [4.3004, 5.01976, 8],
			"to": [4.42688, 5.05138, 9.03162],
			"faces": {
				"north": {"uv": [4.3004, 8.98024, 4.42688, 8.94862], "rotation": 180, "texture": "#0"},
				"east": {"uv": [4.39526, 8.94862, 4.42688, 8.98024], "texture": "#0"},
				"south": {"uv": [4.3004, 8.94862, 4.42688, 8.98024], "texture": "#0"},
				"west": {"uv": [4.3004, 8.94862, 4.33202, 8.98024], "texture": "#0"},
				"up": {"uv": [4.42688, 8.94862, 4.3004, 8.98024], "rotation": 180, "texture": "#0"},
				"down": {"uv": [4.3004, 8.94862, 4.42688, 8.98024], "texture": "#0"}
			}
		},
		{
			"name": "Custom dimensions 506x506 px (2)_98",
			"from": [4.33202, 4.98814, 8],
			"to": [4.42688, 5.01976, 9.03162],
			"faces": {
				"north": {"uv": [4.33202, 9.01186, 4.42688, 8.98024], "rotation": 180, "texture": "#0"},
				"east": {"uv": [4.39526, 8.98024, 4.42688, 9.01186], "texture": "#0"},
				"south": {"uv": [4.33202, 8.98024, 4.42688, 9.01186], "texture": "#0"},
				"west": {"uv": [4.33202, 8.98024, 4.36364, 9.01186], "texture": "#0"},
				"up": {"uv": [4.42688, 8.98024, 4.33202, 9.01186], "rotation": 180, "texture": "#0"},
				"down": {"uv": [4.33202, 8.98024, 4.42688, 9.01186], "texture": "#0"}
			}
		},
		{
			"name": "Custom dimensions 506x506 px (2)_99",
			"from": [4.36364, 4.83004, 8],
			"to": [4.42688, 4.98814, 9.03162],
			"faces": {
				"north": {"uv": [4.36364, 9.16996, 4.42688, 9.01186], "rotation": 180, "texture": "#0"},
				"east": {"uv": [4.39526, 9.01186, 4.42688, 9.16996], "texture": "#0"},
				"south": {"uv": [4.36364, 9.01186, 4.42688, 9.16996], "texture": "#0"},
				"west": {"uv": [4.36364, 9.01186, 4.39526, 9.16996], "texture": "#0"},
				"up": {"uv": [4.42688, 9.01186, 4.36364, 9.04348], "rotation": 180, "texture": "#0"},
				"down": {"uv": [4.36364, 9.13834, 4.42688, 9.16996], "texture": "#0"}
			}
		},
		{
			"name": "Custom dimensions 506x506 px (2)_100",
			"from": [4.49012, 4.6087, 8],
			"to": [4.58498, 4.67194, 9.03162],
			"faces": {
				"north": {"uv": [4.49012, 9.3913, 4.58498, 9.32806], "rotation": 180, "texture": "#0"},
				"east": {"uv": [4.55336, 9.32806, 4.58498, 9.3913], "texture": "#0"},
				"south": {"uv": [4.49012, 9.32806, 4.58498, 9.3913], "texture": "#0"},
				"west": {"uv": [4.49012, 9.32806, 4.52174, 9.3913], "texture": "#0"},
				"up": {"uv": [4.58498, 9.32806, 4.49012, 9.35968], "rotation": 180, "texture": "#0"},
				"down": {"uv": [4.49012, 9.35968, 4.58498, 9.3913], "texture": "#0"}
			}
		},
		{
			"name": "Custom dimensions 506x506 px (2)_101",
			"from": [12.33202, 4.35573, 8],
			"to": [12.39526, 4.64032, 9.03162],
			"faces": {
				"north": {"uv": [12.33202, 9.64427, 12.39526, 9.35968], "rotation": 180, "texture": "#0"},
				"east": {"uv": [12.36364, 9.35968, 12.39526, 9.64427], "texture": "#0"},
				"south": {"uv": [12.33202, 9.35968, 12.39526, 9.64427], "texture": "#0"},
				"west": {"uv": [12.33202, 9.35968, 12.36364, 9.64427], "texture": "#0"},
				"up": {"uv": [12.39526, 9.35968, 12.33202, 9.3913], "rotation": 180, "texture": "#0"},
				"down": {"uv": [12.33202, 9.61265, 12.39526, 9.64427], "texture": "#0"}
			}
		},
		{
			"name": "Custom dimensions 506x506 px (2)_102",
			"from": [4.52174, 4.51383, 8],
			"to": [4.58498, 4.6087, 9.03162],
			"faces": {
				"north": {"uv": [4.52174, 9.48617, 4.58498, 9.3913], "rotation": 180, "texture": "#0"},
				"east": {"uv": [4.55336, 9.3913, 4.58498, 9.48617], "texture": "#0"},
				"south": {"uv": [4.52174, 9.3913, 4.58498, 9.48617], "texture": "#0"},
				"west": {"uv": [4.52174, 9.3913, 4.55336, 9.48617], "texture": "#0"},
				"up": {"uv": [4.58498, 9.3913, 4.52174, 9.42292], "rotation": 180, "texture": "#0"},
				"down": {"uv": [4.52174, 9.45455, 4.58498, 9.48617], "texture": "#0"}
			}
		},
		{
			"name": "Custom dimensions 506x506 px (2)_103",
			"from": [4.55336, 4.48221, 8],
			"to": [4.58498, 4.51383, 9.03162],
			"faces": {
				"north": {"uv": [4.55336, 9.51779, 4.58498, 9.48617], "rotation": 180, "texture": "#0"},
				"east": {"uv": [4.55336, 9.48617, 4.58498, 9.51779], "texture": "#0"},
				"south": {"uv": [4.55336, 9.48617, 4.58498, 9.51779], "texture": "#0"},
				"west": {"uv": [4.55336, 9.48617, 4.58498, 9.51779], "texture": "#0"},
				"up": {"uv": [4.58498, 9.48617, 4.55336, 9.51779], "rotation": 180, "texture": "#0"},
				"down": {"uv": [4.55336, 9.48617, 4.58498, 9.51779], "texture": "#0"}
			}
		},
		{
			"name": "Custom dimensions 506x506 px (2)_104",
			"from": [4.55336, -0.19763, 8],
			"to": [4.58498, 4.19763, 9.03162],
			"faces": {
				"north": {"uv": [4.55336, 14.19763, 4.58498, 9.80237], "rotation": 180, "texture": "#0"},
				"east": {"uv": [4.55336, 9.80237, 4.58498, 14.19763], "texture": "#0"},
				"south": {"uv": [4.55336, 9.80237, 4.58498, 14.19763], "texture": "#0"},
				"west": {"uv": [4.55336, 9.80237, 4.58498, 14.19763], "texture": "#0"},
				"up": {"uv": [4.58498, 9.80237, 4.55336, 9.83399], "rotation": 180, "texture": "#0"},
				"down": {"uv": [4.55336, 14.16601, 4.58498, 14.19763], "texture": "#0"}
			}
		},
		{
			"name": "Custom dimensions 506x506 px (2)_105",
			"from": [4.52174, -0.19763, 8],
			"to": [4.55336, 4.13439, 9.03162],
			"faces": {
				"north": {"uv": [4.52174, 14.19763, 4.55336, 9.86561], "rotation": 180, "texture": "#0"},
				"east": {"uv": [4.52174, 9.86561, 4.55336, 14.19763], "texture": "#0"},
				"south": {"uv": [4.52174, 9.86561, 4.55336, 14.19763], "texture": "#0"},
				"west": {"uv": [4.52174, 9.86561, 4.55336, 14.19763], "texture": "#0"},
				"up": {"uv": [4.55336, 9.86561, 4.52174, 9.89723], "rotation": 180, "texture": "#0"},
				"down": {"uv": [4.52174, 14.16601, 4.55336, 14.19763], "texture": "#0"}
			}
		},
		{
			"name": "Custom dimensions 506x506 px (2)_106",
			"from": [4.49012, -0.19763, 8],
			"to": [4.52174, 4.03953, 9.03162],
			"faces": {
				"north": {"uv": [4.49012, 14.19763, 4.52174, 9.96047], "rotation": 180, "texture": "#0"},
				"east": {"uv": [4.49012, 9.96047, 4.52174, 14.19763], "texture": "#0"},
				"south": {"uv": [4.49012, 9.96047, 4.52174, 14.19763], "texture": "#0"},
				"west": {"uv": [4.49012, 9.96047, 4.52174, 14.19763], "texture": "#0"},
				"up": {"uv": [4.52174, 9.96047, 4.49012, 9.99209], "rotation": 180, "texture": "#0"},
				"down": {"uv": [4.49012, 14.16601, 4.52174, 14.19763], "texture": "#0"}
			}
		},
		{
			"name": "Custom dimensions 506x506 px (2)_107",
			"from": [4.42688, -0.19763, 8],
			"to": [4.49012, 3.97628, 9.03162],
			"faces": {
				"north": {"uv": [4.42688, 14.19763, 4.49012, 10.02372], "rotation": 180, "texture": "#0"},
				"east": {"uv": [4.4585, 10.02372, 4.49012, 14.19763], "texture": "#0"},
				"south": {"uv": [4.42688, 10.02372, 4.49012, 14.19763], "texture": "#0"},
				"west": {"uv": [4.42688, 10.02372, 4.4585, 14.19763], "texture": "#0"},
				"up": {"uv": [4.49012, 10.02372, 4.42688, 10.05534], "rotation": 180, "texture": "#0"},
				"down": {"uv": [4.42688, 14.16601, 4.49012, 14.19763], "texture": "#0"}
			}
		},
		{
			"name": "Custom dimensions 506x506 px (2)_108",
			"from": [4.36364, -0.19763, 8],
			"to": [4.42688, 3.88142, 9.03162],
			"faces": {
				"north": {"uv": [4.36364, 14.19763, 4.42688, 10.11858], "rotation": 180, "texture": "#0"},
				"east": {"uv": [4.39526, 10.11858, 4.42688, 14.19763], "texture": "#0"},
				"south": {"uv": [4.36364, 10.11858, 4.42688, 14.19763], "texture": "#0"},
				"west": {"uv": [4.36364, 10.11858, 4.39526, 14.19763], "texture": "#0"},
				"up": {"uv": [4.42688, 10.11858, 4.36364, 10.1502], "rotation": 180, "texture": "#0"},
				"down": {"uv": [4.36364, 14.16601, 4.42688, 14.19763], "texture": "#0"}
			}
		},
		{
			"name": "Custom dimensions 506x506 px (2)_109",
			"from": [4.20553, -0.19763, 8],
			"to": [4.36364, 3.81818, 9.03162],
			"faces": {
				"north": {"uv": [4.20553, 14.19763, 4.36364, 10.18182], "rotation": 180, "texture": "#0"},
				"east": {"uv": [4.33202, 10.18182, 4.36364, 14.19763], "texture": "#0"},
				"south": {"uv": [4.20553, 10.18182, 4.36364, 14.19763], "texture": "#0"},
				"west": {"uv": [4.20553, 10.18182, 4.23715, 14.19763], "texture": "#0"},
				"up": {"uv": [4.36364, 10.18182, 4.20553, 10.21344], "rotation": 180, "texture": "#0"},
				"down": {"uv": [4.20553, 14.16601, 4.36364, 14.19763], "texture": "#0"}
			}
		},
		{
			"name": "Custom dimensions 506x506 px (2)_110",
			"from": [4.04743, -0.19763, 8],
			"to": [4.20553, 3.75494, 9.03162],
			"faces": {
				"north": {"uv": [4.04743, 14.19763, 4.20553, 10.24506], "rotation": 180, "texture": "#0"},
				"east": {"uv": [4.17391, 10.24506, 4.20553, 14.19763], "texture": "#0"},
				"south": {"uv": [4.04743, 10.24506, 4.20553, 14.19763], "texture": "#0"},
				"west": {"uv": [4.04743, 10.24506, 4.07905, 14.19763], "texture": "#0"},
				"up": {"uv": [4.20553, 10.24506, 4.04743, 10.27668], "rotation": 180, "texture": "#0"},
				"down": {"uv": [4.04743, 14.16601, 4.20553, 14.19763], "texture": "#0"}
			}
		},
		{
			"name": "Custom dimensions 506x506 px (2)_111",
			"from": [3.98419, -0.19763, 8],
			"to": [4.04743, 3.6917, 9.03162],
			"faces": {
				"north": {"uv": [3.98419, 14.19763, 4.04743, 10.3083], "rotation": 180, "texture": "#0"},
				"east": {"uv": [4.01581, 10.3083, 4.04743, 14.19763], "texture": "#0"},
				"south": {"uv": [3.98419, 10.3083, 4.04743, 14.19763], "texture": "#0"},
				"west": {"uv": [3.98419, 10.3083, 4.01581, 14.19763], "texture": "#0"},
				"up": {"uv": [4.04743, 10.3083, 3.98419, 10.33992], "rotation": 180, "texture": "#0"},
				"down": {"uv": [3.98419, 14.16601, 4.04743, 14.19763], "texture": "#0"}
			}
		},
		{
			"name": "Custom dimensions 506x506 px (2)_112",
			"from": [3.95257, -0.19763, 8],
			"to": [3.98419, 3.66008, 9.03162],
			"faces": {
				"north": {"uv": [3.95257, 14.19763, 3.98419, 10.33992], "rotation": 180, "texture": "#0"},
				"east": {"uv": [3.95257, 10.33992, 3.98419, 14.19763], "texture": "#0"},
				"south": {"uv": [3.95257, 10.33992, 3.98419, 14.19763], "texture": "#0"},
				"west": {"uv": [3.95257, 10.33992, 3.98419, 14.19763], "texture": "#0"},
				"up": {"uv": [3.98419, 10.33992, 3.95257, 10.37154], "rotation": 180, "texture": "#0"},
				"down": {"uv": [3.95257, 14.16601, 3.98419, 14.19763], "texture": "#0"}
			}
		},
		{
			"name": "Custom dimensions 506x506 px (2)_113",
			"from": [12.39526, -0.19763, 8],
			"to": [12.4585, 3.66008, 9.03162],
			"faces": {
				"north": {"uv": [12.39526, 14.19763, 12.4585, 10.33992], "rotation": 180, "texture": "#0"},
				"east": {"uv": [12.42688, 10.33992, 12.4585, 14.19763], "texture": "#0"},
				"south": {"uv": [12.39526, 10.33992, 12.4585, 14.19763], "texture": "#0"},
				"west": {"uv": [12.39526, 10.33992, 12.42688, 14.19763], "texture": "#0"},
				"up": {"uv": [12.4585, 10.33992, 12.39526, 10.37154], "rotation": 180, "texture": "#0"},
				"down": {"uv": [12.39526, 14.16601, 12.4585, 14.19763], "texture": "#0"}
			}
		},
		{
			"name": "Custom dimensions 506x506 px (2)_114",
			"from": [12.33202, -0.19763, 8],
			"to": [12.39526, 3.59684, 9.03162],
			"faces": {
				"north": {"uv": [12.33202, 14.19763, 12.39526, 10.40316], "rotation": 180, "texture": "#0"},
				"east": {"uv": [12.36364, 10.40316, 12.39526, 14.19763], "texture": "#0"},
				"south": {"uv": [12.33202, 10.40316, 12.39526, 14.19763], "texture": "#0"},
				"west": {"uv": [12.33202, 10.40316, 12.36364, 14.19763], "texture": "#0"},
				"up": {"uv": [12.39526, 10.40316, 12.33202, 10.43478], "rotation": 180, "texture": "#0"},
				"down": {"uv": [12.33202, 14.16601, 12.39526, 14.19763], "texture": "#0"}
			}
		},
		{
			"name": "Custom dimensions 506x506 px (2)_115",
			"from": [12.4585, -0.19763, 8],
			"to": [12.49012, 3.5336, 9.03162],
			"faces": {
				"north": {"uv": [12.4585, 14.19763, 12.49012, 10.4664], "rotation": 180, "texture": "#0"},
				"east": {"uv": [12.4585, 10.4664, 12.49012, 14.19763], "texture": "#0"},
				"south": {"uv": [12.4585, 10.4664, 12.49012, 14.19763], "texture": "#0"},
				"west": {"uv": [12.4585, 10.4664, 12.49012, 14.19763], "texture": "#0"},
				"up": {"uv": [12.49012, 10.4664, 12.4585, 10.49802], "rotation": 180, "texture": "#0"},
				"down": {"uv": [12.4585, 14.16601, 12.49012, 14.19763], "texture": "#0"}
			}
		},
		{
			"name": "Custom dimensions 506x506 px (2)_116",
			"from": [11.85771, -0.19763, 8],
			"to": [11.92095, 3.50198, 9.03162],
			"faces": {
				"north": {"uv": [11.85771, 14.19763, 11.92095, 10.49802], "rotation": 180, "texture": "#0"},
				"east": {"uv": [11.88933, 10.49802, 11.92095, 14.19763], "texture": "#0"},
				"south": {"uv": [11.85771, 10.49802, 11.92095, 14.19763], "texture": "#0"},
				"west": {"uv": [11.85771, 10.49802, 11.88933, 14.19763], "texture": "#0"},
				"up": {"uv": [11.92095, 10.49802, 11.85771, 10.52964], "rotation": 180, "texture": "#0"},
				"down": {"uv": [11.85771, 14.16601, 11.92095, 14.19763], "texture": "#0"}
			}
		},
		{
			"name": "Custom dimensions 506x506 px (2)_117",
			"from": [11.92095, -0.19763, 8],
			"to": [11.95257, 3.43874, 9.03162],
			"faces": {
				"north": {"uv": [11.92095, 14.19763, 11.95257, 10.56126], "rotation": 180, "texture": "#0"},
				"east": {"uv": [11.92095, 10.56126, 11.95257, 14.19763], "texture": "#0"},
				"south": {"uv": [11.92095, 10.56126, 11.95257, 14.19763], "texture": "#0"},
				"west": {"uv": [11.92095, 10.56126, 11.95257, 14.19763], "texture": "#0"},
				"up": {"uv": [11.95257, 10.56126, 11.92095, 10.59289], "rotation": 180, "texture": "#0"},
				"down": {"uv": [11.92095, 14.16601, 11.95257, 14.19763], "texture": "#0"}
			}
		},
		{
			"name": "Custom dimensions 506x506 px (2)_118",
			"from": [12.26877, -0.19763, 8],
			"to": [12.33202, 3.43874, 9.03162],
			"faces": {
				"north": {"uv": [12.26877, 14.19763, 12.33202, 10.56126], "rotation": 180, "texture": "#0"},
				"east": {"uv": [12.3004, 10.56126, 12.33202, 14.19763], "texture": "#0"},
				"south": {"uv": [12.26877, 10.56126, 12.33202, 14.19763], "texture": "#0"},
				"west": {"uv": [12.26877, 10.56126, 12.3004, 14.19763], "texture": "#0"},
				"up": {"uv": [12.33202, 10.56126, 12.26877, 10.59289], "rotation": 180, "texture": "#0"},
				"down": {"uv": [12.26877, 14.16601, 12.33202, 14.19763], "texture": "#0"}
			}
		},
		{
			"name": "Custom dimensions 506x506 px (2)_119",
			"from": [12.23715, -0.19763, 8],
			"to": [12.26877, 3.40711, 9.03162],
			"faces": {
				"north": {"uv": [12.23715, 14.19763, 12.26877, 10.59289], "rotation": 180, "texture": "#0"},
				"east": {"uv": [12.23715, 10.59289, 12.26877, 14.19763], "texture": "#0"},
				"south": {"uv": [12.23715, 10.59289, 12.26877, 14.19763], "texture": "#0"},
				"west": {"uv": [12.23715, 10.59289, 12.26877, 14.19763], "texture": "#0"},
				"up": {"uv": [12.26877, 10.59289, 12.23715, 10.62451], "rotation": 180, "texture": "#0"},
				"down": {"uv": [12.23715, 14.16601, 12.26877, 14.19763], "texture": "#0"}
			}
		},
		{
			"name": "Custom dimensions 506x506 px (2)_120",
			"from": [11.95257, -0.19763, 8],
			"to": [12.01581, 3.37549, 9.03162],
			"faces": {
				"north": {"uv": [11.95257, 14.19763, 12.01581, 10.62451], "rotation": 180, "texture": "#0"},
				"east": {"uv": [11.98419, 10.62451, 12.01581, 14.19763], "texture": "#0"},
				"south": {"uv": [11.95257, 10.62451, 12.01581, 14.19763], "texture": "#0"},
				"west": {"uv": [11.95257, 10.62451, 11.98419, 14.19763], "texture": "#0"},
				"up": {"uv": [12.01581, 10.62451, 11.95257, 10.65613], "rotation": 180, "texture": "#0"},
				"down": {"uv": [11.95257, 14.16601, 12.01581, 14.19763], "texture": "#0"}
			}
		},
		{
			"name": "Custom dimensions 506x506 px (2)_121",
			"from": [12.17391, -0.19763, 8],
			"to": [12.23715, 3.37549, 9.03162],
			"faces": {
				"north": {"uv": [12.17391, 14.19763, 12.23715, 10.62451], "rotation": 180, "texture": "#0"},
				"east": {"uv": [12.20553, 10.62451, 12.23715, 14.19763], "texture": "#0"},
				"south": {"uv": [12.17391, 10.62451, 12.23715, 14.19763], "texture": "#0"},
				"west": {"uv": [12.17391, 10.62451, 12.20553, 14.19763], "texture": "#0"},
				"up": {"uv": [12.23715, 10.62451, 12.17391, 10.65613], "rotation": 180, "texture": "#0"},
				"down": {"uv": [12.17391, 14.16601, 12.23715, 14.19763], "texture": "#0"}
			}
		},
		{
			"name": "Custom dimensions 506x506 px (2)_122",
			"from": [12.49012, -0.19763, 8],
			"to": [12.71146, 3.37549, 9.03162],
			"faces": {
				"north": {"uv": [12.49012, 14.19763, 12.71146, 10.62451], "rotation": 180, "texture": "#0"},
				"east": {"uv": [12.67984, 10.62451, 12.71146, 14.19763], "texture": "#0"},
				"south": {"uv": [12.49012, 10.62451, 12.71146, 14.19763], "texture": "#0"},
				"west": {"uv": [12.49012, 10.62451, 12.52174, 14.19763], "texture": "#0"},
				"up": {"uv": [12.71146, 10.62451, 12.49012, 10.65613], "rotation": 180, "texture": "#0"},
				"down": {"uv": [12.49012, 14.16601, 12.71146, 14.19763], "texture": "#0"}
			}
		},
		{
			"name": "Custom dimensions 506x506 px (2)_123",
			"from": [12.01581, -0.19763, 8],
			"to": [12.17391, 3.31225, 9.03162],
			"faces": {
				"north": {"uv": [12.01581, 14.19763, 12.17391, 10.68775], "rotation": 180, "texture": "#0"},
				"east": {"uv": [12.14229, 10.68775, 12.17391, 14.19763], "texture": "#0"},
				"south": {"uv": [12.01581, 10.68775, 12.17391, 14.19763], "texture": "#0"},
				"west": {"uv": [12.01581, 10.68775, 12.04743, 14.19763], "texture": "#0"},
				"up": {"uv": [12.17391, 10.68775, 12.01581, 10.71937], "rotation": 180, "texture": "#0"},
				"down": {"uv": [12.01581, 14.16601, 12.17391, 14.19763], "texture": "#0"}
			}
		},
		{
			"name": "Custom dimensions 506x506 px (2)_124",
			"from": [12.71146, -0.19763, 8],
			"to": [12.7747, 3.31225, 9.03162],
			"faces": {
				"north": {"uv": [12.71146, 14.19763, 12.7747, 10.68775], "rotation": 180, "texture": "#0"},
				"east": {"uv": [12.74308, 10.68775, 12.7747, 14.19763], "texture": "#0"},
				"south": {"uv": [12.71146, 10.68775, 12.7747, 14.19763], "texture": "#0"},
				"west": {"uv": [12.71146, 10.68775, 12.74308, 14.19763], "texture": "#0"},
				"up": {"uv": [12.7747, 10.68775, 12.71146, 10.71937], "rotation": 180, "texture": "#0"},
				"down": {"uv": [12.71146, 14.16601, 12.7747, 14.19763], "texture": "#0"}
			}
		},
		{
			"name": "Custom dimensions 506x506 px (2)_125",
			"from": [12.7747, -0.19763, 8],
			"to": [12.93281, 3.28063, 9.03162],
			"faces": {
				"north": {"uv": [12.7747, 14.19763, 12.93281, 10.71937], "rotation": 180, "texture": "#0"},
				"east": {"uv": [12.90119, 10.71937, 12.93281, 14.19763], "texture": "#0"},
				"south": {"uv": [12.7747, 10.71937, 12.93281, 14.19763], "texture": "#0"},
				"west": {"uv": [12.7747, 10.71937, 12.80632, 14.19763], "texture": "#0"},
				"up": {"uv": [12.93281, 10.71937, 12.7747, 10.75099], "rotation": 180, "texture": "#0"},
				"down": {"uv": [12.7747, 14.16601, 12.93281, 14.19763], "texture": "#0"}
			}
		},
		{
			"name": "Custom dimensions 506x506 px (2)_126",
			"from": [12.93281, -0.19763, 8],
			"to": [13.21739, 3.21739, 9.03162],
			"faces": {
				"north": {"uv": [12.93281, 14.19763, 13.21739, 10.78261], "rotation": 180, "texture": "#0"},
				"east": {"uv": [13.18577, 10.78261, 13.21739, 14.19763], "texture": "#0"},
				"south": {"uv": [12.93281, 10.78261, 13.21739, 14.19763], "texture": "#0"},
				"west": {"uv": [12.93281, 10.78261, 12.96443, 14.19763], "texture": "#0"},
				"up": {"uv": [13.21739, 10.78261, 12.93281, 10.81423], "rotation": 180, "texture": "#0"},
				"down": {"uv": [12.93281, 14.16601, 13.21739, 14.19763], "texture": "#0"}
			}
		}
	],
	"display": {
		"thirdperson_righthand": {
			"translation": [0, 0, -1],
			"scale": [0.5, 0.5, 0.5]
		},
		"thirdperson_lefthand": {
			"translation": [0, 0, -1],
			"scale": [0.5, 0.5, 0.5]
		},
		"firstperson_righthand": {
			"rotation": [-79.75, 0, 0],
			"translation": [-2.5, 6.25, 0.5]
		},
		"firstperson_lefthand": {
			"rotation": [-79.75, 0, 0],
			"translation": [-2.5, 6.25, 0.5]
		},
		"ground": {
			"translation": [0, 6.25, 0]
		},
		"gui": {
			"translation": [0, 1, 0]
		},
		"head": {
			"translation": [0, 1, -7.75]
		},
		"fixed": {
			"translation": [0, 0, -0.75]
		}
	},
	"groups": [
		{
			"name": "Custom dimensions 506x506 px (2)",
			"origin": [8, 8, 8],
			"color": 0,
			"children": [0, 1, 2, 3, 4, 5, 6, 7, 8, 9, 10, 11, 12, 13, 14, 15, 16, 17, 18, 19, 20, 21, 22, 23, 24, 25, 26, 27, 28, 29, 30, 31, 32, 33, 34, 35, 36, 37, 38, 39, 40, 41, 42, 43, 44, 45, 46, 47, 48, 49, 50, 51, 52, 53, 54, 55, 56, 57, 58, 59, 60, 61, 62, 63, 64, 65, 66, 67, 68, 69, 70, 71, 72, 73, 74, 75, 76, 77, 78, 79, 80, 81, 82, 83, 84, 85, 86, 87, 88, 89, 90, 91, 92, 93, 94, 95, 96, 97, 98, 99, 100, 101, 102, 103, 104, 105, 106, 107, 108, 109, 110, 111, 112, 113, 114, 115, 116, 117, 118, 119, 120, 121, 122, 123, 124, 125, 126]
		}
	]
}