{
	"credit": "Made with Blockbench",
	"textures": {
		"0": "hattextures/mc_soul",
		"particle": "hattextures/mc_soul"
	},
	"elements": [
		{
			"name": "mc_soul_0",
			"from": [6, 5, 8],
			"to": [11, 13, 9],
			"faces": {
				"north": {"uv": [6, 10, 11, 2], "rotation": 180, "texture": "#0"},
				"east": {"uv": [10.9, 2, 11, 10], "texture": "#0"},
				"south": {"uv": [6, 2, 11, 10], "texture": "#0"},
				"west": {"uv": [6, 2, 6.1, 10], "texture": "#0"},
				"up": {"uv": [11, 2, 6, 2.1], "rotation": 180, "texture": "#0"},
				"down": {"uv": [6, 9.9, 11, 10], "texture": "#0"}
			}
		},
		{
			"name": "mc_soul_1",
			"from": [5, 5, 8],
			"to": [6, 12, 9],
			"faces": {
				"north": {"uv": [5, 10, 6, 3], "rotation": 180, "texture": "#0"},
				"east": {"uv": [5.9, 3, 6, 10], "texture": "#0"},
				"south": {"uv": [5, 3, 6, 10], "texture": "#0"},
				"west": {"uv": [5, 3, 5.1, 10], "texture": "#0"},
				"up": {"uv": [6, 3, 5, 3.1], "rotation": 180, "texture": "#0"},
				"down": {"uv": [5, 9.9, 6, 10], "texture": "#0"}
			}
		},
		{
			"name": "mc_soul_2",
			"from": [11, 3, 8],
			"to": [12, 12, 9],
			"faces": {
				"north": {"uv": [11, 12, 12, 3], "rotation": 180, "texture": "#0"},
				"east": {"uv": [11.9, 3, 12, 12], "texture": "#0"},
				"south": {"uv": [11, 3, 12, 12], "texture": "#0"},
				"west": {"uv": [11, 3, 11.1, 12], "texture": "#0"},
				"up": {"uv": [12, 3, 11, 3.1], "rotation": 180, "texture": "#0"},
				"down": {"uv": [11, 11.9, 12, 12], "texture": "#0"}
			}
		},
		{
			"name": "mc_soul_3",
			"from": [12, 4, 8],
			"to": [13, 11, 9],
			"faces": {
				"north": {"uv": [12, 11, 13, 4], "rotation": 180, "texture": "#0"},
				"east": {"uv": [12.9, 4, 13, 11], "texture": "#0"},
				"south": {"uv": [12, 4, 13, 11], "texture": "#0"},
				"west": {"uv": [12, 4, 12.1, 11], "texture": "#0"},
				"up": {"uv": [13, 4, 12, 4.1], "rotation": 180, "texture": "#0"},
				"down": {"uv": [12, 10.9, 13, 11], "texture": "#0"}
			}
		},
		{
			"name": "mc_soul_4",
			"from": [4, 6, 8],
			"to": [5, 10, 9],
			"faces": {
				"north": {"uv": [4, 9, 5, 5], "rotation": 180, "texture": "#0"},
				"east": {"uv": [4.9, 5, 5, 9], "texture": "#0"},
				"south": {"uv": [4, 5, 5, 9], "texture": "#0"},
				"west": {"uv": [4, 5, 4.1, 9], "texture": "#0"},
				"up": {"uv": [5, 5, 4, 5.1], "rotation": 180, "texture": "#0"},
				"down": {"uv": [4, 8.9, 5, 9], "texture": "#0"}
			}
		},
		{
			"name": "mc_soul_5",
			"from": [13, 6, 8],
			"to": [14, 9, 9],
			"faces": {
				"north": {"uv": [13, 9, 14, 6], "rotation": 180, "texture": "#0"},
				"east": {"uv": [13.9, 6, 14, 9], "texture": "#0"},
				"south": {"uv": [13, 6, 14, 9], "texture": "#0"},
				"west": {"uv": [13, 6, 13.1, 9], "texture": "#0"},
				"up": {"uv": [14, 6, 13, 6.1], "rotation": 180, "texture": "#0"},
				"down": {"uv": [13, 8.9, 14, 9], "texture": "#0"}
			}
		},
		{
			"name": "mc_soul_6",
			"from": [3, 2, 8],
			"to": [4, 5, 9],
			"faces": {
				"north": {"uv": [3, 13, 4, 10], "rotation": 180, "texture": "#0"},
				"east": {"uv": [3.9, 10, 4, 13], "texture": "#0"},
				"south": {"uv": [3, 10, 4, 13], "texture": "#0"},
				"west": {"uv": [3, 10, 3.1, 13], "texture": "#0"},
				"up": {"uv": [4, 10, 3, 10.1], "rotation": 180, "texture": "#0"},
				"down": {"uv": [3, 12.9, 4, 13], "texture": "#0"}
			}
		},
		{
			"name": "mc_soul_7",
			"from": [7, 2, 8],
			"to": [11, 5, 9],
			"faces": {
				"north": {"uv": [7, 13, 11, 10], "rotation": 180, "texture": "#0"},
				"east": {"uv": [10.9, 10, 11, 13], "texture": "#0"},
				"south": {"uv": [7, 10, 11, 13], "texture": "#0"},
				"west": {"uv": [7, 10, 7.1, 13], "texture": "#0"},
				"up": {"uv": [11, 10, 7, 10.1], "rotation": 180, "texture": "#0"},
				"down": {"uv": [7, 12.9, 11, 13], "texture": "#0"}
			}
		},
		{
			"name": "mc_soul_8",
			"from": [4, 1, 8],
			"to": [5, 4, 9],
			"faces": {
				"north": {"uv": [4, 14, 5, 11], "rotation": 180, "texture": "#0"},
				"east": {"uv": [4.9, 11, 5, 14], "texture": "#0"},
				"south": {"uv": [4, 11, 5, 14], "texture": "#0"},
				"west": {"uv": [4, 11, 4.1, 14], "texture": "#0"},
				"up": {"uv": [5, 11, 4, 11.1], "rotation": 180, "texture": "#0"},
				"down": {"uv": [4, 13.9, 5, 14], "texture": "#0"}
			}
		},
		{
			"name": "mc_soul_9",
			"from": [5, 0, 8],
			"to": [7, 3, 9],
			"faces": {
				"north": {"uv": [5, 15, 7, 12], "rotation": 180, "texture": "#0"},
				"east": {"uv": [6.9, 12, 7, 15], "texture": "#0"},
				"south": {"uv": [5, 12, 7, 15], "texture": "#0"},
				"west": {"uv": [5, 12, 5.1, 15], "texture": "#0"},
				"up": {"uv": [7, 12, 5, 12.1], "rotation": 180, "texture": "#0"},
				"down": {"uv": [5, 14.9, 7, 15], "texture": "#0"}
			}
		},
		{
			"name": "mc_soul_10",
			"from": [7, 1, 8],
			"to": [10, 2, 9],
			"faces": {
				"north": {"uv": [7, 14, 10, 13], "rotation": 180, "texture": "#0"},
				"east": {"uv": [9.9, 13, 10, 14], "texture": "#0"},
				"south": {"uv": [7, 13, 10, 14], "texture": "#0"},
				"west": {"uv": [7, 13, 7.1, 14], "texture": "#0"},
				"up": {"uv": [10, 13, 7, 13.1], "rotation": 180, "texture": "#0"},
				"down": {"uv": [7, 13.9, 10, 14], "texture": "#0"}
			}
		},
		{
			"name": "mc_soul_11",
			"from": [7, 0, 8],
			"to": [8, 1, 9],
			"faces": {
				"north": {"uv": [7, 15, 8, 14], "rotation": 180, "texture": "#0"},
				"east": {"uv": [7.9, 14, 8, 15], "texture": "#0"},
				"south": {"uv": [7, 14, 8, 15], "texture": "#0"},
				"west": {"uv": [7, 14, 7.1, 15], "texture": "#0"},
				"up": {"uv": [8, 14, 7, 14.1], "rotation": 180, "texture": "#0"},
				"down": {"uv": [7, 14.9, 8, 15], "texture": "#0"}
			}
		}
	],
	"display": {
		"thirdperson_righthand": {
			"translation": [0, 0, -0.75],
			"scale": [0.5, 0.5, 0.5]
		},
		"thirdperson_lefthand": {
			"translation": [0, 0, -0.25],
			"scale": [0.5, 0.5, 0.5]
		},
		"firstperson_righthand": {
			"translation": [0, 4.75, 2.25],
			"scale": [0.5, 0.5, 0.5]
		},
		"firstperson_lefthand": {
			"translation": [0, 4.75, 2.25],
			"scale": [0.5, 0.5, 0.5]
		},
		"ground": {
			"translation": [0, 5, 0],
			"scale": [0.5, 0.5, 0.5]
		},
		"gui": {
			"translation": [0, 1.25, 0]
		},
		"head": {
			"translation": [0, 14.5, 0]
		},
		"fixed": {
			"rotation": [0, -180, 0],
			"translation": [0.25, 0, -1]
		}
	},
	"groups": [
		{
			"name": "mc_soul",
			"origin": [8, 8, 8],
			"color": 0,
			"children": [0, 1, 2, 3, 4, 5, 6, 7, 8, 9, 10, 11]
		}
	]
}