{
	"credit": "Made with Blockbench",
	"texture_size": [32, 32],
	"textures": {
		"0": "hats/techno",
		"particle": "hats/techno"
	},
	"elements": [
		{
			"from": [6, 0, 4],
			"to": [9, 2, 5],
			"faces": {
				"north": {"uv": [3.5, 0, 6, 2], "texture": "#0"},
				"east": {"uv": [3.5, 6, 4, 8], "texture": "#0"},
				"south": {"uv": [3.5, 2, 6, 4], "texture": "#0"},
				"west": {"uv": [4, 6, 4.5, 8], "texture": "#0"},
				"up": {"uv": [8.5, 2.5, 6, 2], "texture": "#0"},
				"down": {"uv": [8.5, 2.5, 6, 3], "texture": "#0"}
			}
		},
		{
			"from": [4, 8, 5],
			"to": [11, 11, 12],
			"faces": {
				"north": {"uv": [3.5, 4, 7, 5], "texture": "#0"},
				"east": {"uv": [3.5, 5, 7, 6], "texture": "#0"},
				"south": {"uv": [6, 0, 9.5, 1], "texture": "#0"},
				"west": {"uv": [6, 1, 9.5, 2], "texture": "#0"},
				"up": {"uv": [3.5, 3.5, 0, 0], "texture": "#0"},
				"down": {"uv": [3.5, 3.5, 0, 7], "texture": "#0"}
			}
		},
		{
			"from": [10, 11, 9],
			"to": [11, 13, 10],
			"faces": {
				"north": {"uv": [6, 7, 6.5, 8], "texture": "#0"},
				"east": {"uv": [7, 6, 7.5, 7], "texture": "#0"},
				"south": {"uv": [6.5, 7, 7, 8], "texture": "#0"},
				"west": {"uv": [7, 7, 7.5, 8], "texture": "#0"},
				"up": {"uv": [9, 5.5, 8.5, 5], "texture": "#0"},
				"down": {"uv": [9, 5.5, 8.5, 6], "texture": "#0"}
			}
		},
		{
			"from": [10, 11, 11],
			"to": [11, 13, 12],
			"faces": {
				"north": {"uv": [7.5, 3, 8, 4], "texture": "#0"},
				"east": {"uv": [7.5, 4, 8, 5], "texture": "#0"},
				"south": {"uv": [7.5, 5, 8, 6], "texture": "#0"},
				"west": {"uv": [7.5, 6, 8, 7], "texture": "#0"},
				"up": {"uv": [9, 6.5, 8.5, 6], "texture": "#0"},
				"down": {"uv": [9, 6.5, 8.5, 7], "texture": "#0"}
			}
		},
		{
			"from": [10, 11, 7],
			"to": [11, 13, 8],
			"faces": {
				"north": {"uv": [6, 3, 6.5, 4], "texture": "#0"},
				"east": {"uv": [4.5, 6, 5, 7], "texture": "#0"},
				"south": {"uv": [5, 6, 5.5, 7], "texture": "#0"},
				"west": {"uv": [5.5, 6, 6, 7], "texture": "#0"},
				"up": {"uv": [8.5, 7.5, 8, 7], "texture": "#0"},
				"down": {"uv": [8, 8, 7.5, 8.5], "texture": "#0"}
			}
		},
		{
			"from": [4, 11, 5],
			"to": [5, 13, 6],
			"faces": {
				"north": {"uv": [6, 6, 6.5, 7], "texture": "#0"},
				"east": {"uv": [6.5, 3, 7, 4], "texture": "#0"},
				"south": {"uv": [6.5, 6, 7, 7], "texture": "#0"},
				"west": {"uv": [0, 7, 0.5, 8], "texture": "#0"},
				"up": {"uv": [8.5, 8, 8, 7.5], "texture": "#0"},
				"down": {"uv": [8.5, 8, 8, 8.5], "texture": "#0"}
			}
		},
		{
			"from": [4, 11, 7],
			"to": [5, 13, 8],
			"faces": {
				"north": {"uv": [7.5, 7, 8, 8], "texture": "#0"},
				"east": {"uv": [0, 8, 0.5, 9], "texture": "#0"},
				"south": {"uv": [0.5, 8, 1, 9], "texture": "#0"},
				"west": {"uv": [1, 8, 1.5, 9], "texture": "#0"},
				"up": {"uv": [9, 7.5, 8.5, 7], "texture": "#0"},
				"down": {"uv": [8, 8.5, 7.5, 9], "texture": "#0"}
			}
		},
		{
			"from": [4, 11, 9],
			"to": [5, 13, 10],
			"faces": {
				"north": {"uv": [1.5, 8, 2, 9], "texture": "#0"},
				"east": {"uv": [2, 8, 2.5, 9], "texture": "#0"},
				"south": {"uv": [2.5, 8, 3, 9], "texture": "#0"},
				"west": {"uv": [3, 8, 3.5, 9], "texture": "#0"},
				"up": {"uv": [9, 8, 8.5, 7.5], "texture": "#0"},
				"down": {"uv": [8.5, 8.5, 8, 9], "texture": "#0"}
			}
		},
		{
			"from": [4, 11, 11],
			"to": [5, 13, 12],
			"faces": {
				"north": {"uv": [8, 3, 8.5, 4], "texture": "#0"},
				"east": {"uv": [3.5, 8, 4, 9], "texture": "#0"},
				"south": {"uv": [4, 8, 4.5, 9], "texture": "#0"},
				"west": {"uv": [8, 4, 8.5, 5], "texture": "#0"},
				"up": {"uv": [9, 8.5, 8.5, 8], "texture": "#0"},
				"down": {"uv": [9, 8.5, 8.5, 9], "texture": "#0"}
			}
		},
		{
			"from": [6, 11, 11],
			"to": [7, 13, 12],
			"faces": {
				"north": {"uv": [4.5, 8, 5, 9], "texture": "#0"},
				"east": {"uv": [5, 8, 5.5, 9], "texture": "#0"},
				"south": {"uv": [8, 5, 8.5, 6], "texture": "#0"},
				"west": {"uv": [5.5, 8, 6, 9], "texture": "#0"},
				"up": {"uv": [0.5, 9.5, 0, 9], "texture": "#0"},
				"down": {"uv": [1, 9, 0.5, 9.5], "texture": "#0"}
			}
		},
		{
			"from": [8, 11, 11],
			"to": [9, 13, 12],
			"faces": {
				"north": {"uv": [6, 8, 6.5, 9], "texture": "#0"},
				"east": {"uv": [8, 6, 8.5, 7], "texture": "#0"},
				"south": {"uv": [6.5, 8, 7, 9], "texture": "#0"},
				"west": {"uv": [7, 8, 7.5, 9], "texture": "#0"},
				"up": {"uv": [1.5, 9.5, 1, 9], "texture": "#0"},
				"down": {"uv": [2, 9, 1.5, 9.5], "texture": "#0"}
			}
		},
		{
			"from": [10, 11, 5],
			"to": [11, 13, 6],
			"faces": {
				"north": {"uv": [0.5, 7, 1, 8], "texture": "#0"},
				"east": {"uv": [1, 7, 1.5, 8], "texture": "#0"},
				"south": {"uv": [1.5, 7, 2, 8], "texture": "#0"},
				"west": {"uv": [2, 7, 2.5, 8], "texture": "#0"},
				"up": {"uv": [9, 2.5, 8.5, 2], "texture": "#0"},
				"down": {"uv": [9, 2.5, 8.5, 3], "texture": "#0"}
			}
		},
		{
			"from": [8, 11, 5],
			"to": [9, 13, 6],
			"faces": {
				"north": {"uv": [2.5, 7, 3, 8], "texture": "#0"},
				"east": {"uv": [3, 7, 3.5, 8], "texture": "#0"},
				"south": {"uv": [7, 3, 7.5, 4], "texture": "#0"},
				"west": {"uv": [7, 4, 7.5, 5], "texture": "#0"},
				"up": {"uv": [9, 3.5, 8.5, 3], "texture": "#0"},
				"down": {"uv": [9, 3.5, 8.5, 4], "texture": "#0"}
			}
		},
		{
			"from": [6, 11, 5],
			"to": [7, 13, 6],
			"faces": {
				"north": {"uv": [4.5, 7, 5, 8], "texture": "#0"},
				"east": {"uv": [5, 7, 5.5, 8], "texture": "#0"},
				"south": {"uv": [7, 5, 7.5, 6], "texture": "#0"},
				"west": {"uv": [5.5, 7, 6, 8], "texture": "#0"},
				"up": {"uv": [9, 4.5, 8.5, 4], "texture": "#0"},
				"down": {"uv": [9, 4.5, 8.5, 5], "texture": "#0"}
			}
		}
	],
	"display": {
		"thirdperson_righthand": {
			"translation": [0, -0.25, 0]
		},
		"firstperson_righthand": {
			"translation": [0, 1.5, 0]
		},
		"firstperson_lefthand": {
			"translation": [0, 1.5, 0]
		},
		"ground": {
			"translation": [0, -3.25, 0]
		},
		"gui": {
			"translation": [0.5, 0, 0],
			"scale": [1.04492, 1, 1]
		},
		"head": {
			"translation": [0.75, 6.5, -1],
			"scale": [1.79883, 1.42578, 1.82227]
		},
		"fixed": {
			"translation": [0, 1.5, 0]
		}
	}
}