{
	"credit": "Made with Blockbench",
	"texture_size": [64, 64],
	"textures": {
		"0": "hattextures/techno",
		"particle": "hattextures/techno"
	},
	"elements": [
		{
			"from": [1, 0, 1],
			"to": [15, 4, 15],
			"faces": {
				"north": {"uv": [3.5, 0, 7, 1], "texture": "#0"},
				"east": {"uv": [3.5, 1, 7, 2], "texture": "#0"},
				"south": {"uv": [3.5, 2, 7, 3], "texture": "#0"},
				"west": {"uv": [3.5, 3, 7, 4], "texture": "#0"},
				"up": {"uv": [3.5, 3.5, 0, 0], "texture": "#0"},
				"down": {"uv": [3.5, 3.5, 0, 7], "texture": "#0"}
			}
		},
		{
			"from": [9, 4, 1],
			"to": [11, 7, 3],
			"faces": {
				"north": {"uv": [3.5, 4, 4, 4.75], "texture": "#0"},
				"east": {"uv": [4, 4, 4.5, 4.75], "texture": "#0"},
				"south": {"uv": [4.5, 4, 5, 4.75], "texture": "#0"},
				"west": {"uv": [3.5, 4.75, 4, 5.5], "texture": "#0"},
				"up": {"uv": [8, 3.5, 7.5, 3], "texture": "#0"},
				"down": {"uv": [8, 3.5, 7.5, 4], "texture": "#0"}
			}
		},
		{
			"from": [13, 4, 1],
			"to": [15, 7, 3],
			"faces": {
				"north": {"uv": [4, 4.75, 4.5, 5.5], "texture": "#0"},
				"east": {"uv": [4.5, 4.75, 5, 5.5], "texture": "#0"},
				"south": {"uv": [5, 4, 5.5, 4.75], "texture": "#0"},
				"west": {"uv": [5, 4.75, 5.5, 5.5], "texture": "#0"},
				"up": {"uv": [8, 4.5, 7.5, 4], "texture": "#0"},
				"down": {"uv": [8, 4.5, 7.5, 5], "texture": "#0"}
			}
		},
		{
			"from": [1, 4, 5],
			"to": [3, 7, 7],
			"faces": {
				"north": {"uv": [3.5, 5.5, 4, 6.25], "texture": "#0"},
				"east": {"uv": [4, 5.5, 4.5, 6.25], "texture": "#0"},
				"south": {"uv": [5.5, 4, 6, 4.75], "texture": "#0"},
				"west": {"uv": [4.5, 5.5, 5, 6.25], "texture": "#0"},
				"up": {"uv": [8, 5.5, 7.5, 5], "texture": "#0"},
				"down": {"uv": [8, 5.5, 7.5, 6], "texture": "#0"}
			}
		},
		{
			"from": [1, 4, 9],
			"to": [3, 7, 11],
			"faces": {
				"north": {"uv": [5.5, 4.75, 6, 5.5], "texture": "#0"},
				"east": {"uv": [5, 5.5, 5.5, 6.25], "texture": "#0"},
				"south": {"uv": [5.5, 5.5, 6, 6.25], "texture": "#0"},
				"west": {"uv": [6, 4, 6.5, 4.75], "texture": "#0"},
				"up": {"uv": [8, 6.5, 7.5, 6], "texture": "#0"},
				"down": {"uv": [8, 6.5, 7.5, 7], "texture": "#0"}
			}
		},
		{
			"from": [1, 4, 13],
			"to": [3, 7, 15],
			"faces": {
				"north": {"uv": [6, 4.75, 6.5, 5.5], "texture": "#0"},
				"east": {"uv": [6, 5.5, 6.5, 6.25], "texture": "#0"},
				"south": {"uv": [3.5, 6.25, 4, 7], "texture": "#0"},
				"west": {"uv": [4, 6.25, 4.5, 7], "texture": "#0"},
				"up": {"uv": [7.5, 8, 7, 7.5], "texture": "#0"},
				"down": {"uv": [8, 7, 7.5, 7.5], "texture": "#0"}
			}
		},
		{
			"from": [5, 4, 13],
			"to": [7, 7, 15],
			"faces": {
				"north": {"uv": [4.5, 6.25, 5, 7], "texture": "#0"},
				"east": {"uv": [5, 6.25, 5.5, 7], "texture": "#0"},
				"south": {"uv": [5.5, 6.25, 6, 7], "texture": "#0"},
				"west": {"uv": [6, 6.25, 6.5, 7], "texture": "#0"},
				"up": {"uv": [8, 8, 7.5, 7.5], "texture": "#0"},
				"down": {"uv": [0.5, 7.75, 0, 8.25], "texture": "#0"}
			}
		},
		{
			"from": [9, 4, 13],
			"to": [11, 7, 15],
			"faces": {
				"north": {"uv": [6.5, 4, 7, 4.75], "texture": "#0"},
				"east": {"uv": [6.5, 4.75, 7, 5.5], "texture": "#0"},
				"south": {"uv": [6.5, 5.5, 7, 6.25], "texture": "#0"},
				"west": {"uv": [6.5, 6.25, 7, 7], "texture": "#0"},
				"up": {"uv": [1, 8.25, 0.5, 7.75], "texture": "#0"},
				"down": {"uv": [1.5, 7.75, 1, 8.25], "texture": "#0"}
			}
		},
		{
			"from": [13, 4, 13],
			"to": [15, 7, 15],
			"faces": {
				"north": {"uv": [0, 7, 0.5, 7.75], "texture": "#0"},
				"east": {"uv": [7, 0, 7.5, 0.75], "texture": "#0"},
				"south": {"uv": [0.5, 7, 1, 7.75], "texture": "#0"},
				"west": {"uv": [7, 0.75, 7.5, 1.5], "texture": "#0"},
				"up": {"uv": [2, 8.25, 1.5, 7.75], "texture": "#0"},
				"down": {"uv": [2.5, 7.75, 2, 8.25], "texture": "#0"}
			}
		},
		{
			"from": [13, 4, 9],
			"to": [15, 7, 11],
			"faces": {
				"north": {"uv": [1, 7, 1.5, 7.75], "texture": "#0"},
				"east": {"uv": [1.5, 7, 2, 7.75], "texture": "#0"},
				"south": {"uv": [7, 1.5, 7.5, 2.25], "texture": "#0"},
				"west": {"uv": [2, 7, 2.5, 7.75], "texture": "#0"},
				"up": {"uv": [3, 8.25, 2.5, 7.75], "texture": "#0"},
				"down": {"uv": [3.5, 7.75, 3, 8.25], "texture": "#0"}
			}
		},
		{
			"from": [1, 4, 1],
			"to": [3, 7, 3],
			"faces": {
				"north": {"uv": [3.5, 7, 4, 7.75], "texture": "#0"},
				"east": {"uv": [7, 3.75, 7.5, 4.5], "texture": "#0"},
				"south": {"uv": [4, 7, 4.5, 7.75], "texture": "#0"},
				"west": {"uv": [4.5, 7, 5, 7.75], "texture": "#0"},
				"up": {"uv": [5, 8.25, 4.5, 7.75], "texture": "#0"},
				"down": {"uv": [5.5, 7.75, 5, 8.25], "texture": "#0"}
			}
		},
		{
			"from": [1, 4, 1],
			"to": [3, 7, 3],
			"faces": {
				"north": {"uv": [7, 4.5, 7.5, 5.25], "texture": "#0"},
				"east": {"uv": [5, 7, 5.5, 7.75], "texture": "#0"},
				"south": {"uv": [7, 5.25, 7.5, 6], "texture": "#0"},
				"west": {"uv": [5.5, 7, 6, 7.75], "texture": "#0"},
				"up": {"uv": [6, 8.25, 5.5, 7.75], "texture": "#0"},
				"down": {"uv": [6.5, 7.75, 6, 8.25], "texture": "#0"}
			}
		},
		{
			"from": [1, 4, 1],
			"to": [3, 7, 3],
			"faces": {
				"north": {"uv": [6, 7, 6.5, 7.75], "texture": "#0"},
				"east": {"uv": [7, 6, 7.5, 6.75], "texture": "#0"},
				"south": {"uv": [6.5, 7, 7, 7.75], "texture": "#0"},
				"west": {"uv": [7, 6.75, 7.5, 7.5], "texture": "#0"},
				"up": {"uv": [7, 8.25, 6.5, 7.75], "texture": "#0"},
				"down": {"uv": [8.5, 0, 8, 0.5], "texture": "#0"}
			}
		},
		{
			"from": [13, 4, 5],
			"to": [15, 7, 7],
			"faces": {
				"north": {"uv": [7.5, 0, 8, 0.75], "texture": "#0"},
				"east": {"uv": [7.5, 0.75, 8, 1.5], "texture": "#0"},
				"south": {"uv": [7.5, 1.5, 8, 2.25], "texture": "#0"},
				"west": {"uv": [7.5, 2.25, 8, 3], "texture": "#0"},
				"up": {"uv": [8.5, 1, 8, 0.5], "texture": "#0"},
				"down": {"uv": [8.5, 1, 8, 1.5], "texture": "#0"}
			}
		},
		{
			"from": [5, 4, 1],
			"to": [7, 7, 3],
			"faces": {
				"north": {"uv": [7, 2.25, 7.5, 3], "texture": "#0"},
				"east": {"uv": [2.5, 7, 3, 7.75], "texture": "#0"},
				"south": {"uv": [3, 7, 3.5, 7.75], "texture": "#0"},
				"west": {"uv": [7, 3, 7.5, 3.75], "texture": "#0"},
				"up": {"uv": [4, 8.25, 3.5, 7.75], "texture": "#0"},
				"down": {"uv": [4.5, 7.75, 4, 8.25], "texture": "#0"}
			}
		}
	],
	"display": {
		"thirdperson_righthand": {
			"translation": [0, 3.5, 0],
			"scale": [0.5, 0.5, 0.5]
		},
		"thirdperson_lefthand": {
			"translation": [0, 3.5, 0],
			"scale": [0.5, 0.5, 0.5]
		},
		"firstperson_righthand": {
			"translation": [0.75, 4.75, 0.5],
			"scale": [0.5, 0.5, 0.5]
		},
		"firstperson_lefthand": {
			"translation": [0.75, 4.75, 0.5],
			"scale": [0.5, 0.5, 0.5]
		},
		"ground": {
			"translation": [0, 7.5, 0]
		},
		"gui": {
			"rotation": [4.75, 11, 0],
			"translation": [0.5, 3.75, 0],
			"scale": [0.7, 0.7, 0.7]
		},
		"head": {
			"translation": [0, 10.5, 0]
		},
		"fixed": {
			"rotation": [-90, 0, 0],
			"translation": [0, 2, -9.25]
		}
	}
}