{
	"credit": "Made with Blockbench",
	"texture_size": [64, 64],
	"textures": {
		"0": "hats/tinfoil",
		"particle": "hats/tinfoil"
	},
	"elements": [
		{
			"from": [1, 0, 1],
			"to": [15, 2, 15],
			"faces": {
				"north": {"uv": [6, 0, 9.5, 0.5], "texture": "#0"},
				"east": {"uv": [6, 0.5, 9.5, 1], "texture": "#0"},
				"south": {"uv": [6, 1, 9.5, 1.5], "texture": "#0"},
				"west": {"uv": [6, 1.5, 9.5, 2], "texture": "#0"},
				"up": {"uv": [3.5, 3.5, 0, 0], "texture": "#0"},
				"down": {"uv": [3.5, 3.5, 0, 7], "texture": "#0"}
			}
		},
		{
			"from": [3, 2, 3],
			"to": [13, 4, 13],
			"faces": {
				"north": {"uv": [6, 2, 8.5, 2.5], "texture": "#0"},
				"east": {"uv": [6, 2.5, 8.5, 3], "texture": "#0"},
				"south": {"uv": [6, 3, 8.5, 3.5], "texture": "#0"},
				"west": {"uv": [6, 3.5, 8.5, 4], "texture": "#0"},
				"up": {"uv": [6, 2.5, 3.5, 0], "texture": "#0"},
				"down": {"uv": [6, 2.5, 3.5, 5], "texture": "#0"}
			}
		},
		{
			"from": [5, 4, 5],
			"to": [11, 6, 11],
			"faces": {
				"north": {"uv": [4.5, 6.5, 6, 7], "texture": "#0"},
				"east": {"uv": [6.5, 5, 8, 5.5], "texture": "#0"},
				"south": {"uv": [6.5, 5.5, 8, 6], "texture": "#0"},
				"west": {"uv": [6, 6.5, 7.5, 7], "texture": "#0"},
				"up": {"uv": [5, 6.5, 3.5, 5], "texture": "#0"},
				"down": {"uv": [6.5, 5, 5, 6.5], "texture": "#0"}
			}
		},
		{
			"from": [6, 6, 6],
			"to": [10, 8, 10],
			"faces": {
				"north": {"uv": [6.5, 6, 7.5, 6.5], "texture": "#0"},
				"east": {"uv": [0, 7, 1, 7.5], "texture": "#0"},
				"south": {"uv": [1, 7, 2, 7.5], "texture": "#0"},
				"west": {"uv": [2, 7, 3, 7.5], "texture": "#0"},
				"up": {"uv": [7, 5, 6, 4], "texture": "#0"},
				"down": {"uv": [4.5, 6.5, 3.5, 7.5], "texture": "#0"}
			}
		},
		{
			"from": [7, 8, 7],
			"to": [9, 10, 9],
			"faces": {
				"north": {"uv": [3, 7, 3.5, 7.5], "texture": "#0"},
				"east": {"uv": [7, 4.5, 7.5, 5], "texture": "#0"},
				"south": {"uv": [5.25, 7, 5.75, 7.5], "texture": "#0"},
				"west": {"uv": [5.75, 7, 6.25, 7.5], "texture": "#0"},
				"up": {"uv": [6.75, 7.5, 6.25, 7], "texture": "#0"},
				"down": {"uv": [7.25, 7, 6.75, 7.5], "texture": "#0"}
			}
		},
		{
			"from": [5, 10, 7],
			"to": [8, 11, 9],
			"faces": {
				"north": {"uv": [7.25, 7, 8, 7.25], "texture": "#0"},
				"east": {"uv": [0, 7.5, 0.5, 7.75], "texture": "#0"},
				"south": {"uv": [7.25, 7.25, 8, 7.5], "texture": "#0"},
				"west": {"uv": [0.5, 7.5, 1, 7.75], "texture": "#0"},
				"up": {"uv": [7.75, 4.5, 7, 4], "texture": "#0"},
				"down": {"uv": [5.25, 7, 4.5, 7.5], "texture": "#0"}
			}
		},
		{
			"from": [6, 9, 7],
			"to": [7, 10, 9],
			"faces": {
				"north": {"uv": [2.5, 7.5, 2.75, 7.75], "texture": "#0"},
				"east": {"uv": [1, 7.5, 1.5, 7.75], "texture": "#0"},
				"south": {"uv": [2.75, 7.5, 3, 7.75], "texture": "#0"},
				"west": {"uv": [1.5, 7.5, 2, 7.75], "texture": "#0"},
				"up": {"uv": [2.25, 8, 2, 7.5], "texture": "#0"},
				"down": {"uv": [2.5, 7.5, 2.25, 8], "texture": "#0"}
			}
		}
	],
	"display": {
		"thirdperson_righthand": {
			"scale": [0.5, 0.5, 0.5]
		},
		"thirdperson_lefthand": {
			"scale": [0.5, 0.5, 0.5]
		},
		"firstperson_righthand": {
			"translation": [0, 5.75, 0],
			"scale": [0.5, 0.5, 0.5]
		},
		"firstperson_lefthand": {
			"translation": [0, 5.75, 0],
			"scale": [0.5, 0.5, 0.5]
		},
		"ground": {
			"translation": [0, 5.25, 0]
		},
		"gui": {
			"translation": [0, 2, 0]
		},
		"head": {
			"translation": [0, 13.75, 0]
		}
	}
}