{
	"credit": "Made with Blockbench",
	"textures": {
		"0": "hattextures/yankee",
		"particle": "hattextures/yankee"
	},
	"elements": [
		{
			"from": [4, 0, 5],
			"to": [11, 6, 12],
			"faces": {
				"north": {"uv": [3.5, 0, 7, 3], "texture": "#0"},
				"east": {"uv": [3.5, 3, 7, 6], "texture": "#0"},
				"south": {"uv": [3.5, 6, 7, 9], "texture": "#0"},
				"west": {"uv": [0, 7, 3.5, 10], "texture": "#0"},
				"up": {"uv": [3.5, 3.5, 0, 0], "texture": "#0"},
				"down": {"uv": [3.5, 3.5, 0, 7], "texture": "#0"}
			}
		},
		{
			"from": [5, 6, 6],
			"to": [10, 7, 11],
			"faces": {
				"north": {"uv": [7, 5, 9.5, 5.5], "texture": "#0"},
				"east": {"uv": [7, 5.5, 9.5, 6], "texture": "#0"},
				"south": {"uv": [7, 6, 9.5, 6.5], "texture": "#0"},
				"west": {"uv": [7, 6.5, 9.5, 7], "texture": "#0"},
				"up": {"uv": [9.5, 2.5, 7, 0], "texture": "#0"},
				"down": {"uv": [9.5, 2.5, 7, 5], "texture": "#0"}
			}
		}
	],
	"display": {
		"thirdperson_righthand": {
			"translation": [0, 5.75, 0]
		},
		"thirdperson_lefthand": {
			"translation": [0, 5.75, 0]
		},
		"firstperson_righthand": {
			"translation": [1.75, 5.75, 0]
		},
		"firstperson_lefthand": {
			"translation": [1.75, 5.75, 0]
		},
		"ground": {
			"translation": [0, 5.25, 0]
		},
		"gui": {
			"rotation": [-175.75, -16.5, 180],
			"translation": [0, 4, 0]
		},
		"head": {
			"translation": [1, 13.25, -0.75],
			"scale": [1.98828, 0.98047, 2.03516]
		},
		"fixed": {
			"translation": [0, 4.5, 0]
		}
	}
}