{
	"credit": "Made with Blockbench",
	"texture_size": [32, 32],
	"textures": {
		"0": "gun:minigun",
		"particle": "gun:minigun"
	},
	"elements": [
		{
			"from": [7, 1, 1],
			"to": [8, 5, 2],
			"faces": {
				"north": {"uv": [1, 5.5, 1.5, 7.5], "texture": "#0"},
				"east": {"uv": [1.5, 5.5, 2, 7.5], "texture": "#0"},
				"south": {"uv": [2, 5.5, 2.5, 7.5], "texture": "#0"},
				"west": {"uv": [2.5, 5.5, 3, 7.5], "texture": "#0"},
				"up": {"uv": [6.5, 3, 6, 2.5], "texture": "#0"},
				"down": {"uv": [7.5, 2, 7, 2.5], "texture": "#0"}
			}
		},
		{
			"from": [7, 2, 2],
			"to": [8, 4, 3],
			"faces": {
				"north": {"uv": [6, 5.5, 6.5, 6.5], "texture": "#0"},
				"east": {"uv": [6.5, 1, 7, 2], "texture": "#0"},
				"south": {"uv": [6.5, 2, 7, 3], "texture": "#0"},
				"west": {"uv": [3, 6.5, 3.5, 7.5], "texture": "#0"},
				"up": {"uv": [7.5, 3, 7, 2.5], "texture": "#0"},
				"down": {"uv": [7.5, 4, 7, 4.5], "texture": "#0"}
			}
		},
		{
			"from": [7, 2, 3],
			"to": [8, 5, 14],
			"faces": {
				"north": {"uv": [5.5, 4, 6, 5.5], "texture": "#0"},
				"east": {"uv": [0, 0, 5.5, 1.5], "texture": "#0"},
				"south": {"uv": [5.5, 5.5, 6, 7], "texture": "#0"},
				"west": {"uv": [0, 1.5, 5.5, 3], "texture": "#0"},
				"up": {"uv": [0.5, 8.5, 0, 3], "texture": "#0"},
				"down": {"uv": [1, 3, 0.5, 8.5], "texture": "#0"}
			}
		},
		{
			"from": [7, 5, 5],
			"to": [8, 6, 8],
			"faces": {
				"north": {"uv": [7, 4.5, 7.5, 5], "texture": "#0"},
				"east": {"uv": [6, 0, 7.5, 0.5], "texture": "#0"},
				"south": {"uv": [7, 5, 7.5, 5.5], "texture": "#0"},
				"west": {"uv": [6, 0.5, 7.5, 1], "texture": "#0"},
				"up": {"uv": [6.5, 2.5, 6, 1], "texture": "#0"},
				"down": {"uv": [6.5, 4, 6, 5.5], "texture": "#0"}
			}
		},
		{
			"from": [7, 4, 14],
			"to": [8, 5, 16],
			"faces": {
				"north": {"uv": [5.5, 7, 6, 7.5], "texture": "#0"},
				"east": {"uv": [6.5, 3, 7.5, 3.5], "texture": "#0"},
				"south": {"uv": [7, 5.5, 7.5, 6], "texture": "#0"},
				"west": {"uv": [6.5, 3.5, 7.5, 4], "texture": "#0"},
				"up": {"uv": [4, 7.5, 3.5, 6.5], "texture": "#0"},
				"down": {"uv": [7, 4, 6.5, 5], "texture": "#0"}
			}
		},
		{
			"from": [6, 1, 13],
			"to": [7, 2, 14],
			"faces": {
				"north": {"uv": [7, 6, 7.5, 6.5], "texture": "#0"},
				"east": {"uv": [6.5, 7, 7, 7.5], "texture": "#0"},
				"south": {"uv": [7, 6.5, 7.5, 7], "texture": "#0"},
				"west": {"uv": [7, 7, 7.5, 7.5], "texture": "#0"},
				"up": {"uv": [8, 0.5, 7.5, 0], "texture": "#0"},
				"down": {"uv": [8, 0.5, 7.5, 1], "texture": "#0"}
			}
		},
		{
			"from": [5, 0, 13],
			"to": [6, 1, 14],
			"faces": {
				"north": {"uv": [1, 7.5, 1.5, 8], "texture": "#0"},
				"east": {"uv": [7.5, 1, 8, 1.5], "texture": "#0"},
				"south": {"uv": [1.5, 7.5, 2, 8], "texture": "#0"},
				"west": {"uv": [7.5, 1.5, 8, 2], "texture": "#0"},
				"up": {"uv": [2.5, 8, 2, 7.5], "texture": "#0"},
				"down": {"uv": [8, 2, 7.5, 2.5], "texture": "#0"}
			}
		},
		{
			"from": [8, 1, 13],
			"to": [9, 2, 14],
			"faces": {
				"north": {"uv": [2.5, 7.5, 3, 8], "texture": "#0"},
				"east": {"uv": [7.5, 2.5, 8, 3], "texture": "#0"},
				"south": {"uv": [3, 7.5, 3.5, 8], "texture": "#0"},
				"west": {"uv": [7.5, 3, 8, 3.5], "texture": "#0"},
				"up": {"uv": [4, 8, 3.5, 7.5], "texture": "#0"},
				"down": {"uv": [8, 3.5, 7.5, 4], "texture": "#0"}
			}
		},
		{
			"from": [9, 0, 13],
			"to": [10, 1, 14],
			"faces": {
				"north": {"uv": [7.5, 4, 8, 4.5], "texture": "#0"},
				"east": {"uv": [7.5, 4.5, 8, 5], "texture": "#0"},
				"south": {"uv": [7.5, 5, 8, 5.5], "texture": "#0"},
				"west": {"uv": [5.5, 7.5, 6, 8], "texture": "#0"},
				"up": {"uv": [8, 6, 7.5, 5.5], "texture": "#0"},
				"down": {"uv": [6.5, 7.5, 6, 8], "texture": "#0"}
			}
		},
		{
			"from": [7, 0, 4],
			"to": [8, 2, 6],
			"faces": {
				"north": {"uv": [6.5, 5, 7, 6], "texture": "#0"},
				"east": {"uv": [3, 5.5, 4, 6.5], "texture": "#0"},
				"south": {"uv": [6, 6.5, 6.5, 7.5], "texture": "#0"},
				"west": {"uv": [5.5, 3, 6.5, 4], "texture": "#0"},
				"up": {"uv": [7, 7, 6.5, 6], "texture": "#0"},
				"down": {"uv": [7.5, 1, 7, 2], "texture": "#0"}
			}
		},
		{
			"from": [6, 1, 8],
			"to": [9, 3, 11],
			"faces": {
				"north": {"uv": [4, 3, 5.5, 4], "texture": "#0"},
				"east": {"uv": [4, 4, 5.5, 5], "texture": "#0"},
				"south": {"uv": [1, 4.5, 2.5, 5.5], "texture": "#0"},
				"west": {"uv": [2.5, 4.5, 4, 5.5], "texture": "#0"},
				"up": {"uv": [2.5, 4.5, 1, 3], "texture": "#0"},
				"down": {"uv": [4, 3, 2.5, 4.5], "texture": "#0"}
			}
		},
		{
			"from": [7, 0, 0],
			"to": [8, 6, 1],
			"faces": {
				"north": {"uv": [4, 5, 4.5, 8], "texture": "#0"},
				"east": {"uv": [4.5, 5, 5, 8], "texture": "#0"},
				"south": {"uv": [5, 5, 5.5, 8], "texture": "#0"},
				"west": {"uv": [5.5, 0, 6, 3], "texture": "#0"},
				"up": {"uv": [8, 6.5, 7.5, 6], "texture": "#0"},
				"down": {"uv": [7, 7.5, 6.5, 8], "texture": "#0"}
			}
		}
	],
	"display": {
		"thirdperson_righthand": {
			"rotation": [-1, -180, 0],
			"translation": [0, 8, -1.75]
		},
		"thirdperson_lefthand": {
			"rotation": [-1, -180, 0],
			"translation": [0, 8, -1.75]
		},
		"firstperson_righthand": {
			"rotation": [-180, 9.75, -180],
			"translation": [0, 15.25, 0]
		},
		"firstperson_lefthand": {
			"rotation": [-180, 9.75, -180],
			"translation": [0, 9, 0]
		},
		"ground": {
			"translation": [0, 7.25, 0]
		},
		"gui": {
			"rotation": [6, 24.75, 0],
			"translation": [0, 4.25, 0]
		},
		"fixed": {
			"rotation": [90, 0, -90],
			"translation": [5.75, 0, -1]
		}
	}
}