{
	"credit": "Made with Blockbench",
	"texture_size": [64, 64],
	"textures": {
		"0": "hattextures/doug",
		"particle": "hattextures/doug"
	},
	"elements": [
		{
			"from": [2, 1, 2],
			"to": [14, 3, 14],
			"faces": {
				"north": {"uv": [3, 10.75, 6, 11.25], "texture": "#0"},
				"east": {"uv": [6, 10.75, 9, 11.25], "texture": "#0"},
				"south": {"uv": [3, 11.25, 6, 11.75], "texture": "#0"},
				"west": {"uv": [6, 11.25, 9, 11.75], "texture": "#0"},
				"up": {"uv": [12, 3, 9, 0], "texture": "#0"},
				"down": {"uv": [12, 3, 9, 6], "texture": "#0"}
			}
		},
		{
			"from": [2, 3, 2],
			"to": [14, 32, 14],
			"faces": {
				"north": {"uv": [0, 0, 3, 7.25], "texture": "#0"},
				"east": {"uv": [3, 0, 6, 7.25], "texture": "#0"},
				"south": {"uv": [6, 0, 9, 7.25], "texture": "#0"},
				"west": {"uv": [0, 7.25, 3, 14.5], "texture": "#0"},
				"up": {"uv": [13, 9, 10, 6], "texture": "#0"},
				"down": {"uv": [13, 9, 10, 12], "texture": "#0"}
			}
		},
		{
			"from": [1, 0, 1],
			"to": [15, 1, 15],
			"faces": {
				"north": {"uv": [3, 11.75, 6.5, 12], "texture": "#0"},
				"east": {"uv": [6.5, 11.75, 10, 12], "texture": "#0"},
				"south": {"uv": [12, 0, 15.5, 0.25], "texture": "#0"},
				"west": {"uv": [12, 0.25, 15.5, 0.5], "texture": "#0"},
				"up": {"uv": [6.5, 10.75, 3, 7.25], "texture": "#0"},
				"down": {"uv": [10, 7.25, 6.5, 10.75], "texture": "#0"}
			}
		}
	]
}