{
	"credit": "Made with Blockbench",
	"texture_size": [32, 32],
	"textures": {
		"0": "hats/flat_cap",
		"particle": "hats/flat_cap"
	},
	"elements": [
		{
			"from": [-4, 0, 1],
			"to": [3, 1, 15],
			"faces": {
				"north": {"uv": [0, 7, 3.5, 7.5], "texture": "#0"},
				"east": {"uv": [0, 8, 7, 8.5], "texture": "#0"},
				"south": {"uv": [0, 7, 3.5, 7.5], "texture": "#0"},
				"west": {"uv": [0, 8, 7, 8.5], "texture": "#0"},
				"up": {"uv": [0, 0, 3.5, 7], "texture": "#0"},
				"down": {"uv": [0, 9, 3.5, 16], "texture": "#0"}
			}
		},
		{
			"from": [3, 0, 1],
			"to": [15, 2, 15],
			"faces": {
				"north": {"uv": [10, 14, 16, 15], "texture": "#0"},
				"east": {"uv": [9, 15, 16, 16], "texture": "#0"},
				"south": {"uv": [10, 14, 16, 15], "texture": "#0"},
				"west": {"uv": [9, 15, 16, 16], "texture": "#0"},
				"up": {"uv": [10, 0, 16, 7], "texture": "#0"},
				"down": {"uv": [4, 0, 10, 7], "texture": "#0"}
			}
		}
	],
	"display": {
		"thirdperson_righthand": {
			"rotation": [22, 95, 0.75],
			"translation": [-0.5, 4, -3],
			"scale": [0.52, 0.52, 0.52]
		},
		"thirdperson_lefthand": {
			"rotation": [22, 95, 0.75],
			"translation": [-0.5, 2.25, -0.75],
			"scale": [0.52, 0.52, 0.52]
		},
		"firstperson_righthand": {
			"rotation": [-16, -83, 0],
			"translation": [0.75, 5.25, 2],
			"scale": [0.41, 0.41, 0.41]
		},
		"firstperson_lefthand": {
			"rotation": [-16, 447, 0],
			"translation": [0.75, 5.25, 2],
			"scale": [0.41, 0.41, 0.41]
		},
		"ground": {
			"translation": [0, 2.75, 0],
			"scale": [0.61, 0.61, 0.61]
		},
		"gui": {
			"rotation": [0, 44, 15.75],
			"translation": [-0.75, 4.75, 0],
			"scale": [0.77, 1.39109, 0.77]
		},
		"head": {
			"rotation": [-4.25, -87, 0],
			"translation": [0, 14.25, -1.5]
		},
		"fixed": {
			"rotation": [-30.5, -93.25, 0],
			"translation": [0, -2.5, -9.25]
		}
	}
}