{
	"credit": "Made with Blockbench",
	"textures": {
		"2": "hats/hat_2",
		"particle": "hats/hat_2"
	},
	"elements": [
		{
			"from": [2, 0, 4],
			"to": [4, 1, 12],
			"rotation": {"angle": -22.5, "axis": "z", "origin": [3, 0, 8]},
			"faces": {
				"north": {"uv": [0, 0, 4, 1], "texture": "#2"},
				"east": {"uv": [0, 2, 8, 3], "texture": "#2"},
				"south": {"uv": [0, 0, 4, 1], "rotation": 180, "texture": "#2"},
				"west": {"uv": [0, 3, 8, 4], "texture": "#2"},
				"up": {"uv": [12, 0, 16, 8], "texture": "#2"},
				"down": {"uv": [8, 0, 12, 8], "texture": "#2"}
			}
		},
		{
			"from": [4, 0, 2],
			"to": [12, 1, 4],
			"rotation": {"angle": 22.5, "axis": "x", "origin": [8, 0, 3]},
			"faces": {
				"north": {"uv": [0, 3, 8, 4], "texture": "#2"},
				"east": {"uv": [0, 0, 4, 1], "texture": "#2"},
				"south": {"uv": [0, 2, 8, 3], "texture": "#2"},
				"west": {"uv": [0, 0, 4, 1], "rotation": 180, "texture": "#2"},
				"up": {"uv": [12, 0, 16, 8], "rotation": 90, "texture": "#2"},
				"down": {"uv": [8, 0, 12, 8], "rotation": 270, "texture": "#2"}
			}
		},
		{
			"from": [4, 0, 12],
			"to": [12, 1, 14],
			"rotation": {"angle": -22.5, "axis": "x", "origin": [8, 0, 13]},
			"faces": {
				"north": {"uv": [0, 2, 8, 3], "texture": "#2"},
				"east": {"uv": [0, 0, 4, 1], "rotation": 180, "texture": "#2"},
				"south": {"uv": [0, 3, 8, 4], "texture": "#2"},
				"west": {"uv": [0, 0, 4, 1], "texture": "#2"},
				"up": {"uv": [16, 8, 12, 0], "rotation": 90, "texture": "#2"},
				"down": {"uv": [12, 8, 8, 0], "rotation": 270, "texture": "#2"}
			}
		},
		{
			"from": [12, 0, 4],
			"to": [14, 1, 12],
			"rotation": {"angle": 22.5, "axis": "z", "origin": [13, 0, 8]},
			"faces": {
				"north": {"uv": [4, 0, 0, 1], "texture": "#2"},
				"east": {"uv": [8, 3, 0, 4], "texture": "#2"},
				"south": {"uv": [4, 0, 0, 1], "rotation": 180, "texture": "#2"},
				"west": {"uv": [8, 2, 0, 3], "texture": "#2"},
				"up": {"uv": [16, 0, 12, 8], "texture": "#2"},
				"down": {"uv": [12, 0, 8, 8], "texture": "#2"}
			}
		},
		{
			"from": [4, 2, 4],
			"to": [12, 5, 12],
			"rotation": {"angle": 0, "axis": "y", "origin": [4, 0, 4]},
			"faces": {
				"north": {"uv": [0, 4, 8, 8], "texture": "#2"},
				"east": {"uv": [0, 4, 8, 8], "texture": "#2"},
				"south": {"uv": [0, 4, 8, 8], "texture": "#2"},
				"west": {"uv": [0, 4, 8, 8], "texture": "#2"},
				"up": {"uv": [15, 14, 16, 15], "texture": "#2"},
				"down": {"uv": [0, 0, 8, 8], "texture": "#2"}
			}
		},
		{
			"from": [5, 5, 5],
			"to": [11, 6, 11],
			"rotation": {"angle": 0, "axis": "y", "origin": [4, 4, 4]},
			"faces": {
				"north": {"uv": [10, 8, 16, 9], "texture": "#2"},
				"east": {"uv": [10, 8, 16, 9], "texture": "#2"},
				"south": {"uv": [10, 8, 16, 9], "texture": "#2"},
				"west": {"uv": [10, 8, 16, 9], "texture": "#2"},
				"up": {"uv": [10, 9, 16, 15], "texture": "#2"},
				"down": {"uv": [10, 10, 16, 16], "texture": "#2"}
			}
		},
		{
			"from": [4, 0, 4],
			"to": [12, 2, 12],
			"rotation": {"angle": 0, "axis": "y", "origin": [4, -1, 4]},
			"faces": {
				"north": {"uv": [0, 1, 8, 2], "texture": "#2"},
				"east": {"uv": [0, 1, 8, 2], "texture": "#2"},
				"south": {"uv": [0, 1, 8, 2], "texture": "#2"},
				"west": {"uv": [0, 1, 8, 2], "texture": "#2"},
				"up": {"uv": [0, 0, 8, 8], "texture": "#2"},
				"down": {"uv": [0, 8, 8, 16], "texture": "#2"}
			}
		}
	],
	"display": {
		"thirdperson_righthand": {
			"rotation": [33, 0, 0],
			"translation": [0, 7, 0]
		},
		"thirdperson_lefthand": {
			"rotation": [33, 0, 0],
			"translation": [0, 7, 0]
		},
		"firstperson_righthand": {
			"translation": [4, 5, 0]
		},
		"firstperson_lefthand": {
			"translation": [4, 5, 0]
		},
		"ground": {
			"translation": [0, 4.25, 0]
		},
		"gui": {
			"rotation": [16.75, -16.25, 0],
			"translation": [-0.25, 2.25, 0],
			"scale": [1.26, 1.26, 1.26]
		},
		"head": {
			"translation": [0, 15.25, 0],
			"scale": [1.7, 1.39, 1.7]
		},
		"fixed": {
			"rotation": [-5, 0, 0],
			"translation": [0, 7, -0.25],
			"scale": [1.25, 1.25, 1.25]
		}
	}
}