{
	"credit": "Made with Blockbench",
	"texture_size": [32, 32],
	"textures": {
		"0": "hattextures/mickey",
		"particle": "hattextures/mickey"
	},
	"elements": [
		{
			"from": [10, 0, 9],
			"to": [16, 6, 10],
			"faces": {
				"north": {"uv": [3, 0, 6, 3], "texture": "#0"},
				"east": {"uv": [3.5, 6, 4, 9], "texture": "#0"},
				"south": {"uv": [3, 3, 6, 6], "texture": "#0"},
				"west": {"uv": [6, 3.5, 6.5, 6.5], "texture": "#0"},
				"up": {"uv": [9.5, 0.5, 6.5, 0], "texture": "#0"},
				"down": {"uv": [3.5, 6.5, 0.5, 7], "texture": "#0"}
			}
		},
		{
			"from": [0, 0, 9],
			"to": [6, 6, 10],
			"faces": {
				"north": {"uv": [0, 0, 3, 3], "texture": "#0"},
				"east": {"uv": [0, 6, 0.5, 9], "texture": "#0"},
				"south": {"uv": [0, 3, 3, 6], "texture": "#0"},
				"west": {"uv": [6, 0, 6.5, 3], "texture": "#0"},
				"up": {"uv": [3.5, 6.5, 0.5, 6], "texture": "#0"},
				"down": {"uv": [9, 3, 6, 3.5], "texture": "#0"}
			}
		}
	],
	"display": {
		"thirdperson_righthand": {
			"translation": [0, 7.5, 0]
		},
		"thirdperson_lefthand": {
			"translation": [0, 7.5, 0]
		},
		"firstperson_righthand": {
			"rotation": [0, -44.25, 0],
			"translation": [1, 5.25, 0],
			"scale": [0.5, 0.5, 0.5]
		},
		"firstperson_lefthand": {
			"rotation": [0, -44.25, 0],
			"translation": [1, 5.25, 0],
			"scale": [0.5, 0.5, 0.5]
		},
		"ground": {
			"translation": [0, 8, 0]
		},
		"gui": {
			"translation": [0, 4.5, 0]
		},
		"head": {
			"translation": [0, 16.25, -2.25],
			"scale": [1.5, 1.5, 1.5]
		},
		"fixed": {
			"translation": [0, 5, -2.25]
		}
	}
}