{
	"credit": "Made with Blockbench",
	"texture_size": [61, 61],
	"textures": {
		"1": "hattextures/technocrown",
		"particle": "hattextures/technocrown"
	},
	"elements": [
		{
			"from": [0, 0, 0],
			"to": [8, 3, 8],
			"faces": {
				"north": {"uv": [4, 7, 8.01311, 8.44262], "texture": "#0"},
				"east": {"uv": [12.08197, 7, 16, 8.44262], "texture": "#0"},
				"south": {"uv": [8.18033, 7, 12.19344, 8.44262], "texture": "#0"},
				"west": {"uv": [0, 7, 4.01311, 8.44262], "texture": "#0"},
				"up": {"uv": [11.90164, 2, 14, 4.09836], "texture": "#0"},
				"down": {"uv": [5.40164, 2.5, 7.5, 4.59836], "texture": "#0"}
			}
		}
	],
	"display": {
		"thirdperson_righthand": {
			"translation": [0, 8, 2]
		},
		"thirdperson_lefthand": {
			"translation": [0, 8, 2]
		},
		"firstperson_righthand": {
			"translation": [5, 7, 1.5],
			"scale": [1, 1.27, 1]
		},
		"ground": {
			"translation": [5.75, 4.25, 5.25]
		},
		"gui": {
			"translation": [3.5, 6, 0]
		},
		"head": {
			"translation": [6.65, 15, 6.5],
			"scale": [1.65, 1.49, 1.66]
		},
		"fixed": {
			"translation": [4.5, 7.75, 0]
		}
	}
}